date,store_id,product_id,on_hand_system
2025-03-01,1,101,86.52
2025-03-01,1,102,90.0
2025-03-01,1,103,24.0
2025-03-01,1,104,24.25
2025-03-01,1,105,67.35
2025-03-01,1,106,29.5
2025-03-01,1,107,59.0
2025-03-01,1,108,81.0
2025-03-01,1,109,28.0
2025-03-01,1,110,79.57
2025-03-01,1,111,30.04
2025-03-01,1,112,32.0
2025-03-01,1,113,71.0
2025-03-01,1,114,18.0
2025-03-01,1,115,21.0
2025-03-01,1,116,44.0
2025-03-01,1,117,81.0
2025-03-01,1,118,65.0
2025-03-01,1,119,45.0
2025-03-01,1,120,38.0
2025-03-01,1,121,19.0
2025-03-01,1,122,29.0
2025-03-01,1,123,44.0
2025-03-01,1,124,37.0
2025-03-01,1,125,27.0
2025-03-01,1,126,41.0
2025-03-01,1,127,18.44
2025-03-01,1,128,20.32
2025-03-01,1,129,11.12
2025-03-01,1,130,13.46
2025-03-01,1,131,11.0
2025-03-01,1,132,5.0
2025-03-01,1,133,35.0
2025-03-01,1,134,3.0
2025-03-01,1,135,18.0
2025-03-01,1,136,22.0
2025-03-01,1,137,11.0
2025-03-01,1,138,39.0
2025-03-01,1,139,21.0
2025-03-01,1,140,14.0
2025-03-01,1,141,0.0
2025-03-01,1,142,13.0
2025-03-01,1,143,1.0
2025-03-01,1,144,14.0
2025-03-01,1,145,10.0
2025-03-01,1,146,11.0
2025-03-01,1,147,22.0
2025-03-01,1,148,12.0
2025-03-01,1,149,8.0
2025-03-01,1,150,5.0
2025-03-01,1,151,14.0
2025-03-01,1,152,6.0
2025-03-01,1,153,5.0
2025-03-01,1,154,23.57
2025-03-01,1,155,12.29
2025-03-01,1,156,25.6
2025-03-01,1,157,22.82
2025-03-01,1,158,19.0
2025-03-01,1,159,10.2
2025-03-01,1,160,18.0
2025-03-02,1,101,52.01
2025-03-02,1,102,59.0
2025-03-02,1,103,36.0
2025-03-02,1,104,16.21
2025-03-02,1,105,46.35
2025-03-02,1,106,20.68
2025-03-02,1,107,50.0
2025-03-02,1,108,57.0
2025-03-02,1,109,19.0
2025-03-02,1,110,64.96
2025-03-02,1,111,12.48
2025-03-02,1,112,38.0
2025-03-02,1,113,58.0
2025-03-02,1,114,18.0
2025-03-02,1,115,35.0
2025-03-02,1,116,45.0
2025-03-02,1,117,52.0
2025-03-02,1,118,57.0
2025-03-02,1,119,16.0
2025-03-02,1,120,29.0
2025-03-02,1,121,28.0
2025-03-02,1,122,25.0
2025-03-02,1,123,66.0
2025-03-02,1,124,22.0
2025-03-02,1,125,16.0
2025-03-02,1,126,42.0
2025-03-02,1,127,25.27
2025-03-02,1,128,14.26
2025-03-02,1,129,11.86
2025-03-02,1,130,11.58
2025-03-02,1,131,15.0
2025-03-02,1,132,15.0
2025-03-02,1,133,39.0
2025-03-02,1,134,0.0
2025-03-02,1,135,19.0
2025-03-02,1,136,25.0
2025-03-02,1,137,8.0
2025-03-02,1,138,25.0
2025-03-02,1,139,12.0
2025-03-02,1,140,18.0
2025-03-02,1,141,0.0
2025-03-02,1,142,22.0
2025-03-02,1,143,0.0
2025-03-02,1,144,27.0
2025-03-02,1,145,17.0
2025-03-02,1,146,25.0
2025-03-02,1,147,31.0
2025-03-02,1,148,12.0
2025-03-02,1,149,4.0
2025-03-02,1,150,4.0
2025-03-02,1,151,24.0
2025-03-02,1,152,11.0
2025-03-02,1,153,5.0
2025-03-02,1,154,16.23
2025-03-02,1,155,8.2
2025-03-02,1,156,20.44
2025-03-02,1,157,19.23
2025-03-02,1,158,11.0
2025-03-02,1,159,10.33
2025-03-02,1,160,27.0
2025-03-03,1,101,106.17
2025-03-03,1,102,100.0
2025-03-03,1,103,24.0
2025-03-03,1,104,43.72
2025-03-03,1,105,32.04
2025-03-03,1,106,33.79
2025-03-03,1,107,39.0
2025-03-03,1,108,47.0
2025-03-03,1,109,53.0
2025-03-03,1,110,51.08
2025-03-03,1,111,40.68
2025-03-03,1,112,26.0
2025-03-03,1,113,46.0
2025-03-03,1,114,17.0
2025-03-03,1,115,29.0
2025-03-03,1,116,49.0
2025-03-03,1,117,73.0
2025-03-03,1,118,34.0
2025-03-03,1,119,34.0
2025-03-03,1,120,25.0
2025-03-03,1,121,18.0
2025-03-03,1,122,29.0
2025-03-03,1,123,53.0
2025-03-03,1,124,37.0
2025-03-03,1,125,31.0
2025-03-03,1,126,30.0
2025-03-03,1,127,27.64
2025-03-03,1,128,20.51
2025-03-03,1,129,17.98
2025-03-03,1,130,7.35
2025-03-03,1,131,10.0
2025-03-03,1,132,24.0
2025-03-03,1,133,47.0
2025-03-03,1,134,9.0
2025-03-03,1,135,29.0
2025-03-03,1,136,22.0
2025-03-03,1,137,10.0
2025-03-03,1,138,36.0
2025-03-03,1,139,16.0
2025-03-03,1,140,35.0
2025-03-03,1,141,4.0
2025-03-03,1,142,37.0
2025-03-03,1,143,10.0
2025-03-03,1,144,35.0
2025-03-03,1,145,22.0
2025-03-03,1,146,20.0
2025-03-03,1,147,36.0
2025-03-03,1,148,15.0
2025-03-03,1,149,9.0
2025-03-03,1,150,12.0
2025-03-03,1,151,32.0
2025-03-03,1,152,18.0
2025-03-03,1,153,6.0
2025-03-03,1,154,24.31
2025-03-03,1,155,24.76
2025-03-03,1,156,19.01
2025-03-03,1,157,13.45
2025-03-03,1,158,19.0
2025-03-03,1,159,10.68
2025-03-03,1,160,12.0
2025-03-04,1,101,83.33
2025-03-04,1,102,71.0
2025-03-04,1,103,39.0
2025-03-04,1,104,36.39
2025-03-04,1,105,56.42
2025-03-04,1,106,23.38
2025-03-04,1,107,24.0
2025-03-04,1,108,24.0
2025-03-04,1,109,44.0
2025-03-04,1,110,38.75
2025-03-04,1,111,32.16
2025-03-04,1,112,51.0
2025-03-04,1,113,30.0
2025-03-04,1,114,16.0
2025-03-04,1,115,19.0
2025-03-04,1,116,31.0
2025-03-04,1,117,47.0
2025-03-04,1,118,55.0
2025-03-04,1,119,24.0
2025-03-04,1,120,18.0
2025-03-04,1,121,27.0
2025-03-04,1,122,36.0
2025-03-04,1,123,44.0
2025-03-04,1,124,29.0
2025-03-04,1,125,25.0
2025-03-04,1,126,42.0
2025-03-04,1,127,31.07
2025-03-04,1,128,21.15
2025-03-04,1,129,11.74
2025-03-04,1,130,14.58
2025-03-04,1,131,18.0
2025-03-04,1,132,33.0
2025-03-04,1,133,51.0
2025-03-04,1,134,8.0
2025-03-04,1,135,21.0
2025-03-04,1,136,29.0
2025-03-04,1,137,20.0
2025-03-04,1,138,39.0
2025-03-04,1,139,24.0
2025-03-04,1,140,28.0
2025-03-04,1,141,4.0
2025-03-04,1,142,28.0
2025-03-04,1,143,20.0
2025-03-04,1,144,30.0
2025-03-04,1,145,19.0
2025-03-04,1,146,17.0
2025-03-04,1,147,26.0
2025-03-04,1,148,7.0
2025-03-04,1,149,9.0
2025-03-04,1,150,20.0
2025-03-04,1,151,37.0
2025-03-04,1,152,17.0
2025-03-04,1,153,8.0
2025-03-04,1,154,14.67
2025-03-04,1,155,21.91
2025-03-04,1,156,16.75
2025-03-04,1,157,9.32
2025-03-04,1,158,17.0
2025-03-04,1,159,8.31
2025-03-04,1,160,6.0
2025-03-05,1,101,52.38
2025-03-05,1,102,123.0
2025-03-05,1,103,21.0
2025-03-05,1,104,29.72
2025-03-05,1,105,44.58
2025-03-05,1,106,35.7
2025-03-05,1,107,68.0
2025-03-05,1,108,56.0
2025-03-05,1,109,33.0
2025-03-05,1,110,74.21
2025-03-05,1,111,24.77
2025-03-05,1,112,43.0
2025-03-05,1,113,18.0
2025-03-05,1,114,15.0
2025-03-05,1,115,30.0
2025-03-05,1,116,60.0
2025-03-05,1,117,81.0
2025-03-05,1,118,63.0
2025-03-05,1,119,21.0
2025-03-05,1,120,34.0
2025-03-05,1,121,22.0
2025-03-05,1,122,26.0
2025-03-05,1,123,67.0
2025-03-05,1,124,21.0
2025-03-05,1,125,23.0
2025-03-05,1,126,15.0
2025-03-05,1,127,19.77
2025-03-05,1,128,20.51
2025-03-05,1,129,5.7
2025-03-05,1,130,9.87
2025-03-05,1,131,13.0
2025-03-05,1,132,26.0
2025-03-05,1,133,46.0
2025-03-05,1,134,1.0
2025-03-05,1,135,10.0
2025-03-05,1,136,24.0
2025-03-05,1,137,18.0
2025-03-05,1,138,30.0
2025-03-05,1,139,20.0
2025-03-05,1,140,33.0
2025-03-05,1,141,0.0
2025-03-05,1,142,21.0
2025-03-05,1,143,1.0
2025-03-05,1,144,25.0
2025-03-05,1,145,17.0
2025-03-05,1,146,12.0
2025-03-05,1,147,24.0
2025-03-05,1,148,1.0
2025-03-05,1,149,7.0
2025-03-05,1,150,23.0
2025-03-05,1,151,30.0
2025-03-05,1,152,27.0
2025-03-05,1,153,6.0
2025-03-05,1,154,27.32
2025-03-05,1,155,19.71
2025-03-05,1,156,13.47
2025-03-05,1,157,23.47
2025-03-05,1,158,11.0
2025-03-05,1,159,12.47
2025-03-05,1,160,12.0
2025-03-06,1,101,80.93
2025-03-06,1,102,98.0
2025-03-06,1,103,40.0
2025-03-06,1,104,21.81
2025-03-06,1,105,29.86
2025-03-06,1,106,24.75
2025-03-06,1,107,54.0
2025-03-06,1,108,38.0
2025-03-06,1,109,22.0
2025-03-06,1,110,61.99
2025-03-06,1,111,30.56
2025-03-06,1,112,30.0
2025-03-06,1,113,110.0
2025-03-06,1,114,12.0
2025-03-06,1,115,18.0
2025-03-06,1,116,32.0
2025-03-06,1,117,58.0
2025-03-06,1,118,36.0
2025-03-06,1,119,24.0
2025-03-06,1,120,21.0
2025-03-06,1,121,13.0
2025-03-06,1,122,25.0
2025-03-06,1,123,28.0
2025-03-06,1,124,34.0
2025-03-06,1,125,11.0
2025-03-06,1,126,40.0
2025-03-06,1,127,17.21
2025-03-06,1,128,18.74
2025-03-06,1,129,11.47
2025-03-06,1,130,14.13
2025-03-06,1,131,22.0
2025-03-06,1,132,28.0
2025-03-06,1,133,41.0
2025-03-06,1,134,9.0
2025-03-06,1,135,17.0
2025-03-06,1,136,24.0
2025-03-06,1,137,15.0
2025-03-06,1,138,36.0
2025-03-06,1,139,22.0
2025-03-06,1,140,31.0
2025-03-06,1,141,0.0
2025-03-06,1,142,16.0
2025-03-06,1,143,12.0
2025-03-06,1,144,29.0
2025-03-06,1,145,14.0
2025-03-06,1,146,7.0
2025-03-06,1,147,14.0
2025-03-06,1,148,8.0
2025-03-06,1,149,7.0
2025-03-06,1,150,20.0
2025-03-06,1,151,17.0
2025-03-06,1,152,21.0
2025-03-06,1,153,2.0
2025-03-06,1,154,14.13
2025-03-06,1,155,16.33
2025-03-06,1,156,10.56
2025-03-06,1,157,19.89
2025-03-06,1,158,19.0
2025-03-06,1,159,8.06
2025-03-06,1,160,19.0
2025-03-07,1,101,51.85
2025-03-07,1,102,53.0
2025-03-07,1,103,36.0
2025-03-07,1,104,28.58
2025-03-07,1,105,51.09
2025-03-07,1,106,36.38
2025-03-07,1,107,45.0
2025-03-07,1,108,64.0
2025-03-07,1,109,28.0
2025-03-07,1,110,37.22
2025-03-07,1,111,24.18
2025-03-07,1,112,41.0
2025-03-07,1,113,100.0
2025-03-07,1,114,11.0
2025-03-07,1,115,38.0
2025-03-07,1,116,55.0
2025-03-07,1,117,76.0
2025-03-07,1,118,55.0
2025-03-07,1,119,25.0
2025-03-07,1,120,40.0
2025-03-07,1,121,38.0
2025-03-07,1,122,30.0
2025-03-07,1,123,52.0
2025-03-07,1,124,32.0
2025-03-07,1,125,39.0
2025-03-07,1,126,38.0
2025-03-07,1,127,13.3
2025-03-07,1,128,17.13
2025-03-07,1,129,17.38
2025-03-07,1,130,9.6
2025-03-07,1,131,19.0
2025-03-07,1,132,19.0
2025-03-07,1,133,38.0
2025-03-07,1,134,21.0
2025-03-07,1,135,16.0
2025-03-07,1,136,19.0
2025-03-07,1,137,9.0
2025-03-07,1,138,35.0
2025-03-07,1,139,12.0
2025-03-07,1,140,28.0
2025-03-07,1,141,6.0
2025-03-07,1,142,18.0
2025-03-07,1,143,0.0
2025-03-07,1,144,19.0
2025-03-07,1,145,22.0
2025-03-07,1,146,29.0
2025-03-07,1,147,20.0
2025-03-07,1,148,7.0
2025-03-07,1,149,5.0
2025-03-07,1,150,16.0
2025-03-07,1,151,21.0
2025-03-07,1,152,9.0
2025-03-07,1,153,6.0
2025-03-07,1,154,30.38
2025-03-07,1,155,12.09
2025-03-07,1,156,7.1
2025-03-07,1,157,14.24
2025-03-07,1,158,12.0
2025-03-07,1,159,13.71
2025-03-07,1,160,22.0
2025-03-08,1,101,91.05
2025-03-08,1,102,90.0
2025-03-08,1,103,43.0
2025-03-08,1,104,21.32
2025-03-08,1,105,53.99
2025-03-08,1,106,19.26
2025-03-08,1,107,70.0
2025-03-08,1,108,67.0
2025-03-08,1,109,34.0
2025-03-08,1,110,69.6
2025-03-08,1,111,30.57
2025-03-08,1,112,43.0
2025-03-08,1,113,94.0
2025-03-08,1,114,11.0
2025-03-08,1,115,29.0
2025-03-08,1,116,63.0
2025-03-08,1,117,66.0
2025-03-08,1,118,59.0
2025-03-08,1,119,31.0
2025-03-08,1,120,20.0
2025-03-08,1,121,28.0
2025-03-08,1,122,36.0
2025-03-08,1,123,47.0
2025-03-08,1,124,24.0
2025-03-08,1,125,32.0
2025-03-08,1,126,35.0
2025-03-08,1,127,21.12
2025-03-08,1,128,18.49
2025-03-08,1,129,20.24
2025-03-08,1,130,14.79
2025-03-08,1,131,26.0
2025-03-08,1,132,18.0
2025-03-08,1,133,35.0
2025-03-08,1,134,26.0
2025-03-08,1,135,15.0
2025-03-08,1,136,20.0
2025-03-08,1,137,5.0
2025-03-08,1,138,17.0
2025-03-08,1,139,19.0
2025-03-08,1,140,14.0
2025-03-08,1,141,3.0
2025-03-08,1,142,12.0
2025-03-08,1,143,5.0
2025-03-08,1,144,19.0
2025-03-08,1,145,14.0
2025-03-08,1,146,28.0
2025-03-08,1,147,30.0
2025-03-08,1,148,14.0
2025-03-08,1,149,9.0
2025-03-08,1,150,21.0
2025-03-08,1,151,15.0
2025-03-08,1,152,14.0
2025-03-08,1,153,1.0
2025-03-08,1,154,17.5
2025-03-08,1,155,8.25
2025-03-08,1,156,3.75
2025-03-08,1,157,11.13
2025-03-08,1,158,11.0
2025-03-08,1,159,8.92
2025-03-08,1,160,12.0
2025-03-09,1,101,58.23
2025-03-09,1,102,58.0
2025-03-09,1,103,19.0
2025-03-09,1,104,27.41
2025-03-09,1,105,41.85
2025-03-09,1,106,37.33
2025-03-09,1,107,58.0
2025-03-09,1,108,49.0
2025-03-09,1,109,29.0
2025-03-09,1,110,47.91
2025-03-09,1,111,17.93
2025-03-09,1,112,27.0
2025-03-09,1,113,79.0
2025-03-09,1,114,10.0
2025-03-09,1,115,7.0
2025-03-09,1,116,35.0
2025-03-09,1,117,72.0
2025-03-09,1,118,52.0
2025-03-09,1,119,15.0
2025-03-09,1,120,34.0
2025-03-09,1,121,15.0
2025-03-09,1,122,41.0
2025-03-09,1,123,60.0
2025-03-09,1,124,38.0
2025-03-09,1,125,21.0
2025-03-09,1,126,31.0
2025-03-09,1,127,47.34
2025-03-09,1,128,16.26
2025-03-09,1,129,13.89
2025-03-09,1,130,15.02
2025-03-09,1,131,17.0
2025-03-09,1,132,26.0
2025-03-09,1,133,32.0
2025-03-09,1,134,23.0
2025-03-09,1,135,21.0
2025-03-09,1,136,18.0
2025-03-09,1,137,14.0
2025-03-09,1,138,17.0
2025-03-09,1,139,22.0
2025-03-09,1,140,18.0
2025-03-09,1,141,0.0
2025-03-09,1,142,19.0
2025-03-09,1,143,0.0
2025-03-09,1,144,25.0
2025-03-09,1,145,18.0
2025-03-09,1,146,23.0
2025-03-09,1,147,37.0
2025-03-09,1,148,9.0
2025-03-09,1,149,7.0
2025-03-09,1,150,14.0
2025-03-09,1,151,21.0
2025-03-09,1,152,14.0
2025-03-09,1,153,2.0
2025-03-09,1,154,10.54
2025-03-09,1,155,24.87
2025-03-09,1,156,22.95
2025-03-09,1,157,23.98
2025-03-09,1,158,15.0
2025-03-09,1,159,15.58
2025-03-09,1,160,19.0
2025-03-10,1,101,86.8
2025-03-10,1,102,95.0
2025-03-10,1,103,41.0
2025-03-10,1,104,19.46
2025-03-10,1,105,28.11
2025-03-10,1,106,31.21
2025-03-10,1,107,43.0
2025-03-10,1,108,29.0
2025-03-10,1,109,19.0
2025-03-10,1,110,27.89
2025-03-10,1,111,51.53
2025-03-10,1,112,44.0
2025-03-10,1,113,64.0
2025-03-10,1,114,9.0
2025-03-10,1,115,34.0
2025-03-10,1,116,65.0
2025-03-10,1,117,33.0
2025-03-10,1,118,65.0
2025-03-10,1,119,33.0
2025-03-10,1,120,20.0
2025-03-10,1,121,47.0
2025-03-10,1,122,31.0
2025-03-10,1,123,37.0
2025-03-10,1,124,16.0
2025-03-10,1,125,35.0
2025-03-10,1,126,31.0
2025-03-10,1,127,31.13
2025-03-10,1,128,22.33
2025-03-10,1,129,18.37
2025-03-10,1,130,10.01
2025-03-10,1,131,8.0
2025-03-10,1,132,39.0
2025-03-10,1,133,45.0
2025-03-10,1,134,18.0
2025-03-10,1,135,32.0
2025-03-10,1,136,27.0
2025-03-10,1,137,17.0
2025-03-10,1,138,27.0
2025-03-10,1,139,16.0
2025-03-10,1,140,32.0
2025-03-10,1,141,0.0
2025-03-10,1,142,21.0
2025-03-10,1,143,0.0
2025-03-10,1,144,30.0
2025-03-10,1,145,16.0
2025-03-10,1,146,20.0
2025-03-10,1,147,31.0
2025-03-10,1,148,28.0
2025-03-10,1,149,8.0
2025-03-10,1,150,15.0
2025-03-10,1,151,23.0
2025-03-10,1,152,32.0
2025-03-10,1,153,2.0
2025-03-10,1,154,27.36
2025-03-10,1,155,23.23
2025-03-10,1,156,21.34
2025-03-10,1,157,19.06
2025-03-10,1,158,11.0
2025-03-10,1,159,11.41
2025-03-10,1,160,29.0
2025-03-11,1,101,69.05
2025-03-11,1,102,64.0
2025-03-11,1,103,27.0
2025-03-11,1,104,15.53
2025-03-11,1,105,46.44
2025-03-11,1,106,24.5
2025-03-11,1,107,19.0
2025-03-11,1,108,54.0
2025-03-11,1,109,44.0
2025-03-11,1,110,68.93
2025-03-11,1,111,43.8
2025-03-11,1,112,49.0
2025-03-11,1,113,53.0
2025-03-11,1,114,8.0
2025-03-11,1,115,28.0
2025-03-11,1,116,56.0
2025-03-11,1,117,76.0
2025-03-11,1,118,48.0
2025-03-11,1,119,26.0
2025-03-11,1,120,35.0
2025-03-11,1,121,37.0
2025-03-11,1,122,31.0
2025-03-11,1,123,49.0
2025-03-11,1,124,27.0
2025-03-11,1,125,16.0
2025-03-11,1,126,36.0
2025-03-11,1,127,28.77
2025-03-11,1,128,17.84
2025-03-11,1,129,14.27
2025-03-11,1,130,5.87
2025-03-11,1,131,9.0
2025-03-11,1,132,32.0
2025-03-11,1,133,50.0
2025-03-11,1,134,23.0
2025-03-11,1,135,26.0
2025-03-11,1,136,24.0
2025-03-11,1,137,10.0
2025-03-11,1,138,30.0
2025-03-11,1,139,21.0
2025-03-11,1,140,36.0
2025-03-11,1,141,11.0
2025-03-11,1,142,22.0
2025-03-11,1,143,0.0
2025-03-11,1,144,35.0
2025-03-11,1,145,14.0
2025-03-11,1,146,14.0
2025-03-11,1,147,33.0
2025-03-11,1,148,26.0
2025-03-11,1,149,7.0
2025-03-11,1,150,14.0
2025-03-11,1,151,30.0
2025-03-11,1,152,31.0
2025-03-11,1,153,13.0
2025-03-11,1,154,21.24
2025-03-11,1,155,20.13
2025-03-11,1,156,19.94
2025-03-11,1,157,16.55
2025-03-11,1,158,16.0
2025-03-11,1,159,6.61
2025-03-11,1,160,28.0
2025-03-12,1,101,100.41
2025-03-12,1,102,100.0
2025-03-12,1,103,35.0
2025-03-12,1,104,39.1
2025-03-12,1,105,37.95
2025-03-12,1,106,30.79
2025-03-12,1,107,77.0
2025-03-12,1,108,40.0
2025-03-12,1,109,37.0
2025-03-12,1,110,44.77
2025-03-12,1,111,35.91
2025-03-12,1,112,19.0
2025-03-12,1,113,43.0
2025-03-12,1,114,8.0
2025-03-12,1,115,18.0
2025-03-12,1,116,17.0
2025-03-12,1,117,50.0
2025-03-12,1,118,64.0
2025-03-12,1,119,19.0
2025-03-12,1,120,30.0
2025-03-12,1,121,28.0
2025-03-12,1,122,23.0
2025-03-12,1,123,30.0
2025-03-12,1,124,30.0
2025-03-12,1,125,16.0
2025-03-12,1,126,37.0
2025-03-12,1,127,26.43
2025-03-12,1,128,30.25
2025-03-12,1,129,7.9
2025-03-12,1,130,13.05
2025-03-12,1,131,13.0
2025-03-12,1,132,24.0
2025-03-12,1,133,40.0
2025-03-12,1,134,23.0
2025-03-12,1,135,15.0
2025-03-12,1,136,24.0
2025-03-12,1,137,7.0
2025-03-12,1,138,44.0
2025-03-12,1,139,24.0
2025-03-12,1,140,25.0
2025-03-12,1,141,7.0
2025-03-12,1,142,19.0
2025-03-12,1,143,0.0
2025-03-12,1,144,29.0
2025-03-12,1,145,16.0
2025-03-12,1,146,13.0
2025-03-12,1,147,29.0
2025-03-12,1,148,18.0
2025-03-12,1,149,5.0
2025-03-12,1,150,14.0
2025-03-12,1,151,28.0
2025-03-12,1,152,21.0
2025-03-12,1,153,12.0
2025-03-12,1,154,14.43
2025-03-12,1,155,17.65
2025-03-12,1,156,17.39
2025-03-12,1,157,11.89
2025-03-12,1,158,12.0
2025-03-12,1,159,13.01
2025-03-12,1,160,21.0
2025-03-13,1,101,69.13
2025-03-13,1,102,66.0
2025-03-13,1,103,50.0
2025-03-13,1,104,29.34
2025-03-13,1,105,43.24
2025-03-13,1,106,24.63
2025-03-13,1,107,54.0
2025-03-13,1,108,69.0
2025-03-13,1,109,22.0
2025-03-13,1,110,68.28
2025-03-13,1,111,25.69
2025-03-13,1,112,36.0
2025-03-13,1,113,30.0
2025-03-13,1,114,7.0
2025-03-13,1,115,31.0
2025-03-13,1,116,54.0
2025-03-13,1,117,62.0
2025-03-13,1,118,43.0
2025-03-13,1,119,28.0
2025-03-13,1,120,20.0
2025-03-13,1,121,19.0
2025-03-13,1,122,22.0
2025-03-13,1,123,62.0
2025-03-13,1,124,33.0
2025-03-13,1,125,20.0
2025-03-13,1,126,37.0
2025-03-13,1,127,29.59
2025-03-13,1,128,22.75
2025-03-13,1,129,12.4
2025-03-13,1,130,9.34
2025-03-13,1,131,17.0
2025-03-13,1,132,20.0
2025-03-13,1,133,33.0
2025-03-13,1,134,21.0
2025-03-13,1,135,32.0
2025-03-13,1,136,15.0
2025-03-13,1,137,13.0
2025-03-13,1,138,31.0
2025-03-13,1,139,6.0
2025-03-13,1,140,10.0
2025-03-13,1,141,5.0
2025-03-13,1,142,25.0
2025-03-13,1,143,7.0
2025-03-13,1,144,23.0
2025-03-13,1,145,10.0
2025-03-13,1,146,27.0
2025-03-13,1,147,32.0
2025-03-13,1,148,12.0
2025-03-13,1,149,10.0
2025-03-13,1,150,14.0
2025-03-13,1,151,21.0
2025-03-13,1,152,19.0
2025-03-13,1,153,11.0
2025-03-13,1,154,29.69
2025-03-13,1,155,16.56
2025-03-13,1,156,14.78
2025-03-13,1,157,6.8
2025-03-13,1,158,21.0
2025-03-13,1,159,10.29
2025-03-13,1,160,16.0
2025-03-14,1,101,81.77
2025-03-14,1,102,93.0
2025-03-14,1,103,36.0
2025-03-14,1,104,21.46
2025-03-14,1,105,49.47
2025-03-14,1,106,33.84
2025-03-14,1,107,38.0
2025-03-14,1,108,40.0
2025-03-14,1,109,31.0
2025-03-14,1,110,35.6
2025-03-14,1,111,35.12
2025-03-14,1,112,31.0
2025-03-14,1,113,119.0
2025-03-14,1,114,3.0
2025-03-14,1,115,17.0
2025-03-14,1,116,44.0
2025-03-14,1,117,66.0
2025-03-14,1,118,55.0
2025-03-14,1,119,9.0
2025-03-14,1,120,36.0
2025-03-14,1,121,29.0
2025-03-14,1,122,29.0
2025-03-14,1,123,32.0
2025-03-14,1,124,34.0
2025-03-14,1,125,29.0
2025-03-14,1,126,38.0
2025-03-14,1,127,22.36
2025-03-14,1,128,22.04
2025-03-14,1,129,18.05
2025-03-14,1,130,12.66
2025-03-14,1,131,23.0
2025-03-14,1,132,17.0
2025-03-14,1,133,17.0
2025-03-14,1,134,19.0
2025-03-14,1,135,26.0
2025-03-14,1,136,19.0
2025-03-14,1,137,20.0
2025-03-14,1,138,38.0
2025-03-14,1,139,0.0
2025-03-14,1,140,13.0
2025-03-14,1,141,2.0
2025-03-14,1,142,32.0
2025-03-14,1,143,0.0
2025-03-14,1,144,27.0
2025-03-14,1,145,6.0
2025-03-14,1,146,21.0
2025-03-14,1,147,34.0
2025-03-14,1,148,8.0
2025-03-14,1,149,8.0
2025-03-14,1,150,11.0
2025-03-14,1,151,12.0
2025-03-14,1,152,16.0
2025-03-14,1,153,13.0
2025-03-14,1,154,24.04
2025-03-14,1,155,12.64
2025-03-14,1,156,12.38
2025-03-14,1,157,19.73
2025-03-14,1,158,14.0
2025-03-14,1,159,16.84
2025-03-14,1,160,24.0
2025-03-15,1,101,121.61
2025-03-15,1,102,104.0
2025-03-15,1,103,40.0
2025-03-15,1,104,29.39
2025-03-15,1,105,46.08
2025-03-15,1,106,28.66
2025-03-15,1,107,68.0
2025-03-15,1,108,62.0
2025-03-15,1,109,34.0
2025-03-15,1,110,75.8
2025-03-15,1,111,13.94
2025-03-15,1,112,46.0
2025-03-15,1,113,104.0
2025-03-15,1,114,17.0
2025-03-15,1,115,20.0
2025-03-15,1,116,49.0
2025-03-15,1,117,51.0
2025-03-15,1,118,63.0
2025-03-15,1,119,29.0
2025-03-15,1,120,36.0
2025-03-15,1,121,34.0
2025-03-15,1,122,21.0
2025-03-15,1,123,59.0
2025-03-15,1,124,22.0
2025-03-15,1,125,37.0
2025-03-15,1,126,46.0
2025-03-15,1,127,30.98
2025-03-15,1,128,29.06
2025-03-15,1,129,21.26
2025-03-15,1,130,3.36
2025-03-15,1,131,18.0
2025-03-15,1,132,12.0
2025-03-15,1,133,17.0
2025-03-15,1,134,17.0
2025-03-15,1,135,21.0
2025-03-15,1,136,16.0
2025-03-15,1,137,14.0
2025-03-15,1,138,21.0
2025-03-15,1,139,0.0
2025-03-15,1,140,20.0
2025-03-15,1,141,0.0
2025-03-15,1,142,23.0
2025-03-15,1,143,0.0
2025-03-15,1,144,14.0
2025-03-15,1,145,10.0
2025-03-15,1,146,15.0
2025-03-15,1,147,24.0
2025-03-15,1,148,13.0
2025-03-15,1,149,6.0
2025-03-15,1,150,3.0
2025-03-15,1,151,11.0
2025-03-15,1,152,18.0
2025-03-15,1,153,7.0
2025-03-15,1,154,19.34
2025-03-15,1,155,7.59
2025-03-15,1,156,9.18
2025-03-15,1,157,15.06
2025-03-15,1,158,24.0
2025-03-15,1,159,12.75
2025-03-15,1,160,22.0
2025-03-16,1,101,93.82
2025-03-16,1,102,49.0
2025-03-16,1,103,45.0
2025-03-16,1,104,17.37
2025-03-16,1,105,34.99
2025-03-16,1,106,38.76
2025-03-16,1,107,43.0
2025-03-16,1,108,35.0
2025-03-16,1,109,19.0
2025-03-16,1,110,62.61
2025-03-16,1,111,44.77
2025-03-16,1,112,35.0
2025-03-16,1,113,93.0
2025-03-16,1,114,14.0
2025-03-16,1,115,26.0
2025-03-16,1,116,53.0
2025-03-16,1,117,55.0
2025-03-16,1,118,54.0
2025-03-16,1,119,22.0
2025-03-16,1,120,26.0
2025-03-16,1,121,28.0
2025-03-16,1,122,26.0
2025-03-16,1,123,46.0
2025-03-16,1,124,33.0
2025-03-16,1,125,41.0
2025-03-16,1,126,22.0
2025-03-16,1,127,35.49
2025-03-16,1,128,28.03
2025-03-16,1,129,17.51
2025-03-16,1,130,9.5
2025-03-16,1,131,20.0
2025-03-16,1,132,19.0
2025-03-16,1,133,17.0
2025-03-16,1,134,22.0
2025-03-16,1,135,8.0
2025-03-16,1,136,23.0
2025-03-16,1,137,12.0
2025-03-16,1,138,26.0
2025-03-16,1,139,14.0
2025-03-16,1,140,27.0
2025-03-16,1,141,0.0
2025-03-16,1,142,27.0
2025-03-16,1,143,4.0
2025-03-16,1,144,23.0
2025-03-16,1,145,14.0
2025-03-16,1,146,7.0
2025-03-16,1,147,33.0
2025-03-16,1,148,18.0
2025-03-16,1,149,10.0
2025-03-16,1,150,3.0
2025-03-16,1,151,20.0
2025-03-16,1,152,22.0
2025-03-16,1,153,5.0
2025-03-16,1,154,29.15
2025-03-16,1,155,24.79
2025-03-16,1,156,6.33
2025-03-16,1,157,29.83
2025-03-16,1,158,17.0
2025-03-16,1,159,12.82
2025-03-16,1,160,10.0
2025-03-17,1,101,79.84
2025-03-17,1,102,95.0
2025-03-17,1,103,40.0
2025-03-17,1,104,45.57
2025-03-17,1,105,30.72
2025-03-17,1,106,31.8
2025-03-17,1,107,19.0
2025-03-17,1,108,52.0
2025-03-17,1,109,48.0
2025-03-17,1,110,23.14
2025-03-17,1,111,35.86
2025-03-17,1,112,41.0
2025-03-17,1,113,75.0
2025-03-17,1,114,11.0
2025-03-17,1,115,18.0
2025-03-17,1,116,35.0
2025-03-17,1,117,78.0
2025-03-17,1,118,35.0
2025-03-17,1,119,18.0
2025-03-17,1,120,23.0
2025-03-17,1,121,21.0
2025-03-17,1,122,29.0
2025-03-17,1,123,34.0
2025-03-17,1,124,23.0
2025-03-17,1,125,30.0
2025-03-17,1,126,52.0
2025-03-17,1,127,41.58
2025-03-17,1,128,26.57
2025-03-17,1,129,22.28
2025-03-17,1,130,14.52
2025-03-17,1,131,29.0
2025-03-17,1,132,30.0
2025-03-17,1,133,22.0
2025-03-17,1,134,26.0
2025-03-17,1,135,25.0
2025-03-17,1,136,18.0
2025-03-17,1,137,13.0
2025-03-17,1,138,34.0
2025-03-17,1,139,20.0
2025-03-17,1,140,45.0
2025-03-17,1,141,9.0
2025-03-17,1,142,32.0
2025-03-17,1,143,21.0
2025-03-17,1,144,43.0
2025-03-17,1,145,24.0
2025-03-17,1,146,24.0
2025-03-17,1,147,42.0
2025-03-17,1,148,27.0
2025-03-17,1,149,8.0
2025-03-17,1,150,9.0
2025-03-17,1,151,28.0
2025-03-17,1,152,16.0
2025-03-17,1,153,8.0
2025-03-17,1,154,26.08
2025-03-17,1,155,22.15
2025-03-17,1,156,4.55
2025-03-17,1,157,26.5
2025-03-17,1,158,14.0
2025-03-17,1,159,10.35
2025-03-17,1,160,19.0
2025-03-18,1,101,49.18
2025-03-18,1,102,58.0
2025-03-18,1,103,30.0
2025-03-18,1,104,38.31
2025-03-18,1,105,34.92
2025-03-18,1,106,20.98
2025-03-18,1,107,83.0
2025-03-18,1,108,63.0
2025-03-18,1,109,39.0
2025-03-18,1,110,48.3
2025-03-18,1,111,23.78
2025-03-18,1,112,42.0
2025-03-18,1,113,70.0
2025-03-18,1,114,10.0
2025-03-18,1,115,34.0
2025-03-18,1,116,64.0
2025-03-18,1,117,58.0
2025-03-18,1,118,65.0
2025-03-18,1,119,31.0
2025-03-18,1,120,35.0
2025-03-18,1,121,9.0
2025-03-18,1,122,37.0
2025-03-18,1,123,70.0
2025-03-18,1,124,39.0
2025-03-18,1,125,12.0
2025-03-18,1,126,42.0
2025-03-18,1,127,25.8
2025-03-18,1,128,15.33
2025-03-18,1,129,15.52
2025-03-18,1,130,9.35
2025-03-18,1,131,20.0
2025-03-18,1,132,25.0
2025-03-18,1,133,31.0
2025-03-18,1,134,27.0
2025-03-18,1,135,15.0
2025-03-18,1,136,18.0
2025-03-18,1,137,9.0
2025-03-18,1,138,23.0
2025-03-18,1,139,11.0
2025-03-18,1,140,32.0
2025-03-18,1,141,1.0
2025-03-18,1,142,29.0
2025-03-18,1,143,14.0
2025-03-18,1,144,39.0
2025-03-18,1,145,22.0
2025-03-18,1,146,21.0
2025-03-18,1,147,35.0
2025-03-18,1,148,24.0
2025-03-18,1,149,8.0
2025-03-18,1,150,16.0
2025-03-18,1,151,23.0
2025-03-18,1,152,12.0
2025-03-18,1,153,12.0
2025-03-18,1,154,21.78
2025-03-18,1,155,19.22
2025-03-18,1,156,22.66
2025-03-18,1,157,20.65
2025-03-18,1,158,8.0
2025-03-18,1,159,16.99
2025-03-18,1,160,10.0
2025-03-19,1,101,101.06
2025-03-19,1,102,97.0
2025-03-19,1,103,44.0
2025-03-19,1,104,29.66
2025-03-19,1,105,46.67
2025-03-19,1,106,35.92
2025-03-19,1,107,71.0
2025-03-19,1,108,57.0
2025-03-19,1,109,28.0
2025-03-19,1,110,55.07
2025-03-19,1,111,36.21
2025-03-19,1,112,37.0
2025-03-19,1,113,56.0
2025-03-19,1,114,6.0
2025-03-19,1,115,24.0
2025-03-19,1,116,42.0
2025-03-19,1,117,71.0
2025-03-19,1,118,38.0
2025-03-19,1,119,17.0
2025-03-19,1,120,25.0
2025-03-19,1,121,37.0
2025-03-19,1,122,17.0
2025-03-19,1,123,51.0
2025-03-19,1,124,23.0
2025-03-19,1,125,21.0
2025-03-19,1,126,29.0
2025-03-19,1,127,24.27
2025-03-19,1,128,15.28
2025-03-19,1,129,8.93
2025-03-19,1,130,15.54
2025-03-19,1,131,19.0
2025-03-19,1,132,31.0
2025-03-19,1,133,22.0
2025-03-19,1,134,25.0
2025-03-19,1,135,29.0
2025-03-19,1,136,14.0
2025-03-19,1,137,10.0
2025-03-19,1,138,36.0
2025-03-19,1,139,14.0
2025-03-19,1,140,24.0
2025-03-19,1,141,0.0
2025-03-19,1,142,20.0
2025-03-19,1,143,28.0
2025-03-19,1,144,27.0
2025-03-19,1,145,20.0
2025-03-19,1,146,17.0
2025-03-19,1,147,19.0
2025-03-19,1,148,19.0
2025-03-19,1,149,5.0
2025-03-19,1,150,12.0
2025-03-19,1,151,15.0
2025-03-19,1,152,16.0
2025-03-19,1,153,15.0
2025-03-19,1,154,16.43
2025-03-19,1,155,15.59
2025-03-19,1,156,20.41
2025-03-19,1,157,13.22
2025-03-19,1,158,13.0
2025-03-19,1,159,13.53
2025-03-19,1,160,13.0
2025-03-20,1,101,87.8
2025-03-20,1,102,75.0
2025-03-20,1,103,28.0
2025-03-20,1,104,17.33
2025-03-20,1,105,34.88
2025-03-20,1,106,25.44
2025-03-20,1,107,54.0
2025-03-20,1,108,59.0
2025-03-20,1,109,14.0
2025-03-20,1,110,58.67
2025-03-20,1,111,24.1
2025-03-20,1,112,25.0
2025-03-20,1,113,38.0
2025-03-20,1,114,3.0
2025-03-20,1,115,24.0
2025-03-20,1,116,56.0
2025-03-20,1,117,50.0
2025-03-20,1,118,67.0
2025-03-20,1,119,31.0
2025-03-20,1,120,30.0
2025-03-20,1,121,28.0
2025-03-20,1,122,17.0
2025-03-20,1,123,27.0
2025-03-20,1,124,35.0
2025-03-20,1,125,38.0
2025-03-20,1,126,30.0
2025-03-20,1,127,32.92
2025-03-20,1,128,20.79
2025-03-20,1,129,12.99
2025-03-20,1,130,9.43
2025-03-20,1,131,12.0
2025-03-20,1,132,27.0
2025-03-20,1,133,22.0
2025-03-20,1,134,22.0
2025-03-20,1,135,21.0
2025-03-20,1,136,10.0
2025-03-20,1,137,4.0
2025-03-20,1,138,45.0
2025-03-20,1,139,19.0
2025-03-20,1,140,16.0
2025-03-20,1,141,3.0
2025-03-20,1,142,20.0
2025-03-20,1,143,9.0
2025-03-20,1,144,20.0
2025-03-20,1,145,15.0
2025-03-20,1,146,7.0
2025-03-20,1,147,23.0
2025-03-20,1,148,16.0
2025-03-20,1,149,9.0
2025-03-20,1,150,15.0
2025-03-20,1,151,8.0
2025-03-20,1,152,2.0
2025-03-20,1,153,12.0
2025-03-20,1,154,29.15
2025-03-20,1,155,11.82
2025-03-20,1,156,18.87
2025-03-20,1,157,7.68
2025-03-20,1,158,10.0
2025-03-20,1,159,11.31
2025-03-20,1,160,18.0
2025-03-21,1,101,54.64
2025-03-21,1,102,91.0
2025-03-21,1,103,30.0
2025-03-21,1,104,43.36
2025-03-21,1,105,64.46
2025-03-21,1,106,36.2
2025-03-21,1,107,44.0
2025-03-21,1,108,67.0
2025-03-21,1,109,41.0
2025-03-21,1,110,56.02
2025-03-21,1,111,35.4
2025-03-21,1,112,43.0
2025-03-21,1,113,15.0
2025-03-21,1,114,15.0
2025-03-21,1,115,27.0
2025-03-21,1,116,55.0
2025-03-21,1,117,58.0
2025-03-21,1,118,66.0
2025-03-21,1,119,20.0
2025-03-21,1,120,22.0
2025-03-21,1,121,19.0
2025-03-21,1,122,16.0
2025-03-21,1,123,59.0
2025-03-21,1,124,26.0
2025-03-21,1,125,21.0
2025-03-21,1,126,38.0
2025-03-21,1,127,28.79
2025-03-21,1,128,14.65
2025-03-21,1,129,17.87
2025-03-21,1,130,6.98
2025-03-21,1,131,15.0
2025-03-21,1,132,24.0
2025-03-21,1,133,21.0
2025-03-21,1,134,22.0
2025-03-21,1,135,36.0
2025-03-21,1,136,15.0
2025-03-21,1,137,9.0
2025-03-21,1,138,33.0
2025-03-21,1,139,21.0
2025-03-21,1,140,19.0
2025-03-21,1,141,7.0
2025-03-21,1,142,8.0
2025-03-21,1,143,1.0
2025-03-21,1,144,5.0
2025-03-21,1,145,10.0
2025-03-21,1,146,16.0
2025-03-21,1,147,26.0
2025-03-21,1,148,20.0
2025-03-21,1,149,7.0
2025-03-21,1,150,8.0
2025-03-21,1,151,0.0
2025-03-21,1,152,5.0
2025-03-21,1,153,5.0
2025-03-21,1,154,21.05
2025-03-21,1,155,9.28
2025-03-21,1,156,15.43
2025-03-21,1,157,21.86
2025-03-21,1,158,14.0
2025-03-21,1,159,14.52
2025-03-21,1,160,12.0
2025-03-22,1,101,68.21
2025-03-22,1,102,104.0
2025-03-22,1,103,39.0
2025-03-22,1,104,34.43
2025-03-22,1,105,57.44
2025-03-22,1,106,23.35
2025-03-22,1,107,76.0
2025-03-22,1,108,57.0
2025-03-22,1,109,22.0
2025-03-22,1,110,63.59
2025-03-22,1,111,38.15
2025-03-22,1,112,47.0
2025-03-22,1,113,98.0
2025-03-22,1,114,13.0
2025-03-22,1,115,33.0
2025-03-22,1,116,50.0
2025-03-22,1,117,69.0
2025-03-22,1,118,60.0
2025-03-22,1,119,18.0
2025-03-22,1,120,34.0
2025-03-22,1,121,28.0
2025-03-22,1,122,21.0
2025-03-22,1,123,55.0
2025-03-22,1,124,27.0
2025-03-22,1,125,28.0
2025-03-22,1,126,39.0
2025-03-22,1,127,27.19
2025-03-22,1,128,16.86
2025-03-22,1,129,10.77
2025-03-22,1,130,10.33
2025-03-22,1,131,5.0
2025-03-22,1,132,14.0
2025-03-22,1,133,15.0
2025-03-22,1,134,16.0
2025-03-22,1,135,36.0
2025-03-22,1,136,8.0
2025-03-22,1,137,14.0
2025-03-22,1,138,44.0
2025-03-22,1,139,7.0
2025-03-22,1,140,18.0
2025-03-22,1,141,3.0
2025-03-22,1,142,10.0
2025-03-22,1,143,1.0
2025-03-22,1,144,20.0
2025-03-22,1,145,18.0
2025-03-22,1,146,8.0
2025-03-22,1,147,21.0
2025-03-22,1,148,18.0
2025-03-22,1,149,6.0
2025-03-22,1,150,2.0
2025-03-22,1,151,8.0
2025-03-22,1,152,0.0
2025-03-22,1,153,4.0
2025-03-22,1,154,11.71
2025-03-22,1,155,25.48
2025-03-22,1,156,13.72
2025-03-22,1,157,17.77
2025-03-22,1,158,21.0
2025-03-22,1,159,9.91
2025-03-22,1,160,14.0
2025-03-23,1,101,89.51
2025-03-23,1,102,74.0
2025-03-23,1,103,37.0
2025-03-23,1,104,24.4
2025-03-23,1,105,39.08
2025-03-23,1,106,22.91
2025-03-23,1,107,60.0
2025-03-23,1,108,71.0
2025-03-23,1,109,36.0
2025-03-23,1,110,45.26
2025-03-23,1,111,22.56
2025-03-23,1,112,34.0
2025-03-23,1,113,84.0
2025-03-23,1,114,10.0
2025-03-23,1,115,27.0
2025-03-23,1,116,62.0
2025-03-23,1,117,64.0
2025-03-23,1,118,53.0
2025-03-23,1,119,24.0
2025-03-23,1,120,18.0
2025-03-23,1,121,16.0
2025-03-23,1,122,26.0
2025-03-23,1,123,35.0
2025-03-23,1,124,22.0
2025-03-23,1,125,16.0
2025-03-23,1,126,45.0
2025-03-23,1,127,33.68
2025-03-23,1,128,26.34
2025-03-23,1,129,12.74
2025-03-23,1,130,15.41
2025-03-23,1,131,22.0
2025-03-23,1,132,20.0
2025-03-23,1,133,41.0
2025-03-23,1,134,15.0
2025-03-23,1,135,40.0
2025-03-23,1,136,21.0
2025-03-23,1,137,17.0
2025-03-23,1,138,19.0
2025-03-23,1,139,10.0
2025-03-23,1,140,23.0
2025-03-23,1,141,2.0
2025-03-23,1,142,24.0
2025-03-23,1,143,3.0
2025-03-23,1,144,25.0
2025-03-23,1,145,8.0
2025-03-23,1,146,17.0
2025-03-23,1,147,23.0
2025-03-23,1,148,21.0
2025-03-23,1,149,6.0
2025-03-23,1,150,0.0
2025-03-23,1,151,0.0
2025-03-23,1,152,19.0
2025-03-23,1,153,2.0
2025-03-23,1,154,25.95
2025-03-23,1,155,23.69
2025-03-23,1,156,10.98
2025-03-23,1,157,32.65
2025-03-23,1,158,15.0
2025-03-23,1,159,14.63
2025-03-23,1,160,22.0
2025-03-24,1,101,68.4
2025-03-24,1,102,45.0
2025-03-24,1,103,17.0
2025-03-24,1,104,15.4
2025-03-24,1,105,28.03
2025-03-24,1,106,31.69
2025-03-24,1,107,50.0
2025-03-24,1,108,48.0
2025-03-24,1,109,22.0
2025-03-24,1,110,33.05
2025-03-24,1,111,31.37
2025-03-24,1,112,24.0
2025-03-24,1,113,70.0
2025-03-24,1,114,9.0
2025-03-24,1,115,19.0
2025-03-24,1,116,47.0
2025-03-24,1,117,46.0
2025-03-24,1,118,57.0
2025-03-24,1,119,17.0
2025-03-24,1,120,27.0
2025-03-24,1,121,44.0
2025-03-24,1,122,31.0
2025-03-24,1,123,68.0
2025-03-24,1,124,36.0
2025-03-24,1,125,33.0
2025-03-24,1,126,34.0
2025-03-24,1,127,32.28
2025-03-24,1,128,20.45
2025-03-24,1,129,17.1
2025-03-24,1,130,9.68
2025-03-24,1,131,17.0
2025-03-24,1,132,33.0
2025-03-24,1,133,37.0
2025-03-24,1,134,18.0
2025-03-24,1,135,46.0
2025-03-24,1,136,23.0
2025-03-24,1,137,23.0
2025-03-24,1,138,20.0
2025-03-24,1,139,14.0
2025-03-24,1,140,26.0
2025-03-24,1,141,0.0
2025-03-24,1,142,30.0
2025-03-24,1,143,0.0
2025-03-24,1,144,44.0
2025-03-24,1,145,18.0
2025-03-24,1,146,23.0
2025-03-24,1,147,22.0
2025-03-24,1,148,27.0
2025-03-24,1,149,11.0
2025-03-24,1,150,7.0
2025-03-24,1,151,14.0
2025-03-24,1,152,27.0
2025-03-24,1,153,8.0
2025-03-24,1,154,23.13
2025-03-24,1,155,19.95
2025-03-24,1,156,7.74
2025-03-24,1,157,27.93
2025-03-24,1,158,12.0
2025-03-24,1,159,11.98
2025-03-24,1,160,28.0
2025-03-25,1,101,40.36
2025-03-25,1,102,119.0
2025-03-25,1,103,41.0
2025-03-25,1,104,41.98
2025-03-25,1,105,48.39
2025-03-25,1,106,21.45
2025-03-25,1,107,38.0
2025-03-25,1,108,25.0
2025-03-25,1,109,28.0
2025-03-25,1,110,76.36
2025-03-25,1,111,20.04
2025-03-25,1,112,41.0
2025-03-25,1,113,61.0
2025-03-25,1,114,6.0
2025-03-25,1,115,32.0
2025-03-25,1,116,40.0
2025-03-25,1,117,71.0
2025-03-25,1,118,44.0
2025-03-25,1,119,29.0
2025-03-25,1,120,24.0
2025-03-25,1,121,39.0
2025-03-25,1,122,37.0
2025-03-25,1,123,46.0
2025-03-25,1,124,29.0
2025-03-25,1,125,25.0
2025-03-25,1,126,37.0
2025-03-25,1,127,15.64
2025-03-25,1,128,4.42
2025-03-25,1,129,9.6
2025-03-25,1,130,3.6
2025-03-25,1,131,11.0
2025-03-25,1,132,25.0
2025-03-25,1,133,50.0
2025-03-25,1,134,27.0
2025-03-25,1,135,35.0
2025-03-25,1,136,32.0
2025-03-25,1,137,15.0
2025-03-25,1,138,9.0
2025-03-25,1,139,18.0
2025-03-25,1,140,35.0
2025-03-25,1,141,5.0
2025-03-25,1,142,22.0
2025-03-25,1,143,5.0
2025-03-25,1,144,36.0
2025-03-25,1,145,13.0
2025-03-25,1,146,19.0
2025-03-25,1,147,26.0
2025-03-25,1,148,24.0
2025-03-25,1,149,9.0
2025-03-25,1,150,16.0
2025-03-25,1,151,10.0
2025-03-25,1,152,24.0
2025-03-25,1,153,9.0
2025-03-25,1,154,16.76
2025-03-25,1,155,16.73
2025-03-25,1,156,6.21
2025-03-25,1,157,21.72
2025-03-25,1,158,6.0
2025-03-25,1,159,7.6
2025-03-25,1,160,24.0
2025-03-26,1,101,80.89
2025-03-26,1,102,90.0
2025-03-26,1,103,12.0
2025-03-26,1,104,34.72
2025-03-26,1,105,37.26
2025-03-26,1,106,32.09
2025-03-26,1,107,31.0
2025-03-26,1,108,36.0
2025-03-26,1,109,14.0
2025-03-26,1,110,59.98
2025-03-26,1,111,28.52
2025-03-26,1,112,26.0
2025-03-26,1,113,49.0
2025-03-26,1,114,5.0
2025-03-26,1,115,25.0
2025-03-26,1,116,47.0
2025-03-26,1,117,46.0
2025-03-26,1,118,67.0
2025-03-26,1,119,20.0
2025-03-26,1,120,27.0
2025-03-26,1,121,30.0
2025-03-26,1,122,26.0
2025-03-26,1,123,30.0
2025-03-26,1,124,34.0
2025-03-26,1,125,18.0
2025-03-26,1,126,43.0
2025-03-26,1,127,28.24
2025-03-26,1,128,13.65
2025-03-26,1,129,14.78
2025-03-26,1,130,14.84
2025-03-26,1,131,18.0
2025-03-26,1,132,20.0
2025-03-26,1,133,39.0
2025-03-26,1,134,26.0
2025-03-26,1,135,29.0
2025-03-26,1,136,23.0
2025-03-26,1,137,12.0
2025-03-26,1,138,37.0
2025-03-26,1,139,22.0
2025-03-26,1,140,28.0
2025-03-26,1,141,11.0
2025-03-26,1,142,13.0
2025-03-26,1,143,17.0
2025-03-26,1,144,22.0
2025-03-26,1,145,7.0
2025-03-26,1,146,15.0
2025-03-26,1,147,18.0
2025-03-26,1,148,17.0
2025-03-26,1,149,10.0
2025-03-26,1,150,18.0
2025-03-26,1,151,16.0
2025-03-26,1,152,21.0
2025-03-26,1,153,9.0
2025-03-26,1,154,12.67
2025-03-26,1,155,14.52
2025-03-26,1,156,3.98
2025-03-26,1,157,18.72
2025-03-26,1,158,15.0
2025-03-26,1,159,12.24
2025-03-26,1,160,17.0
2025-03-27,1,101,44.58
2025-03-27,1,102,44.0
2025-03-27,1,103,33.0
2025-03-27,1,104,21.85
2025-03-27,1,105,43.69
2025-03-27,1,106,23.64
2025-03-27,1,107,59.0
2025-03-27,1,108,57.0
2025-03-27,1,109,45.0
2025-03-27,1,110,43.19
2025-03-27,1,111,22.05
2025-03-27,1,112,54.0
2025-03-27,1,113,38.0
2025-03-27,1,114,15.0
2025-03-27,1,115,26.0
2025-03-27,1,116,55.0
2025-03-27,1,117,81.0
2025-03-27,1,118,38.0
2025-03-27,1,119,19.0
2025-03-27,1,120,21.0
2025-03-27,1,121,22.0
2025-03-27,1,122,16.0
2025-03-27,1,123,61.0
2025-03-27,1,124,34.0
2025-03-27,1,125,35.0
2025-03-27,1,126,29.0
2025-03-27,1,127,32.45
2025-03-27,1,128,23.82
2025-03-27,1,129,9.25
2025-03-27,1,130,10.87
2025-03-27,1,131,16.0
2025-03-27,1,132,21.0
2025-03-27,1,133,34.0
2025-03-27,1,134,23.0
2025-03-27,1,135,31.0
2025-03-27,1,136,15.0
2025-03-27,1,137,7.0
2025-03-27,1,138,27.0
2025-03-27,1,139,14.0
2025-03-27,1,140,23.0
2025-03-27,1,141,3.0
2025-03-27,1,142,14.0
2025-03-27,1,143,9.0
2025-03-27,1,144,14.0
2025-03-27,1,145,14.0
2025-03-27,1,146,30.0
2025-03-27,1,147,27.0
2025-03-27,1,148,11.0
2025-03-27,1,149,10.0
2025-03-27,1,150,12.0
2025-03-27,1,151,10.0
2025-03-27,1,152,16.0
2025-03-27,1,153,11.0
2025-03-27,1,154,24.5
2025-03-27,1,155,11.55
2025-03-27,1,156,22.74
2025-03-27,1,157,12.87
2025-03-27,1,158,7.0
2025-03-27,1,159,4.94
2025-03-27,1,160,12.0
2025-03-28,1,101,87.28
2025-03-28,1,102,114.0
2025-03-28,1,103,40.0
2025-03-28,1,104,31.91
2025-03-28,1,105,47.21
2025-03-28,1,106,27.67
2025-03-28,1,107,41.0
2025-03-28,1,108,69.0
2025-03-28,1,109,31.0
2025-03-28,1,110,58.23
2025-03-28,1,111,29.05
2025-03-28,1,112,33.0
2025-03-28,1,113,16.0
2025-03-28,1,114,11.0
2025-03-28,1,115,28.0
2025-03-28,1,116,39.0
2025-03-28,1,117,45.0
2025-03-28,1,118,49.0
2025-03-28,1,119,24.0
2025-03-28,1,120,42.0
2025-03-28,1,121,28.0
2025-03-28,1,122,24.0
2025-03-28,1,123,44.0
2025-03-28,1,124,34.0
2025-03-28,1,125,30.0
2025-03-28,1,126,27.0
2025-03-28,1,127,15.55
2025-03-28,1,128,24.3
2025-03-28,1,129,15.12
2025-03-28,1,130,15.17
2025-03-28,1,131,21.0
2025-03-28,1,132,22.0
2025-03-28,1,133,28.0
2025-03-28,1,134,26.0
2025-03-28,1,135,24.0
2025-03-28,1,136,4.0
2025-03-28,1,137,17.0
2025-03-28,1,138,39.0
2025-03-28,1,139,22.0
2025-03-28,1,140,31.0
2025-03-28,1,141,2.0
2025-03-28,1,142,18.0
2025-03-28,1,143,22.0
2025-03-28,1,144,15.0
2025-03-28,1,145,7.0
2025-03-28,1,146,10.0
2025-03-28,1,147,10.0
2025-03-28,1,148,16.0
2025-03-28,1,149,9.0
2025-03-28,1,150,11.0
2025-03-28,1,151,15.0
2025-03-28,1,152,20.0
2025-03-28,1,153,14.0
2025-03-28,1,154,18.58
2025-03-28,1,155,6.96
2025-03-28,1,156,20.85
2025-03-28,1,157,7.32
2025-03-28,1,158,13.0
2025-03-28,1,159,11.99
2025-03-28,1,160,18.0
2025-03-29,1,101,72.35
2025-03-29,1,102,64.0
2025-03-29,1,103,36.0
2025-03-29,1,104,22.71
2025-03-29,1,105,33.85
2025-03-29,1,106,25.56
2025-03-29,1,107,66.0
2025-03-29,1,108,84.0
2025-03-29,1,109,36.0
2025-03-29,1,110,76.62
2025-03-29,1,111,32.26
2025-03-29,1,112,37.0
2025-03-29,1,113,91.0
2025-03-29,1,114,7.0
2025-03-29,1,115,27.0
2025-03-29,1,116,40.0
2025-03-29,1,117,65.0
2025-03-29,1,118,64.0
2025-03-29,1,119,15.0
2025-03-29,1,120,31.0
2025-03-29,1,121,33.0
2025-03-29,1,122,21.0
2025-03-29,1,123,52.0
2025-03-29,1,124,24.0
2025-03-29,1,125,19.0
2025-03-29,1,126,50.0
2025-03-29,1,127,29.66
2025-03-29,1,128,27.81
2025-03-29,1,129,17.79
2025-03-29,1,130,6.91
2025-03-29,1,131,14.0
2025-03-29,1,132,13.0
2025-03-29,1,133,15.0
2025-03-29,1,134,14.0
2025-03-29,1,135,5.0
2025-03-29,1,136,9.0
2025-03-29,1,137,5.0
2025-03-29,1,138,44.0
2025-03-29,1,139,17.0
2025-03-29,1,140,26.0
2025-03-29,1,141,2.0
2025-03-29,1,142,22.0
2025-03-29,1,143,13.0
2025-03-29,1,144,20.0
2025-03-29,1,145,10.0
2025-03-29,1,146,4.0
2025-03-29,1,147,10.0
2025-03-29,1,148,5.0
2025-03-29,1,149,11.0
2025-03-29,1,150,10.0
2025-03-29,1,151,6.0
2025-03-29,1,152,16.0
2025-03-29,1,153,14.0
2025-03-29,1,154,31.83
2025-03-29,1,155,23.47
2025-03-29,1,156,18.32
2025-03-29,1,157,24.56
2025-03-29,1,158,20.0
2025-03-29,1,159,17.5
2025-03-29,1,160,17.0
2025-03-30,1,101,82.4
2025-03-30,1,102,95.0
2025-03-30,1,103,31.0
2025-03-30,1,104,31.4
2025-03-30,1,105,61.43
2025-03-30,1,106,35.26
2025-03-30,1,107,42.0
2025-03-30,1,108,63.0
2025-03-30,1,109,30.0
2025-03-30,1,110,43.74
2025-03-30,1,111,21.34
2025-03-30,1,112,41.0
2025-03-30,1,113,80.0
2025-03-30,1,114,18.0
2025-03-30,1,115,31.0
2025-03-30,1,116,51.0
2025-03-30,1,117,75.0
2025-03-30,1,118,50.0
2025-03-30,1,119,29.0
2025-03-30,1,120,39.0
2025-03-30,1,121,23.0
2025-03-30,1,122,19.0
2025-03-30,1,123,54.0
2025-03-30,1,124,29.0
2025-03-30,1,125,30.0
2025-03-30,1,126,39.0
2025-03-30,1,127,48.79
2025-03-30,1,128,23.14
2025-03-30,1,129,21.29
2025-03-30,1,130,10.99
2025-03-30,1,131,17.0
2025-03-30,1,132,16.0
2025-03-30,1,133,15.0
2025-03-30,1,134,19.0
2025-03-30,1,135,13.0
2025-03-30,1,136,13.0
2025-03-30,1,137,12.0
2025-03-30,1,138,33.0
2025-03-30,1,139,11.0
2025-03-30,1,140,31.0
2025-03-30,1,141,4.0
2025-03-30,1,142,29.0
2025-03-30,1,143,22.0
2025-03-30,1,144,20.0
2025-03-30,1,145,5.0
2025-03-30,1,146,12.0
2025-03-30,1,147,16.0
2025-03-30,1,148,14.0
2025-03-30,1,149,15.0
2025-03-30,1,150,4.0
2025-03-30,1,151,12.0
2025-03-30,1,152,19.0
2025-03-30,1,153,10.0
2025-03-30,1,154,26.4
2025-03-30,1,155,18.47
2025-03-30,1,156,14.34
2025-03-30,1,157,19.65
2025-03-30,1,158,16.0
2025-03-30,1,159,13.23
2025-03-30,1,160,13.0
2025-03-31,1,101,54.24
2025-03-31,1,102,64.0
2025-03-31,1,103,50.0
2025-03-31,1,104,20.63
2025-03-31,1,105,20.64
2025-03-31,1,106,24.39
2025-03-31,1,107,30.0
2025-03-31,1,108,45.0
2025-03-31,1,109,25.0
2025-03-31,1,110,26.77
2025-03-31,1,111,32.31
2025-03-31,1,112,31.0
2025-03-31,1,113,68.0
2025-03-31,1,114,15.0
2025-03-31,1,115,25.0
2025-03-31,1,116,35.0
2025-03-31,1,117,51.0
2025-03-31,1,118,65.0
2025-03-31,1,119,24.0
2025-03-31,1,120,33.0
2025-03-31,1,121,15.0
2025-03-31,1,122,10.0
2025-03-31,1,123,43.0
2025-03-31,1,124,18.0
2025-03-31,1,125,16.0
2025-03-31,1,126,25.0
2025-03-31,1,127,38.15
2025-03-31,1,128,24.66
2025-03-31,1,129,14.14
2025-03-31,1,130,11.16
2025-03-31,1,131,13.0
2025-03-31,1,132,28.0
2025-03-31,1,133,18.0
2025-03-31,1,134,20.0
2025-03-31,1,135,18.0
2025-03-31,1,136,27.0
2025-03-31,1,137,15.0
2025-03-31,1,138,39.0
2025-03-31,1,139,13.0
2025-03-31,1,140,35.0
2025-03-31,1,141,2.0
2025-03-31,1,142,39.0
2025-03-31,1,143,10.0
2025-03-31,1,144,34.0
2025-03-31,1,145,16.0
2025-03-31,1,146,33.0
2025-03-31,1,147,27.0
2025-03-31,1,148,17.0
2025-03-31,1,149,13.0
2025-03-31,1,150,12.0
2025-03-31,1,151,12.0
2025-03-31,1,152,25.0
2025-03-31,1,153,4.0
2025-03-31,1,154,22.43
2025-03-31,1,155,16.06
2025-03-31,1,156,13.05
2025-03-31,1,157,16.22
2025-03-31,1,158,12.0
2025-03-31,1,159,13.02
2025-03-31,1,160,7.0
