date,store_id,product_id,quantity,unit_price,promo,revenue
2025-03-01,1,101,20.55,1.49,False,30.62
2025-03-01,1,102,41.0,0.79,False,32.39
2025-03-01,1,103,34.0,2.99,False,101.66
2025-03-01,1,104,14.92,1.99,False,29.69
2025-03-01,1,105,20.14,2.79,True,56.19
2025-03-01,1,106,11.49,3.99,False,45.85
2025-03-01,1,107,27.0,1.51,True,40.77
2025-03-01,1,108,28.0,1.25,False,35.0
2025-03-01,1,109,18.0,1.99,False,35.82
2025-03-01,1,110,17.72,1.29,False,22.86
2025-03-01,1,111,15.43,1.59,False,24.53
2025-03-01,1,112,17.0,3.99,False,67.83
2025-03-01,1,113,17.0,0.69,False,11.73
2025-03-01,1,114,0.0,5.99,False,0.0
2025-03-01,1,115,20.0,3.49,False,69.8
2025-03-01,1,116,34.0,2.49,False,84.66
2025-03-01,1,117,17.0,3.79,False,64.43
2025-03-01,1,118,29.0,3.29,False,95.41
2025-03-01,1,119,8.0,4.39,True,35.12
2025-03-01,1,120,7.0,3.99,False,27.93
2025-03-01,1,121,15.0,4.99,False,74.85
2025-03-01,1,122,14.0,4.29,False,60.06
2025-03-01,1,123,35.0,2.99,False,104.65
2025-03-01,1,124,16.0,3.49,False,55.84
2025-03-01,1,125,32.0,3.19,True,102.08
2025-03-01,1,126,28.0,1.29,False,36.12
2025-03-01,1,127,19.63,8.99,False,176.47
2025-03-01,1,128,13.79,10.99,False,151.55
2025-03-01,1,129,8.15,9.49,False,77.34
2025-03-01,1,130,4.79,21.99,False,105.33
2025-03-01,1,131,7.0,9.99,False,69.93
2025-03-01,1,132,17.0,5.99,False,101.83
2025-03-01,1,133,19.0,3.99,False,75.81
2025-03-01,1,134,21.0,5.59,True,117.39
2025-03-01,1,135,12.0,4.99,False,59.88
2025-03-01,1,136,11.0,8.99,False,98.89
2025-03-01,1,137,10.0,3.29,False,32.9
2025-03-01,1,138,13.0,1.49,False,19.37
2025-03-01,1,139,8.0,2.99,False,23.92
2025-03-01,1,140,13.0,2.79,False,36.27
2025-03-01,1,141,10.0,5.99,False,59.9
2025-03-01,1,142,10.0,3.49,False,34.9
2025-03-01,1,143,12.0,1.19,False,14.28
2025-03-01,1,144,10.0,4.29,False,42.9
2025-03-01,1,145,6.0,9.99,False,59.94
2025-03-01,1,146,8.0,4.99,False,39.92
2025-03-01,1,147,9.0,5.99,False,53.91
2025-03-01,1,148,7.0,1.99,False,13.93
2025-03-01,1,149,0.0,2.99,False,0.0
2025-03-01,1,150,14.0,8.99,False,125.86
2025-03-01,1,151,15.0,9.99,False,149.85
2025-03-01,1,152,7.0,2.99,False,20.93
2025-03-01,1,153,7.0,12.99,False,90.93
2025-03-01,1,154,7.14,3.99,False,28.49
2025-03-01,1,155,4.81,3.49,False,16.79
2025-03-01,1,156,1.48,11.99,False,17.75
2025-03-01,1,157,3.76,2.99,False,11.24
2025-03-01,1,158,9.0,1.99,True,17.91
2025-03-01,1,159,7.54,12.99,False,97.94
2025-03-01,1,160,9.0,3.99,False,35.91
2025-03-02,1,101,32.73,1.49,False,48.77
2025-03-02,1,102,29.0,0.79,False,22.91
2025-03-02,1,103,11.0,2.99,False,32.89
2025-03-02,1,104,7.66,1.99,False,15.24
2025-03-02,1,105,19.32,2.79,True,53.9
2025-03-02,1,106,9.95,3.99,False,39.7
2025-03-02,1,107,29.0,1.51,True,43.79
2025-03-02,1,108,21.0,1.25,False,26.25
2025-03-02,1,109,6.0,1.99,False,11.94
2025-03-02,1,110,13.46,1.29,False,17.36
2025-03-02,1,111,17.06,1.59,False,27.13
2025-03-02,1,112,13.0,3.99,False,51.87
2025-03-02,1,113,15.0,0.69,False,10.35
2025-03-02,1,114,0.0,5.99,False,0.0
2025-03-02,1,115,9.0,3.49,False,31.41
2025-03-02,1,116,33.0,2.49,False,82.17
2025-03-02,1,117,28.0,3.79,False,106.12
2025-03-02,1,118,23.0,3.29,False,75.67
2025-03-02,1,119,29.0,4.39,True,127.31
2025-03-02,1,120,9.0,3.99,False,35.91
2025-03-02,1,121,8.0,4.99,False,39.92
2025-03-02,1,122,12.0,4.29,False,51.48
2025-03-02,1,123,10.0,2.99,False,29.9
2025-03-02,1,124,14.0,3.49,False,48.86
2025-03-02,1,125,20.0,3.19,True,63.8
2025-03-02,1,126,19.0,1.29,False,24.51
2025-03-02,1,127,19.61,8.99,False,176.29
2025-03-02,1,128,13.82,10.99,False,151.88
2025-03-02,1,129,7.78,9.49,False,73.83
2025-03-02,1,130,6.3,21.99,False,138.54
2025-03-02,1,131,8.0,9.99,False,79.92
2025-03-02,1,132,9.0,5.99,False,53.91
2025-03-02,1,133,11.0,3.99,False,43.89
2025-03-02,1,134,15.0,5.59,True,83.85
2025-03-02,1,135,11.0,4.99,False,54.89
2025-03-02,1,136,9.0,8.99,False,80.91
2025-03-02,1,137,1.0,3.29,False,3.29
2025-03-02,1,138,16.0,1.49,False,23.84
2025-03-02,1,139,8.0,2.99,False,23.92
2025-03-02,1,140,7.0,2.79,False,19.53
2025-03-02,1,141,0.0,5.99,False,0.0
2025-03-02,1,142,5.0,3.49,False,17.45
2025-03-02,1,143,0.0,1.19,False,0.0
2025-03-02,1,144,11.0,4.29,False,47.19
2025-03-02,1,145,5.0,9.99,False,49.95
2025-03-02,1,146,3.0,4.99,False,14.97
2025-03-02,1,147,9.0,5.99,False,53.91
2025-03-02,1,148,12.0,1.99,False,23.88
2025-03-02,1,149,4.0,2.99,False,11.96
2025-03-02,1,150,9.0,8.99,False,80.91
2025-03-02,1,151,5.0,9.99,False,49.95
2025-03-02,1,152,5.0,2.99,False,14.95
2025-03-02,1,153,3.0,12.99,False,38.97
2025-03-02,1,154,5.06,3.99,False,20.19
2025-03-02,1,155,4.48,3.49,False,15.64
2025-03-02,1,156,4.12,11.99,False,49.4
2025-03-02,1,157,3.37,2.99,False,10.08
2025-03-02,1,158,8.0,1.99,True,15.92
2025-03-02,1,159,3.79,12.99,False,49.23
2025-03-02,1,160,5.0,3.99,False,19.95
2025-03-03,1,101,14.69,1.49,False,21.89
2025-03-03,1,102,29.0,0.79,False,22.91
2025-03-03,1,103,12.0,2.99,False,35.88
2025-03-03,1,104,7.18,1.99,False,14.29
2025-03-03,1,105,14.1,3.49,False,49.21
2025-03-03,1,106,5.92,3.99,False,23.62
2025-03-03,1,107,10.0,1.89,False,18.9
2025-03-03,1,108,8.0,1.25,False,10.0
2025-03-03,1,109,6.0,1.99,False,11.94
2025-03-03,1,110,13.88,1.29,False,17.91
2025-03-03,1,111,11.8,1.59,False,18.76
2025-03-03,1,112,11.0,3.99,False,43.89
2025-03-03,1,113,12.0,0.69,False,8.28
2025-03-03,1,114,0.0,5.99,False,0.0
2025-03-03,1,115,5.0,3.49,False,17.45
2025-03-03,1,116,22.0,2.49,False,54.78
2025-03-03,1,117,22.0,3.79,False,83.38
2025-03-03,1,118,23.0,3.29,False,75.67
2025-03-03,1,119,5.0,5.49,False,27.45
2025-03-03,1,120,4.0,3.99,False,15.96
2025-03-03,1,121,10.0,4.99,False,49.9
2025-03-03,1,122,4.0,4.29,False,17.16
2025-03-03,1,123,11.0,2.99,False,32.89
2025-03-03,1,124,7.0,3.49,False,24.43
2025-03-03,1,125,8.0,3.99,False,31.92
2025-03-03,1,126,10.0,1.29,False,12.9
2025-03-03,1,127,6.12,8.99,False,55.02
2025-03-03,1,128,12.28,10.99,False,134.96
2025-03-03,1,129,2.92,9.49,False,27.71
2025-03-03,1,130,3.74,21.99,False,82.24
2025-03-03,1,131,5.0,9.99,False,49.95
2025-03-03,1,132,9.0,5.99,False,53.91
2025-03-03,1,133,8.0,3.99,False,31.92
2025-03-03,1,134,13.0,6.99,False,90.87
2025-03-03,1,135,13.0,4.99,False,64.87
2025-03-03,1,136,3.0,8.99,False,26.97
2025-03-03,1,137,2.0,3.29,False,6.58
2025-03-03,1,138,9.0,1.49,False,13.41
2025-03-03,1,139,8.0,2.99,False,23.92
2025-03-03,1,140,7.0,2.23,True,15.61
2025-03-03,1,141,4.0,5.99,False,23.96
2025-03-03,1,142,9.0,3.49,False,31.41
2025-03-03,1,143,14.0,1.19,False,16.66
2025-03-03,1,144,4.0,4.29,False,17.16
2025-03-03,1,145,7.0,9.99,False,69.93
2025-03-03,1,146,5.0,4.99,False,24.95
2025-03-03,1,147,5.0,5.99,False,29.95
2025-03-03,1,148,9.0,1.99,False,17.91
2025-03-03,1,149,1.0,2.99,False,2.99
2025-03-03,1,150,4.0,8.99,False,35.96
2025-03-03,1,151,4.0,9.99,False,39.96
2025-03-03,1,152,5.0,2.99,False,14.95
2025-03-03,1,153,3.0,12.99,False,38.97
2025-03-03,1,154,11.92,3.19,True,38.02
2025-03-03,1,155,3.44,3.49,False,12.01
2025-03-03,1,156,1.43,11.99,False,17.15
2025-03-03,1,157,5.52,2.99,False,16.5
2025-03-03,1,158,4.0,2.49,False,9.96
2025-03-03,1,159,4.33,12.99,False,56.25
2025-03-03,1,160,15.0,3.99,False,59.85
2025-03-04,1,101,20.37,1.49,False,30.35
2025-03-04,1,102,28.0,0.79,False,22.12
2025-03-04,1,103,9.0,2.99,False,26.91
2025-03-04,1,104,6.24,1.99,False,12.42
2025-03-04,1,105,11.24,3.49,False,39.23
2025-03-04,1,106,9.75,3.99,False,38.9
2025-03-04,1,107,14.0,1.89,False,26.46
2025-03-04,1,108,21.0,1.25,False,26.25
2025-03-04,1,109,8.0,1.99,False,15.92
2025-03-04,1,110,12.33,1.29,False,15.91
2025-03-04,1,111,8.52,1.59,False,13.55
2025-03-04,1,112,5.0,3.99,False,19.95
2025-03-04,1,113,16.0,0.69,False,11.04
2025-03-04,1,114,0.0,5.99,False,0.0
2025-03-04,1,115,10.0,3.49,False,34.9
2025-03-04,1,116,18.0,2.49,False,44.82
2025-03-04,1,117,25.0,3.79,False,94.75
2025-03-04,1,118,24.0,3.29,False,78.96
2025-03-04,1,119,10.0,5.49,False,54.9
2025-03-04,1,120,7.0,3.99,False,27.93
2025-03-04,1,121,9.0,4.99,False,44.91
2025-03-04,1,122,9.0,4.29,False,38.61
2025-03-04,1,123,8.0,2.99,False,23.92
2025-03-04,1,124,7.0,3.49,False,24.43
2025-03-04,1,125,5.0,3.99,False,19.95
2025-03-04,1,126,9.0,1.29,False,11.61
2025-03-04,1,127,14.89,8.99,False,133.86
2025-03-04,1,128,7.84,10.99,False,86.16
2025-03-04,1,129,5.61,9.49,False,53.24
2025-03-04,1,130,1.76,21.99,False,38.7
2025-03-04,1,131,4.0,9.99,False,39.96
2025-03-04,1,132,1.0,5.99,False,5.99
2025-03-04,1,133,16.0,3.99,False,63.84
2025-03-04,1,134,21.0,6.99,False,146.79
2025-03-04,1,135,13.0,4.99,False,64.87
2025-03-04,1,136,5.0,8.99,False,44.95
2025-03-04,1,137,2.0,3.29,False,6.58
2025-03-04,1,138,17.0,1.49,False,25.33
2025-03-04,1,139,4.0,2.99,False,11.96
2025-03-04,1,140,7.0,2.23,True,15.61
2025-03-04,1,141,8.0,5.99,False,47.92
2025-03-04,1,142,9.0,3.49,False,31.41
2025-03-04,1,143,14.0,1.19,False,16.66
2025-03-04,1,144,5.0,4.29,False,21.45
2025-03-04,1,145,3.0,9.99,False,29.97
2025-03-04,1,146,3.0,4.99,False,14.97
2025-03-04,1,147,10.0,5.99,False,59.9
2025-03-04,1,148,8.0,1.99,False,15.92
2025-03-04,1,149,0.0,2.99,False,0.0
2025-03-04,1,150,4.0,8.99,False,35.96
2025-03-04,1,151,7.0,9.99,False,69.93
2025-03-04,1,152,1.0,2.99,False,2.99
2025-03-04,1,153,6.0,12.99,False,77.94
2025-03-04,1,154,9.64,3.19,True,30.75
2025-03-04,1,155,2.85,3.49,False,9.95
2025-03-04,1,156,2.26,11.99,False,27.1
2025-03-04,1,157,3.96,2.99,False,11.84
2025-03-04,1,158,2.0,2.49,False,4.98
2025-03-04,1,159,2.12,12.99,False,27.54
2025-03-04,1,160,6.0,3.99,False,23.94
2025-03-05,1,101,29.4,1.49,False,43.81
2025-03-05,1,102,17.0,0.79,False,13.43
2025-03-05,1,103,18.0,2.99,False,53.82
2025-03-05,1,104,5.78,1.99,False,11.5
2025-03-05,1,105,11.54,3.49,False,40.27
2025-03-05,1,106,6.66,3.99,False,26.57
2025-03-05,1,107,2.0,1.89,False,3.78
2025-03-05,1,108,13.0,1.25,False,16.25
2025-03-05,1,109,11.0,1.99,False,21.89
2025-03-05,1,110,24.54,1.29,False,31.66
2025-03-05,1,111,7.39,1.59,False,11.75
2025-03-05,1,112,6.0,3.99,False,23.94
2025-03-05,1,113,11.0,0.69,False,7.59
2025-03-05,1,114,0.0,5.99,False,0.0
2025-03-05,1,115,12.0,3.49,False,41.88
2025-03-05,1,116,15.0,2.49,False,37.35
2025-03-05,1,117,17.0,3.79,False,64.43
2025-03-05,1,118,22.0,3.29,False,72.38
2025-03-05,1,119,3.0,5.49,False,16.47
2025-03-05,1,120,8.0,3.99,False,31.92
2025-03-05,1,121,5.0,4.99,False,24.95
2025-03-05,1,122,10.0,4.29,False,42.9
2025-03-05,1,123,10.0,2.99,False,29.9
2025-03-05,1,124,19.0,3.49,False,66.31
2025-03-05,1,125,2.0,3.99,False,7.98
2025-03-05,1,126,25.0,1.29,False,32.25
2025-03-05,1,127,10.22,8.99,False,91.88
2025-03-05,1,128,9.18,10.99,False,100.89
2025-03-05,1,129,5.73,9.49,False,54.38
2025-03-05,1,130,4.04,21.99,False,88.84
2025-03-05,1,131,5.0,9.99,False,49.95
2025-03-05,1,132,7.0,5.99,False,41.93
2025-03-05,1,133,5.0,3.99,False,19.95
2025-03-05,1,134,11.0,6.99,False,76.89
2025-03-05,1,135,11.0,4.99,False,54.89
2025-03-05,1,136,5.0,8.99,False,44.95
2025-03-05,1,137,2.0,3.29,False,6.58
2025-03-05,1,138,9.0,1.49,False,13.41
2025-03-05,1,139,4.0,2.99,False,11.96
2025-03-05,1,140,7.0,2.23,True,15.61
2025-03-05,1,141,4.0,5.99,False,23.96
2025-03-05,1,142,7.0,3.49,False,24.43
2025-03-05,1,143,19.0,1.19,False,22.61
2025-03-05,1,144,5.0,4.29,False,21.45
2025-03-05,1,145,2.0,9.99,False,19.98
2025-03-05,1,146,5.0,4.99,False,24.95
2025-03-05,1,147,12.0,5.99,False,71.88
2025-03-05,1,148,6.0,1.99,False,11.94
2025-03-05,1,149,2.0,2.99,False,5.98
2025-03-05,1,150,5.0,8.99,False,44.95
2025-03-05,1,151,7.0,9.99,False,69.93
2025-03-05,1,152,2.0,2.99,False,5.98
2025-03-05,1,153,6.0,12.99,False,77.94
2025-03-05,1,154,7.35,3.19,True,23.45
2025-03-05,1,155,2.2,3.49,False,7.68
2025-03-05,1,156,3.28,11.99,False,39.33
2025-03-05,1,157,5.39,2.99,False,16.12
2025-03-05,1,158,6.0,2.49,False,14.94
2025-03-05,1,159,5.47,12.99,False,71.06
2025-03-05,1,160,6.0,3.99,False,23.94
2025-03-06,1,101,41.06,1.49,False,61.18
2025-03-06,1,102,23.0,0.79,False,18.17
2025-03-06,1,103,17.0,2.99,False,50.83
2025-03-06,1,104,7.26,1.99,False,14.45
2025-03-06,1,105,14.52,3.49,False,50.67
2025-03-06,1,106,10.25,3.99,False,40.9
2025-03-06,1,107,13.0,1.89,False,24.57
2025-03-06,1,108,16.0,1.25,False,20.0
2025-03-06,1,109,11.0,1.99,False,21.89
2025-03-06,1,110,12.22,1.29,False,15.76
2025-03-06,1,111,14.21,1.59,False,22.59
2025-03-06,1,112,12.0,3.99,False,47.88
2025-03-06,1,113,7.0,0.69,False,4.83
2025-03-06,1,114,3.0,5.99,False,17.97
2025-03-06,1,115,11.0,3.49,False,38.39
2025-03-06,1,116,28.0,2.49,False,69.72
2025-03-06,1,117,22.0,3.79,False,83.38
2025-03-06,1,118,26.0,3.29,False,85.54
2025-03-06,1,119,15.0,5.49,False,82.35
2025-03-06,1,120,13.0,3.99,False,51.87
2025-03-06,1,121,9.0,4.99,False,44.91
2025-03-06,1,122,9.0,4.29,False,38.61
2025-03-06,1,123,38.0,2.99,False,113.62
2025-03-06,1,124,10.0,3.49,False,34.9
2025-03-06,1,125,12.0,3.99,False,47.88
2025-03-06,1,126,21.0,1.29,False,27.09
2025-03-06,1,127,21.61,8.99,False,194.27
2025-03-06,1,128,10.44,10.99,False,114.74
2025-03-06,1,129,3.62,9.49,False,34.35
2025-03-06,1,130,4.77,21.99,False,104.89
2025-03-06,1,131,3.0,9.99,False,29.97
2025-03-06,1,132,12.0,5.99,False,71.88
2025-03-06,1,133,9.0,3.99,False,35.91
2025-03-06,1,134,6.0,6.99,False,41.94
2025-03-06,1,135,14.0,4.99,False,69.86
2025-03-06,1,136,6.0,8.99,False,53.94
2025-03-06,1,137,3.0,3.29,False,9.87
2025-03-06,1,138,14.0,1.49,False,20.86
2025-03-06,1,139,10.0,2.99,False,29.9
2025-03-06,1,140,14.0,2.23,True,31.22
2025-03-06,1,141,0.0,5.99,False,0.0
2025-03-06,1,142,5.0,3.49,False,17.45
2025-03-06,1,143,13.0,1.19,False,15.47
2025-03-06,1,144,8.0,4.29,False,34.32
2025-03-06,1,145,3.0,9.99,False,29.97
2025-03-06,1,146,5.0,4.99,False,24.95
2025-03-06,1,147,10.0,5.99,False,59.9
2025-03-06,1,148,5.0,1.99,False,9.95
2025-03-06,1,149,0.0,2.99,False,0.0
2025-03-06,1,150,7.0,8.99,False,62.93
2025-03-06,1,151,13.0,9.99,False,129.87
2025-03-06,1,152,6.0,2.99,False,17.94
2025-03-06,1,153,4.0,12.99,False,51.96
2025-03-06,1,154,13.19,3.19,True,42.08
2025-03-06,1,155,3.38,3.49,False,11.8
2025-03-06,1,156,2.91,11.99,False,34.89
2025-03-06,1,157,3.2,2.99,False,9.57
2025-03-06,1,158,3.0,2.49,False,7.47
2025-03-06,1,159,4.17,12.99,False,54.17
2025-03-06,1,160,4.0,3.99,False,15.96
2025-03-07,1,101,27.55,1.49,False,41.05
2025-03-07,1,102,44.0,0.79,False,34.76
2025-03-07,1,103,15.0,2.99,False,44.85
2025-03-07,1,104,10.38,1.99,False,20.66
2025-03-07,1,105,14.43,3.49,False,50.36
2025-03-07,1,106,7.33,3.99,False,29.25
2025-03-07,1,107,8.0,1.89,False,15.12
2025-03-07,1,108,19.0,1.25,False,23.75
2025-03-07,1,109,14.0,1.99,False,27.86
2025-03-07,1,110,24.77,1.29,False,31.95
2025-03-07,1,111,6.38,1.59,False,10.14
2025-03-07,1,112,20.0,3.99,False,79.8
2025-03-07,1,113,9.0,0.69,False,6.21
2025-03-07,1,114,1.0,5.99,False,5.99
2025-03-07,1,115,3.0,3.49,False,10.47
2025-03-07,1,116,21.0,2.49,False,52.29
2025-03-07,1,117,21.0,3.79,False,79.59
2025-03-07,1,118,25.0,3.29,False,82.25
2025-03-07,1,119,10.0,5.49,False,54.9
2025-03-07,1,120,5.0,3.99,False,19.95
2025-03-07,1,121,11.0,4.99,False,54.89
2025-03-07,1,122,3.0,4.29,False,12.87
2025-03-07,1,123,22.0,2.99,False,65.78
2025-03-07,1,124,13.0,3.49,False,45.37
2025-03-07,1,125,6.0,3.99,False,23.94
2025-03-07,1,126,23.0,1.29,False,29.67
2025-03-07,1,127,23.17,8.99,False,208.3
2025-03-07,1,128,10.39,10.99,False,114.19
2025-03-07,1,129,3.17,9.49,False,30.08
2025-03-07,1,130,3.89,21.99,False,85.54
2025-03-07,1,131,3.0,9.99,False,29.97
2025-03-07,1,132,9.0,5.99,False,53.91
2025-03-07,1,133,23.0,3.99,False,91.77
2025-03-07,1,134,10.0,6.99,False,69.9
2025-03-07,1,135,14.0,4.99,False,69.86
2025-03-07,1,136,11.0,8.99,False,98.89
2025-03-07,1,137,6.0,3.29,False,19.74
2025-03-07,1,138,21.0,1.49,False,31.29
2025-03-07,1,139,10.0,2.99,False,29.9
2025-03-07,1,140,15.0,2.23,True,33.45
2025-03-07,1,141,2.0,5.99,False,11.98
2025-03-07,1,142,10.0,3.49,False,34.9
2025-03-07,1,143,12.0,1.19,False,14.28
2025-03-07,1,144,10.0,4.29,False,42.9
2025-03-07,1,145,4.0,9.99,False,39.96
2025-03-07,1,146,2.0,4.99,False,9.98
2025-03-07,1,147,4.0,5.99,False,23.96
2025-03-07,1,148,13.0,1.99,False,25.87
2025-03-07,1,149,2.0,2.99,False,5.98
2025-03-07,1,150,8.0,8.99,False,71.92
2025-03-07,1,151,8.0,9.99,False,79.92
2025-03-07,1,152,12.0,2.99,False,35.88
2025-03-07,1,153,4.0,12.99,False,51.96
2025-03-07,1,154,3.75,3.19,True,11.96
2025-03-07,1,155,4.24,3.49,False,14.8
2025-03-07,1,156,3.46,11.99,False,41.49
2025-03-07,1,157,5.38,2.99,False,16.09
2025-03-07,1,158,7.0,2.49,False,17.43
2025-03-07,1,159,3.94,12.99,False,51.18
2025-03-07,1,160,9.0,3.99,False,35.91
2025-03-08,1,101,30.13,1.49,False,44.89
2025-03-08,1,102,33.0,0.79,False,26.07
2025-03-08,1,103,16.0,2.99,False,47.84
2025-03-08,1,104,6.63,1.99,False,13.19
2025-03-08,1,105,14.74,3.49,False,51.44
2025-03-08,1,106,16.59,3.99,False,66.19
2025-03-08,1,107,20.0,1.89,False,37.8
2025-03-08,1,108,42.0,1.25,False,52.5
2025-03-08,1,109,14.0,1.99,False,27.86
2025-03-08,1,110,27.62,1.29,False,35.63
2025-03-08,1,111,13.61,1.59,False,21.64
2025-03-08,1,112,12.0,3.99,False,47.88
2025-03-08,1,113,6.0,0.69,False,4.14
2025-03-08,1,114,0.0,5.99,False,0.0
2025-03-08,1,115,8.0,3.49,False,27.92
2025-03-08,1,116,18.0,2.49,False,44.82
2025-03-08,1,117,29.0,3.79,False,109.91
2025-03-08,1,118,25.0,3.29,False,82.25
2025-03-08,1,119,5.0,5.49,False,27.45
2025-03-08,1,120,20.0,3.99,False,79.8
2025-03-08,1,121,10.0,4.99,False,49.9
2025-03-08,1,122,10.0,4.29,False,42.9
2025-03-08,1,123,27.0,2.99,False,80.73
2025-03-08,1,124,31.0,3.49,False,108.19
2025-03-08,1,125,6.0,3.99,False,23.94
2025-03-08,1,126,24.0,1.29,False,30.96
2025-03-08,1,127,11.03,8.99,False,99.16
2025-03-08,1,128,17.33,10.99,False,190.46
2025-03-08,1,129,6.07,9.49,False,57.6
2025-03-08,1,130,3.8,21.99,False,83.56
2025-03-08,1,131,5.0,9.99,False,49.95
2025-03-08,1,132,9.0,5.99,False,53.91
2025-03-08,1,133,11.0,3.99,False,43.89
2025-03-08,1,134,9.0,6.99,False,62.91
2025-03-08,1,135,12.0,4.99,False,59.88
2025-03-08,1,136,5.0,8.99,False,44.95
2025-03-08,1,137,4.0,3.29,False,13.16
2025-03-08,1,138,18.0,1.49,False,26.82
2025-03-08,1,139,5.0,2.99,False,14.95
2025-03-08,1,140,14.0,2.23,True,31.22
2025-03-08,1,141,11.0,5.99,False,65.89
2025-03-08,1,142,18.0,3.49,False,62.82
2025-03-08,1,143,19.0,1.19,False,22.61
2025-03-08,1,144,12.0,4.29,False,51.48
2025-03-08,1,145,8.0,9.99,False,79.92
2025-03-08,1,146,1.0,4.99,False,4.99
2025-03-08,1,147,10.0,5.99,False,59.9
2025-03-08,1,148,5.0,1.99,False,9.95
2025-03-08,1,149,2.0,2.99,False,5.98
2025-03-08,1,150,3.0,8.99,False,26.97
2025-03-08,1,151,14.0,9.99,False,139.86
2025-03-08,1,152,7.0,2.99,False,20.93
2025-03-08,1,153,9.0,12.99,False,116.91
2025-03-08,1,154,12.88,3.19,True,41.09
2025-03-08,1,155,3.84,3.49,False,13.4
2025-03-08,1,156,3.35,11.99,False,40.17
2025-03-08,1,157,2.91,2.99,False,8.7
2025-03-08,1,158,12.0,2.49,False,29.88
2025-03-08,1,159,4.53,12.99,False,58.84
2025-03-08,1,160,10.0,3.99,False,39.9
2025-03-09,1,101,29.7,1.49,False,44.25
2025-03-09,1,102,27.0,0.79,False,21.33
2025-03-09,1,103,23.0,2.99,False,68.77
2025-03-09,1,104,9.69,1.99,False,19.28
2025-03-09,1,105,9.44,3.49,False,32.95
2025-03-09,1,106,10.17,3.99,False,40.58
2025-03-09,1,107,9.0,1.89,False,17.01
2025-03-09,1,108,18.0,1.25,False,22.5
2025-03-09,1,109,8.0,1.99,False,15.92
2025-03-09,1,110,19.71,1.29,False,25.43
2025-03-09,1,111,12.16,1.59,False,19.33
2025-03-09,1,112,15.0,3.99,False,59.85
2025-03-09,1,113,13.0,0.69,False,8.97
2025-03-09,1,114,1.0,5.99,False,5.99
2025-03-09,1,115,21.0,3.49,False,73.29
2025-03-09,1,116,28.0,2.49,False,69.72
2025-03-09,1,117,24.0,3.79,False,90.96
2025-03-09,1,118,34.0,3.29,False,111.86
2025-03-09,1,119,15.0,5.49,False,82.35
2025-03-09,1,120,10.0,3.99,False,39.9
2025-03-09,1,121,13.0,4.99,False,64.87
2025-03-09,1,122,11.0,4.29,False,47.19
2025-03-09,1,123,19.0,2.99,False,56.81
2025-03-09,1,124,9.0,3.49,False,31.41
2025-03-09,1,125,10.0,3.99,False,39.9
2025-03-09,1,126,26.0,1.29,False,33.54
2025-03-09,1,127,12.11,8.99,False,108.87
2025-03-09,1,128,10.58,10.99,False,116.27
2025-03-09,1,129,4.77,9.49,False,45.27
2025-03-09,1,130,2.77,21.99,False,60.91
2025-03-09,1,131,5.0,9.99,False,49.95
2025-03-09,1,132,9.0,5.99,False,53.91
2025-03-09,1,133,15.0,3.99,False,59.85
2025-03-09,1,134,15.0,6.99,False,104.85
2025-03-09,1,135,11.0,4.99,False,54.89
2025-03-09,1,136,12.0,8.99,False,107.88
2025-03-09,1,137,3.0,3.29,False,9.87
2025-03-09,1,138,16.0,1.49,False,23.84
2025-03-09,1,139,8.0,2.99,False,23.92
2025-03-09,1,140,8.0,2.23,True,17.84
2025-03-09,1,141,3.0,5.99,False,17.97
2025-03-09,1,142,5.0,3.49,False,17.45
2025-03-09,1,143,5.0,1.19,False,5.95
2025-03-09,1,144,6.0,4.29,False,25.74
2025-03-09,1,145,7.0,9.99,False,69.93
2025-03-09,1,146,4.0,4.99,False,19.96
2025-03-09,1,147,14.0,5.99,False,83.86
2025-03-09,1,148,5.0,1.99,False,9.95
2025-03-09,1,149,2.0,2.99,False,5.98
2025-03-09,1,150,11.0,8.99,False,98.89
2025-03-09,1,151,14.0,9.99,False,139.86
2025-03-09,1,152,2.0,2.99,False,5.98
2025-03-09,1,153,3.0,12.99,False,38.97
2025-03-09,1,154,7.01,3.19,True,22.36
2025-03-09,1,155,3.86,3.49,False,13.47
2025-03-09,1,156,1.53,11.99,False,18.34
2025-03-09,1,157,5.59,2.99,False,16.71
2025-03-09,1,158,6.0,2.49,False,14.94
2025-03-09,1,159,3.08,12.99,False,40.01
2025-03-09,1,160,5.0,3.99,False,19.95
2025-03-10,1,101,22.85,1.19,True,27.19
2025-03-10,1,102,33.0,0.79,False,26.07
2025-03-10,1,103,13.0,2.99,False,38.87
2025-03-10,1,104,7.33,1.99,False,14.59
2025-03-10,1,105,13.54,3.49,False,47.25
2025-03-10,1,106,5.22,3.99,False,20.83
2025-03-10,1,107,14.0,1.89,False,26.46
2025-03-10,1,108,18.0,1.25,False,22.5
2025-03-10,1,109,10.0,1.99,False,19.9
2025-03-10,1,110,20.02,1.29,False,25.83
2025-03-10,1,111,6.4,1.59,False,10.18
2025-03-10,1,112,13.0,3.19,True,41.47
2025-03-10,1,113,15.0,0.69,False,10.35
2025-03-10,1,114,1.0,5.99,False,5.99
2025-03-10,1,115,8.0,3.49,False,27.92
2025-03-10,1,116,14.0,2.49,False,34.86
2025-03-10,1,117,38.0,3.79,False,144.02
2025-03-10,1,118,16.0,3.29,False,52.64
2025-03-10,1,119,5.0,5.49,False,27.45
2025-03-10,1,120,14.0,3.99,False,55.86
2025-03-10,1,121,4.0,4.99,False,19.96
2025-03-10,1,122,10.0,4.29,False,42.9
2025-03-10,1,123,21.0,2.99,False,62.79
2025-03-10,1,124,21.0,3.49,False,73.29
2025-03-10,1,125,8.0,3.19,True,25.52
2025-03-10,1,126,22.0,1.29,False,28.38
2025-03-10,1,127,14.59,7.19,True,104.9
2025-03-10,1,128,12.32,10.99,False,135.4
2025-03-10,1,129,4.51,9.49,False,42.8
2025-03-10,1,130,4.28,21.99,False,94.12
2025-03-10,1,131,9.0,7.99,True,71.91
2025-03-10,1,132,5.0,5.99,False,29.95
2025-03-10,1,133,11.0,3.99,False,43.89
2025-03-10,1,134,15.0,6.99,False,104.85
2025-03-10,1,135,12.0,4.99,False,59.88
2025-03-10,1,136,3.0,8.99,False,26.97
2025-03-10,1,137,1.0,3.29,False,3.29
2025-03-10,1,138,10.0,1.49,False,14.9
2025-03-10,1,139,6.0,2.39,True,14.34
2025-03-10,1,140,10.0,2.79,False,27.9
2025-03-10,1,141,0.0,5.99,False,0.0
2025-03-10,1,142,10.0,3.49,False,34.9
2025-03-10,1,143,24.0,0.95,True,22.8
2025-03-10,1,144,7.0,4.29,False,30.03
2025-03-10,1,145,2.0,9.99,False,19.98
2025-03-10,1,146,3.0,4.99,False,14.97
2025-03-10,1,147,6.0,5.99,False,35.94
2025-03-10,1,148,5.0,1.99,False,9.95
2025-03-10,1,149,5.0,2.99,False,14.95
2025-03-10,1,150,7.0,8.99,False,62.93
2025-03-10,1,151,6.0,9.99,False,59.94
2025-03-10,1,152,6.0,2.99,False,17.94
2025-03-10,1,153,4.0,12.99,False,51.96
2025-03-10,1,154,3.18,3.99,False,12.69
2025-03-10,1,155,1.64,3.49,False,5.72
2025-03-10,1,156,1.61,11.99,False,19.3
2025-03-10,1,157,4.53,2.99,False,13.54
2025-03-10,1,158,4.0,2.49,False,9.96
2025-03-10,1,159,3.84,12.99,False,49.88
2025-03-10,1,160,2.0,3.99,False,7.98
2025-03-11,1,101,51.7,1.19,True,61.52
2025-03-11,1,102,30.0,0.79,False,23.7
2025-03-11,1,103,13.0,2.99,False,38.87
2025-03-11,1,104,3.43,1.99,False,6.83
2025-03-11,1,105,17.35,3.49,False,60.55
2025-03-11,1,106,6.01,3.99,False,23.98
2025-03-11,1,107,23.0,1.89,False,43.47
2025-03-11,1,108,21.0,1.25,False,26.25
2025-03-11,1,109,15.0,1.99,False,29.85
2025-03-11,1,110,18.96,1.29,False,24.46
2025-03-11,1,111,7.73,1.59,False,12.29
2025-03-11,1,112,9.0,3.19,True,28.71
2025-03-11,1,113,11.0,0.69,False,7.59
2025-03-11,1,114,1.0,5.99,False,5.99
2025-03-11,1,115,6.0,3.49,False,20.94
2025-03-11,1,116,8.0,2.49,False,19.92
2025-03-11,1,117,20.0,3.79,False,75.8
2025-03-11,1,118,17.0,3.29,False,55.93
2025-03-11,1,119,7.0,5.49,False,38.43
2025-03-11,1,120,9.0,3.99,False,35.91
2025-03-11,1,121,10.0,4.99,False,49.9
2025-03-11,1,122,7.0,4.29,False,30.03
2025-03-11,1,123,22.0,2.99,False,65.78
2025-03-11,1,124,12.0,3.49,False,41.88
2025-03-11,1,125,18.0,3.19,True,57.42
2025-03-11,1,126,16.0,1.29,False,20.64
2025-03-11,1,127,20.87,7.19,True,150.06
2025-03-11,1,128,3.21,10.99,False,35.28
2025-03-11,1,129,3.31,9.49,False,31.41
2025-03-11,1,130,3.71,21.99,False,81.58
2025-03-11,1,131,11.0,7.99,True,87.89
2025-03-11,1,132,7.0,5.99,False,41.93
2025-03-11,1,133,7.0,3.99,False,27.93
2025-03-11,1,134,5.0,6.99,False,34.95
2025-03-11,1,135,6.0,4.99,False,29.94
2025-03-11,1,136,3.0,8.99,False,26.97
2025-03-11,1,137,7.0,3.29,False,23.03
2025-03-11,1,138,17.0,1.49,False,25.33
2025-03-11,1,139,7.0,2.39,True,16.73
2025-03-11,1,140,8.0,2.79,False,22.32
2025-03-11,1,141,5.0,5.99,False,29.95
2025-03-11,1,142,11.0,3.49,False,38.39
2025-03-11,1,143,24.0,0.95,True,22.8
2025-03-11,1,144,7.0,4.29,False,30.03
2025-03-11,1,145,2.0,9.99,False,19.98
2025-03-11,1,146,6.0,4.99,False,29.94
2025-03-11,1,147,8.0,5.99,False,47.92
2025-03-11,1,148,2.0,1.99,False,3.98
2025-03-11,1,149,1.0,2.99,False,2.99
2025-03-11,1,150,5.0,8.99,False,44.95
2025-03-11,1,151,5.0,9.99,False,49.95
2025-03-11,1,152,1.0,2.99,False,2.99
2025-03-11,1,153,1.0,12.99,False,12.99
2025-03-11,1,154,6.12,3.99,False,24.42
2025-03-11,1,155,3.1,3.49,False,10.82
2025-03-11,1,156,1.4,11.99,False,16.79
2025-03-11,1,157,2.18,2.99,False,6.52
2025-03-11,1,158,6.0,2.49,False,14.94
2025-03-11,1,159,4.61,12.99,False,59.88
2025-03-11,1,160,1.0,3.99,False,3.99
2025-03-12,1,101,19.68,1.19,True,23.42
2025-03-12,1,102,34.0,0.79,False,26.86
2025-03-12,1,103,16.0,2.99,False,47.84
2025-03-12,1,104,11.24,1.99,False,22.37
2025-03-12,1,105,8.23,3.49,False,28.72
2025-03-12,1,106,12.83,3.99,False,51.19
2025-03-12,1,107,12.0,1.89,False,22.68
2025-03-12,1,108,12.0,1.25,False,15.0
2025-03-12,1,109,6.0,1.99,False,11.94
2025-03-12,1,110,24.16,1.29,False,31.17
2025-03-12,1,111,7.89,1.59,False,12.55
2025-03-12,1,112,30.0,3.19,True,95.7
2025-03-12,1,113,10.0,0.69,False,6.9
2025-03-12,1,114,0.0,5.99,False,0.0
2025-03-12,1,115,10.0,3.49,False,34.9
2025-03-12,1,116,38.0,2.49,False,94.62
2025-03-12,1,117,25.0,3.79,False,94.75
2025-03-12,1,118,14.0,3.29,False,46.06
2025-03-12,1,119,7.0,5.49,False,38.43
2025-03-12,1,120,5.0,3.99,False,19.95
2025-03-12,1,121,9.0,4.99,False,44.91
2025-03-12,1,122,7.0,4.29,False,30.03
2025-03-12,1,123,18.0,2.99,False,53.82
2025-03-12,1,124,8.0,3.49,False,27.92
2025-03-12,1,125,23.0,3.19,True,73.37
2025-03-12,1,126,20.0,1.29,False,25.8
2025-03-12,1,127,20.98,7.19,True,150.85
2025-03-12,1,128,5.42,10.99,False,59.57
2025-03-12,1,129,5.92,9.49,False,56.18
2025-03-12,1,130,1.88,21.99,False,41.34
2025-03-12,1,131,8.0,7.99,True,63.92
2025-03-12,1,132,8.0,5.99,False,47.92
2025-03-12,1,133,14.0,3.99,False,55.86
2025-03-12,1,134,4.0,6.99,False,27.96
2025-03-12,1,135,11.0,4.99,False,54.89
2025-03-12,1,136,6.0,8.99,False,53.94
2025-03-12,1,137,3.0,3.29,False,9.87
2025-03-12,1,138,6.0,1.49,False,8.94
2025-03-12,1,139,9.0,2.39,True,21.51
2025-03-12,1,140,11.0,2.79,False,30.69
2025-03-12,1,141,4.0,5.99,False,23.96
2025-03-12,1,142,3.0,3.49,False,10.47
2025-03-12,1,143,0.0,0.95,True,0.0
2025-03-12,1,144,6.0,4.29,False,25.74
2025-03-12,1,145,10.0,9.99,False,99.9
2025-03-12,1,146,1.0,4.99,False,4.99
2025-03-12,1,147,4.0,5.99,False,23.96
2025-03-12,1,148,8.0,1.99,False,15.92
2025-03-12,1,149,2.0,2.99,False,5.98
2025-03-12,1,150,8.0,8.99,False,71.92
2025-03-12,1,151,6.0,9.99,False,59.94
2025-03-12,1,152,10.0,2.99,False,29.9
2025-03-12,1,153,1.0,12.99,False,12.99
2025-03-12,1,154,6.81,3.99,False,27.17
2025-03-12,1,155,2.48,3.49,False,8.66
2025-03-12,1,156,2.55,11.99,False,30.57
2025-03-12,1,157,4.42,2.99,False,13.22
2025-03-12,1,158,3.0,2.49,False,7.47
2025-03-12,1,159,3.23,12.99,False,41.96
2025-03-12,1,160,7.0,3.99,False,27.93
2025-03-13,1,101,47.25,1.19,True,56.23
2025-03-13,1,102,32.0,0.79,False,25.28
2025-03-13,1,103,8.0,2.99,False,23.92
2025-03-13,1,104,8.86,1.99,False,17.63
2025-03-13,1,105,12.41,3.49,False,43.31
2025-03-13,1,106,5.46,3.99,False,21.79
2025-03-13,1,107,22.0,1.89,False,41.58
2025-03-13,1,108,17.0,1.25,False,21.25
2025-03-13,1,109,15.0,1.99,False,29.85
2025-03-13,1,110,16.49,1.29,False,21.27
2025-03-13,1,111,10.22,1.59,False,16.25
2025-03-13,1,112,22.0,3.19,True,70.18
2025-03-13,1,113,13.0,0.69,False,8.97
2025-03-13,1,114,1.0,5.99,False,5.99
2025-03-13,1,115,10.0,3.49,False,34.9
2025-03-13,1,116,25.0,2.49,False,62.25
2025-03-13,1,117,35.0,3.79,False,132.65
2025-03-13,1,118,20.0,3.29,False,65.8
2025-03-13,1,119,9.0,5.49,False,49.41
2025-03-13,1,120,10.0,3.99,False,39.9
2025-03-13,1,121,9.0,4.99,False,44.91
2025-03-13,1,122,9.0,4.29,False,38.61
2025-03-13,1,123,13.0,2.99,False,38.87
2025-03-13,1,124,8.0,3.49,False,27.92
2025-03-13,1,125,19.0,3.19,True,60.61
2025-03-13,1,126,21.0,1.29,False,27.09
2025-03-13,1,127,25.31,7.19,True,181.98
2025-03-13,1,128,5.88,10.99,False,64.62
2025-03-13,1,129,4.81,9.49,False,45.65
2025-03-13,1,130,3.04,21.99,False,66.85
2025-03-13,1,131,8.0,7.99,True,63.92
2025-03-13,1,132,14.0,5.99,False,83.86
2025-03-13,1,133,15.0,3.99,False,59.85
2025-03-13,1,134,16.0,6.99,False,111.84
2025-03-13,1,135,6.0,4.99,False,29.94
2025-03-13,1,136,15.0,8.99,False,134.85
2025-03-13,1,137,2.0,3.29,False,6.58
2025-03-13,1,138,13.0,1.49,False,19.37
2025-03-13,1,139,18.0,2.39,True,43.02
2025-03-13,1,140,15.0,2.79,False,41.85
2025-03-13,1,141,2.0,5.99,False,11.98
2025-03-13,1,142,6.0,3.49,False,20.94
2025-03-13,1,143,17.0,0.95,True,16.15
2025-03-13,1,144,6.0,4.29,False,25.74
2025-03-13,1,145,6.0,9.99,False,59.94
2025-03-13,1,146,4.0,4.99,False,19.96
2025-03-13,1,147,7.0,5.99,False,41.93
2025-03-13,1,148,6.0,1.99,False,11.94
2025-03-13,1,149,1.0,2.99,False,2.99
2025-03-13,1,150,8.0,8.99,False,71.92
2025-03-13,1,151,15.0,9.99,False,149.85
2025-03-13,1,152,2.0,2.99,False,5.98
2025-03-13,1,153,5.0,12.99,False,64.95
2025-03-13,1,154,4.74,3.99,False,18.91
2025-03-13,1,155,1.09,3.49,False,3.8
2025-03-13,1,156,2.61,11.99,False,31.29
2025-03-13,1,157,4.96,2.99,False,14.83
2025-03-13,1,158,3.0,2.49,False,7.47
2025-03-13,1,159,2.43,12.99,False,31.57
2025-03-13,1,160,5.0,3.99,False,19.95
2025-03-14,1,101,38.96,1.19,True,46.36
2025-03-14,1,102,43.0,0.79,False,33.97
2025-03-14,1,103,13.0,2.99,False,38.87
2025-03-14,1,104,7.22,1.99,False,14.37
2025-03-14,1,105,11.43,3.49,False,39.89
2025-03-14,1,106,9.82,3.99,False,39.18
2025-03-14,1,107,15.0,1.89,False,28.35
2025-03-14,1,108,28.0,1.25,False,35.0
2025-03-14,1,109,11.0,1.99,False,21.89
2025-03-14,1,110,32.68,1.29,False,42.16
2025-03-14,1,111,10.57,1.59,False,16.81
2025-03-14,1,112,27.0,3.19,True,86.13
2025-03-14,1,113,10.0,0.69,False,6.9
2025-03-14,1,114,4.0,5.99,False,23.96
2025-03-14,1,115,13.0,3.49,False,45.37
2025-03-14,1,116,27.0,2.49,False,67.23
2025-03-14,1,117,31.0,3.79,False,117.49
2025-03-14,1,118,33.0,3.29,False,108.57
2025-03-14,1,119,19.0,5.49,False,104.31
2025-03-14,1,120,8.0,3.99,False,31.92
2025-03-14,1,121,8.0,4.99,False,39.92
2025-03-14,1,122,9.0,4.29,False,38.61
2025-03-14,1,123,29.0,2.99,False,86.71
2025-03-14,1,124,9.0,3.49,False,31.41
2025-03-14,1,125,14.0,3.19,True,44.66
2025-03-14,1,126,21.0,1.29,False,27.09
2025-03-14,1,127,26.09,7.19,True,187.59
2025-03-14,1,128,9.14,10.99,False,100.45
2025-03-14,1,129,3.37,9.49,False,31.98
2025-03-14,1,130,5.77,21.99,False,126.88
2025-03-14,1,131,6.0,7.99,True,47.94
2025-03-14,1,132,9.0,5.99,False,53.91
2025-03-14,1,133,28.0,3.99,False,111.72
2025-03-14,1,134,10.0,6.99,False,69.9
2025-03-14,1,135,12.0,4.99,False,59.88
2025-03-14,1,136,2.0,8.99,False,17.98
2025-03-14,1,137,1.0,3.29,False,3.29
2025-03-14,1,138,13.0,1.49,False,19.37
2025-03-14,1,139,18.0,2.39,True,43.02
2025-03-14,1,140,9.0,2.79,False,25.11
2025-03-14,1,141,11.0,5.99,False,65.89
2025-03-14,1,142,5.0,3.49,False,17.45
2025-03-14,1,143,31.0,0.95,True,29.45
2025-03-14,1,144,8.0,4.29,False,34.32
2025-03-14,1,145,4.0,9.99,False,39.96
2025-03-14,1,146,6.0,4.99,False,29.94
2025-03-14,1,147,8.0,5.99,False,47.92
2025-03-14,1,148,4.0,1.99,False,7.96
2025-03-14,1,149,2.0,2.99,False,5.98
2025-03-14,1,150,11.0,8.99,False,98.89
2025-03-14,1,151,17.0,9.99,False,169.83
2025-03-14,1,152,3.0,2.99,False,8.97
2025-03-14,1,153,2.0,12.99,False,25.98
2025-03-14,1,154,5.65,3.99,False,22.54
2025-03-14,1,155,3.92,3.49,False,13.68
2025-03-14,1,156,2.4,11.99,False,28.78
2025-03-14,1,157,6.67,2.99,False,19.94
2025-03-14,1,158,6.0,2.49,False,14.94
2025-03-14,1,159,2.97,12.99,False,38.58
2025-03-14,1,160,3.0,3.99,False,11.97
2025-03-15,1,101,28.6,1.19,True,34.03
2025-03-15,1,102,35.0,0.79,False,27.65
2025-03-15,1,103,19.0,2.99,False,56.81
2025-03-15,1,104,9.17,1.99,False,18.25
2025-03-15,1,105,21.08,3.49,False,73.57
2025-03-15,1,106,14.37,3.99,False,57.34
2025-03-15,1,107,16.0,1.89,False,30.24
2025-03-15,1,108,24.0,1.25,False,30.0
2025-03-15,1,109,17.0,1.99,False,33.83
2025-03-15,1,110,19.8,1.29,False,25.54
2025-03-15,1,111,21.18,1.59,False,33.68
2025-03-15,1,112,23.0,3.19,True,73.37
2025-03-15,1,113,14.0,0.69,False,9.66
2025-03-15,1,114,2.0,5.99,False,11.98
2025-03-15,1,115,21.0,3.49,False,73.29
2025-03-15,1,116,31.0,2.49,False,77.19
2025-03-15,1,117,46.0,3.79,False,174.34
2025-03-15,1,118,22.0,3.29,False,72.38
2025-03-15,1,119,10.0,5.49,False,54.9
2025-03-15,1,120,12.0,3.99,False,47.88
2025-03-15,1,121,13.0,4.99,False,64.87
2025-03-15,1,122,16.0,4.29,False,68.64
2025-03-15,1,123,18.0,2.99,False,53.82
2025-03-15,1,124,23.0,3.49,False,80.27
2025-03-15,1,125,15.0,3.19,True,47.85
2025-03-15,1,126,13.0,1.29,False,16.77
2025-03-15,1,127,19.79,7.19,True,142.29
2025-03-15,1,128,10.92,10.99,False,120.01
2025-03-15,1,129,5.64,9.49,False,53.52
2025-03-15,1,130,9.06,21.99,False,199.23
2025-03-15,1,131,17.0,7.99,True,135.83
2025-03-15,1,132,13.0,5.99,False,77.87
2025-03-15,1,133,20.0,3.99,False,79.8
2025-03-15,1,134,10.0,6.99,False,69.9
2025-03-15,1,135,16.0,4.99,False,79.84
2025-03-15,1,136,9.0,8.99,False,80.91
2025-03-15,1,137,6.0,3.29,False,19.74
2025-03-15,1,138,17.0,1.49,False,25.33
2025-03-15,1,139,0.0,2.39,True,0.0
2025-03-15,1,140,5.0,2.79,False,13.95
2025-03-15,1,141,2.0,5.99,False,11.98
2025-03-15,1,142,9.0,3.49,False,31.41
2025-03-15,1,143,0.0,0.95,True,0.0
2025-03-15,1,144,13.0,4.29,False,55.77
2025-03-15,1,145,8.0,9.99,False,79.92
2025-03-15,1,146,6.0,4.99,False,29.94
2025-03-15,1,147,10.0,5.99,False,59.9
2025-03-15,1,148,7.0,1.99,False,13.93
2025-03-15,1,149,2.0,2.99,False,5.98
2025-03-15,1,150,16.0,8.99,False,143.84
2025-03-15,1,151,9.0,9.99,False,89.91
2025-03-15,1,152,10.0,2.99,False,29.9
2025-03-15,1,153,6.0,12.99,False,77.94
2025-03-15,1,154,4.7,3.99,False,18.75
2025-03-15,1,155,5.05,3.49,False,17.62
2025-03-15,1,156,3.2,11.99,False,38.37
2025-03-15,1,157,4.37,2.99,False,13.07
2025-03-15,1,158,1.0,2.49,False,2.49
2025-03-15,1,159,3.73,12.99,False,48.45
2025-03-15,1,160,14.0,3.99,False,55.86
2025-03-16,1,101,25.5,1.19,True,30.34
2025-03-16,1,102,50.0,0.79,False,39.5
2025-03-16,1,103,6.0,2.99,False,17.94
2025-03-16,1,104,12.62,1.99,False,25.11
2025-03-16,1,105,11.63,3.49,False,40.59
2025-03-16,1,106,6.05,3.99,False,24.14
2025-03-16,1,107,24.0,1.89,False,45.36
2025-03-16,1,108,21.0,1.25,False,26.25
2025-03-16,1,109,15.0,1.99,False,29.85
2025-03-16,1,110,11.87,1.29,False,15.31
2025-03-16,1,111,10.81,1.59,False,17.19
2025-03-16,1,112,24.0,3.19,True,76.56
2025-03-16,1,113,9.0,0.69,False,6.21
2025-03-16,1,114,2.0,5.99,False,11.98
2025-03-16,1,115,17.0,3.49,False,59.33
2025-03-16,1,116,22.0,2.49,False,54.78
2025-03-16,1,117,40.0,3.79,False,151.6
2025-03-16,1,118,24.0,3.29,False,78.96
2025-03-16,1,119,6.0,5.49,False,32.94
2025-03-16,1,120,8.0,3.99,False,31.92
2025-03-16,1,121,6.0,4.99,False,29.94
2025-03-16,1,122,9.0,4.29,False,38.61
2025-03-16,1,123,10.0,2.99,False,29.9
2025-03-16,1,124,10.0,3.49,False,34.9
2025-03-16,1,125,10.0,3.19,True,31.9
2025-03-16,1,126,22.0,1.29,False,28.38
2025-03-16,1,127,21.62,7.19,True,155.45
2025-03-16,1,128,8.62,10.99,False,94.73
2025-03-16,1,129,4.05,9.49,False,38.43
2025-03-16,1,130,3.33,21.99,False,73.23
2025-03-16,1,131,13.0,7.99,True,103.87
2025-03-16,1,132,11.0,5.99,False,65.89
2025-03-16,1,133,20.0,3.99,False,79.8
2025-03-16,1,134,14.0,6.99,False,97.86
2025-03-16,1,135,22.0,4.99,False,109.78
2025-03-16,1,136,11.0,8.99,False,98.89
2025-03-16,1,137,5.0,3.29,False,16.45
2025-03-16,1,138,14.0,1.49,False,20.86
2025-03-16,1,139,11.0,2.39,True,26.29
2025-03-16,1,140,5.0,2.79,False,13.95
2025-03-16,1,141,0.0,5.99,False,0.0
2025-03-16,1,142,8.0,3.49,False,27.92
2025-03-16,1,143,20.0,0.95,True,19.0
2025-03-16,1,144,3.0,4.29,False,12.87
2025-03-16,1,145,8.0,9.99,False,79.92
2025-03-16,1,146,9.0,4.99,False,44.91
2025-03-16,1,147,9.0,5.99,False,53.91
2025-03-16,1,148,7.0,1.99,False,13.93
2025-03-16,1,149,2.0,2.99,False,5.98
2025-03-16,1,150,8.0,8.99,False,71.92
2025-03-16,1,151,10.0,9.99,False,99.9
2025-03-16,1,152,8.0,2.99,False,23.92
2025-03-16,1,153,5.0,12.99,False,64.95
2025-03-16,1,154,10.34,3.99,False,41.26
2025-03-16,1,155,1.26,3.49,False,4.4
2025-03-16,1,156,2.56,11.99,False,30.69
2025-03-16,1,157,4.17,2.99,False,12.47
2025-03-16,1,158,5.0,2.49,False,12.45
2025-03-16,1,159,3.91,12.99,False,50.79
2025-03-16,1,160,11.0,3.99,False,43.89
2025-03-17,1,101,11.68,1.49,False,17.4
2025-03-17,1,102,24.0,0.79,False,18.96
2025-03-17,1,103,5.0,2.99,False,14.95
2025-03-17,1,104,6.47,1.99,False,12.88
2025-03-17,1,105,40.07,2.79,True,111.8
2025-03-17,1,106,5.98,3.99,False,23.86
2025-03-17,1,107,24.0,1.89,False,45.36
2025-03-17,1,108,29.0,1.0,True,29.0
2025-03-17,1,109,11.0,1.99,False,21.89
2025-03-17,1,110,59.47,1.03,True,61.25
2025-03-17,1,111,8.91,1.59,False,14.17
2025-03-17,1,112,16.0,3.19,True,51.04
2025-03-17,1,113,17.0,0.69,False,11.73
2025-03-17,1,114,2.0,5.99,False,11.98
2025-03-17,1,115,7.0,3.49,False,24.43
2025-03-17,1,116,18.0,2.49,False,44.82
2025-03-17,1,117,20.0,3.79,False,75.8
2025-03-17,1,118,19.0,3.29,False,62.51
2025-03-17,1,119,4.0,5.49,False,21.96
2025-03-17,1,120,3.0,3.99,False,11.97
2025-03-17,1,121,7.0,4.99,False,34.93
2025-03-17,1,122,4.0,4.29,False,17.16
2025-03-17,1,123,11.0,2.99,False,32.89
2025-03-17,1,124,9.0,3.49,False,31.41
2025-03-17,1,125,10.0,3.99,False,39.9
2025-03-17,1,126,14.0,1.29,False,18.06
2025-03-17,1,127,11.67,8.99,False,104.91
2025-03-17,1,128,9.56,10.99,False,105.06
2025-03-17,1,129,4.1,9.49,False,38.91
2025-03-17,1,130,3.95,21.99,False,86.86
2025-03-17,1,131,3.0,9.99,False,29.97
2025-03-17,1,132,9.0,5.99,False,53.91
2025-03-17,1,133,23.0,3.99,False,91.77
2025-03-17,1,134,6.0,6.99,False,41.94
2025-03-17,1,135,7.0,4.99,False,34.93
2025-03-17,1,136,11.0,8.99,False,98.89
2025-03-17,1,137,3.0,3.29,False,9.87
2025-03-17,1,138,12.0,1.49,False,17.88
2025-03-17,1,139,6.0,2.99,False,17.94
2025-03-17,1,140,6.0,2.79,False,16.74
2025-03-17,1,141,7.0,5.99,False,41.93
2025-03-17,1,142,7.0,3.49,False,24.43
2025-03-17,1,143,7.0,1.19,False,8.33
2025-03-17,1,144,4.0,4.29,False,17.16
2025-03-17,1,145,2.0,9.99,False,19.98
2025-03-17,1,146,1.0,4.99,False,4.99
2025-03-17,1,147,1.0,5.99,False,5.99
2025-03-17,1,148,3.0,1.99,False,5.97
2025-03-17,1,149,2.0,2.99,False,5.98
2025-03-17,1,150,6.0,8.99,False,53.94
2025-03-17,1,151,8.0,7.99,True,63.92
2025-03-17,1,152,6.0,2.99,False,17.94
2025-03-17,1,153,1.0,12.99,False,12.99
2025-03-17,1,154,3.07,3.99,False,12.25
2025-03-17,1,155,2.64,3.49,False,9.21
2025-03-17,1,156,1.78,11.99,False,21.34
2025-03-17,1,157,2.79,2.99,False,8.34
2025-03-17,1,158,2.0,2.49,False,4.98
2025-03-17,1,159,2.16,12.99,False,28.06
2025-03-17,1,160,3.0,3.99,False,11.97
2025-03-18,1,101,29.26,1.49,False,43.6
2025-03-18,1,102,36.0,0.79,False,28.44
2025-03-18,1,103,9.0,2.99,False,26.91
2025-03-18,1,104,6.14,1.99,False,12.22
2025-03-18,1,105,31.57,2.79,True,88.08
2025-03-18,1,106,10.17,3.99,False,40.58
2025-03-18,1,107,6.0,1.89,False,11.34
2025-03-18,1,108,35.0,1.0,True,35.0
2025-03-18,1,109,8.0,1.99,False,15.92
2025-03-18,1,110,34.84,1.03,True,35.89
2025-03-18,1,111,12.08,1.59,False,19.21
2025-03-18,1,112,14.0,3.19,True,44.66
2025-03-18,1,113,5.0,0.69,False,3.45
2025-03-18,1,114,1.0,5.99,False,5.99
2025-03-18,1,115,7.0,3.49,False,24.43
2025-03-18,1,116,15.0,2.49,False,37.35
2025-03-18,1,117,19.0,3.79,False,72.01
2025-03-18,1,118,15.0,3.29,False,49.35
2025-03-18,1,119,5.0,5.49,False,27.45
2025-03-18,1,120,12.0,3.99,False,47.88
2025-03-18,1,121,12.0,4.99,False,59.88
2025-03-18,1,122,8.0,4.29,False,34.32
2025-03-18,1,123,9.0,2.99,False,26.91
2025-03-18,1,124,6.0,3.49,False,20.94
2025-03-18,1,125,17.0,3.99,False,67.83
2025-03-18,1,126,7.0,1.29,False,9.03
2025-03-18,1,127,14.38,8.99,False,129.28
2025-03-18,1,128,10.15,10.99,False,111.55
2025-03-18,1,129,5.99,9.49,False,56.85
2025-03-18,1,130,4.52,21.99,False,99.39
2025-03-18,1,131,9.0,9.99,False,89.91
2025-03-18,1,132,5.0,5.99,False,29.95
2025-03-18,1,133,11.0,3.99,False,43.89
2025-03-18,1,134,9.0,6.99,False,62.91
2025-03-18,1,135,11.0,4.99,False,54.89
2025-03-18,1,136,6.0,8.99,False,53.94
2025-03-18,1,137,4.0,3.29,False,13.16
2025-03-18,1,138,11.0,1.49,False,16.39
2025-03-18,1,139,9.0,2.99,False,26.91
2025-03-18,1,140,13.0,2.79,False,36.27
2025-03-18,1,141,8.0,5.99,False,47.92
2025-03-18,1,142,3.0,3.49,False,10.47
2025-03-18,1,143,7.0,1.19,False,8.33
2025-03-18,1,144,4.0,4.29,False,17.16
2025-03-18,1,145,2.0,9.99,False,19.98
2025-03-18,1,146,3.0,4.99,False,14.97
2025-03-18,1,147,7.0,5.99,False,41.93
2025-03-18,1,148,3.0,1.99,False,5.97
2025-03-18,1,149,0.0,2.99,False,0.0
2025-03-18,1,150,9.0,8.99,False,80.91
2025-03-18,1,151,13.0,7.99,True,103.87
2025-03-18,1,152,4.0,2.99,False,11.96
2025-03-18,1,153,0.0,12.99,False,0.0
2025-03-18,1,154,4.3,3.99,False,17.16
2025-03-18,1,155,2.93,3.49,False,10.23
2025-03-18,1,156,1.89,11.99,False,22.66
2025-03-18,1,157,5.43,2.99,False,16.24
2025-03-18,1,158,6.0,2.49,False,14.94
2025-03-18,1,159,2.86,12.99,False,37.15
2025-03-18,1,160,9.0,3.99,False,35.91
2025-03-19,1,101,17.2,1.49,False,25.63
2025-03-19,1,102,31.0,0.79,False,24.49
2025-03-19,1,103,9.0,2.99,False,26.91
2025-03-19,1,104,7.79,1.99,False,15.5
2025-03-19,1,105,23.94,2.79,True,66.79
2025-03-19,1,106,3.97,3.99,False,15.84
2025-03-19,1,107,9.0,1.89,False,17.01
2025-03-19,1,108,51.0,1.0,True,51.0
2025-03-19,1,109,10.0,1.99,False,19.9
2025-03-19,1,110,33.23,1.03,True,34.23
2025-03-19,1,111,7.57,1.59,False,12.04
2025-03-19,1,112,19.0,3.19,True,60.61
2025-03-19,1,113,14.0,0.69,False,9.66
2025-03-19,1,114,4.0,5.99,False,23.96
2025-03-19,1,115,10.0,3.49,False,34.9
2025-03-19,1,116,21.0,2.49,False,52.29
2025-03-19,1,117,26.0,3.79,False,98.54
2025-03-19,1,118,26.0,3.29,False,85.54
2025-03-19,1,119,13.0,5.49,False,71.37
2025-03-19,1,120,10.0,3.99,False,39.9
2025-03-19,1,121,8.0,4.99,False,39.92
2025-03-19,1,122,20.0,4.29,False,85.8
2025-03-19,1,123,17.0,2.99,False,50.83
2025-03-19,1,124,15.0,3.49,False,52.35
2025-03-19,1,125,14.0,3.99,False,55.86
2025-03-19,1,126,11.0,1.29,False,14.19
2025-03-19,1,127,10.21,8.99,False,91.79
2025-03-19,1,128,8.96,10.99,False,98.47
2025-03-19,1,129,6.16,9.49,False,58.46
2025-03-19,1,130,2.72,21.99,False,59.81
2025-03-19,1,131,1.0,9.99,False,9.99
2025-03-19,1,132,4.0,5.99,False,23.96
2025-03-19,1,133,13.0,3.99,False,51.87
2025-03-19,1,134,6.0,6.99,False,41.94
2025-03-19,1,135,8.0,4.99,False,39.92
2025-03-19,1,136,4.0,8.99,False,35.96
2025-03-19,1,137,7.0,3.29,False,23.03
2025-03-19,1,138,7.0,1.49,False,10.43
2025-03-19,1,139,9.0,2.99,False,26.91
2025-03-19,1,140,8.0,2.79,False,22.32
2025-03-19,1,141,1.0,5.99,False,5.99
2025-03-19,1,142,9.0,3.49,False,31.41
2025-03-19,1,143,10.0,1.19,False,11.9
2025-03-19,1,144,12.0,4.29,False,51.48
2025-03-19,1,145,2.0,9.99,False,19.98
2025-03-19,1,146,4.0,4.99,False,19.96
2025-03-19,1,147,16.0,5.99,False,95.84
2025-03-19,1,148,5.0,1.99,False,9.95
2025-03-19,1,149,3.0,2.99,False,8.97
2025-03-19,1,150,8.0,8.99,False,71.92
2025-03-19,1,151,20.0,7.99,True,159.8
2025-03-19,1,152,8.0,2.99,False,23.92
2025-03-19,1,153,5.0,12.99,False,64.95
2025-03-19,1,154,5.35,3.99,False,21.35
2025-03-19,1,155,3.63,3.49,False,12.67
2025-03-19,1,156,2.25,11.99,False,26.98
2025-03-19,1,157,7.16,2.99,False,21.41
2025-03-19,1,158,6.0,2.49,False,14.94
2025-03-19,1,159,3.06,12.99,False,39.75
2025-03-19,1,160,9.0,3.99,False,35.91
2025-03-20,1,101,10.74,1.49,False,16.0
2025-03-20,1,102,20.0,0.79,False,15.8
2025-03-20,1,103,16.0,2.99,False,47.84
2025-03-20,1,104,11.84,1.99,False,23.56
2025-03-20,1,105,29.56,2.79,True,82.47
2025-03-20,1,106,9.7,3.99,False,38.7
2025-03-20,1,107,15.0,1.89,False,28.35
2025-03-20,1,108,44.0,1.0,True,44.0
2025-03-20,1,109,14.0,1.99,False,27.86
2025-03-20,1,110,36.4,1.03,True,37.49
2025-03-20,1,111,12.11,1.59,False,19.25
2025-03-20,1,112,35.0,3.19,True,111.65
2025-03-20,1,113,18.0,0.69,False,12.42
2025-03-20,1,114,2.0,5.99,False,11.98
2025-03-20,1,115,11.0,3.49,False,38.39
2025-03-20,1,116,21.0,2.49,False,52.29
2025-03-20,1,117,20.0,3.79,False,75.8
2025-03-20,1,118,16.0,3.29,False,52.64
2025-03-20,1,119,9.0,5.49,False,49.41
2025-03-20,1,120,7.0,3.99,False,27.93
2025-03-20,1,121,9.0,4.99,False,44.91
2025-03-20,1,122,8.0,4.29,False,34.32
2025-03-20,1,123,23.0,2.99,False,68.77
2025-03-20,1,124,11.0,3.49,False,38.39
2025-03-20,1,125,6.0,3.99,False,23.94
2025-03-20,1,126,21.0,1.29,False,27.09
2025-03-20,1,127,9.58,8.99,False,86.12
2025-03-20,1,128,13.01,10.99,False,142.98
2025-03-20,1,129,5.3,9.49,False,50.3
2025-03-20,1,130,5.46,21.99,False,120.07
2025-03-20,1,131,7.0,9.99,False,69.93
2025-03-20,1,132,12.0,5.99,False,71.88
2025-03-20,1,133,24.0,3.99,False,95.76
2025-03-20,1,134,11.0,6.99,False,76.89
2025-03-20,1,135,8.0,4.99,False,39.92
2025-03-20,1,136,16.0,8.99,False,143.84
2025-03-20,1,137,6.0,3.29,False,19.74
2025-03-20,1,138,11.0,1.49,False,16.39
2025-03-20,1,139,7.0,2.99,False,20.93
2025-03-20,1,140,8.0,2.79,False,22.32
2025-03-20,1,141,5.0,5.99,False,29.95
2025-03-20,1,142,12.0,3.49,False,41.88
2025-03-20,1,143,19.0,1.19,False,22.61
2025-03-20,1,144,7.0,4.29,False,30.03
2025-03-20,1,145,5.0,9.99,False,49.95
2025-03-20,1,146,10.0,4.99,False,49.9
2025-03-20,1,147,6.0,5.99,False,35.94
2025-03-20,1,148,3.0,1.99,False,5.97
2025-03-20,1,149,2.0,2.99,False,5.98
2025-03-20,1,150,5.0,8.99,False,44.95
2025-03-20,1,151,15.0,7.99,True,119.85
2025-03-20,1,152,14.0,2.99,False,41.86
2025-03-20,1,153,3.0,12.99,False,38.97
2025-03-20,1,154,7.28,3.99,False,29.05
2025-03-20,1,155,3.77,3.49,False,13.16
2025-03-20,1,156,1.54,11.99,False,18.46
2025-03-20,1,157,5.39,2.99,False,16.12
2025-03-20,1,158,3.0,2.49,False,7.47
2025-03-20,1,159,1.89,12.99,False,24.55
2025-03-20,1,160,7.0,3.99,False,27.93
2025-03-21,1,101,31.63,1.49,False,47.13
2025-03-21,1,102,30.0,0.79,False,23.7
2025-03-21,1,103,22.0,2.99,False,65.78
2025-03-21,1,104,8.71,1.99,False,17.33
2025-03-21,1,105,23.99,2.79,True,66.93
2025-03-21,1,106,8.15,3.99,False,32.52
2025-03-21,1,107,9.0,1.89,False,17.01
2025-03-21,1,108,37.0,1.0,True,37.0
2025-03-21,1,109,13.0,1.99,False,25.87
2025-03-21,1,110,42.65,1.03,True,43.93
2025-03-21,1,111,8.7,1.59,False,13.83
2025-03-21,1,112,20.0,3.19,True,63.8
2025-03-21,1,113,23.0,0.69,False,15.87
2025-03-21,1,114,3.0,5.99,False,17.97
2025-03-21,1,115,8.0,3.49,False,27.92
2025-03-21,1,116,18.0,2.49,False,44.82
2025-03-21,1,117,39.0,3.79,False,147.81
2025-03-21,1,118,15.0,3.29,False,49.35
2025-03-21,1,119,11.0,5.49,False,60.39
2025-03-21,1,120,20.0,3.99,False,79.8
2025-03-21,1,121,9.0,4.99,False,44.91
2025-03-21,1,122,9.0,4.29,False,38.61
2025-03-21,1,123,14.0,2.99,False,41.86
2025-03-21,1,124,20.0,3.49,False,69.8
2025-03-21,1,125,17.0,3.99,False,67.83
2025-03-21,1,126,13.0,1.29,False,16.77
2025-03-21,1,127,12.58,8.99,False,113.09
2025-03-21,1,128,15.11,10.99,False,166.06
2025-03-21,1,129,4.23,9.49,False,40.14
2025-03-21,1,130,6.97,21.99,False,153.27
2025-03-21,1,131,9.0,9.99,False,89.91
2025-03-21,1,132,9.0,5.99,False,53.91
2025-03-21,1,133,17.0,3.99,False,67.83
2025-03-21,1,134,10.0,6.99,False,69.9
2025-03-21,1,135,3.0,4.99,False,14.97
2025-03-21,1,136,7.0,8.99,False,62.93
2025-03-21,1,137,3.0,3.29,False,9.87
2025-03-21,1,138,12.0,1.49,False,17.88
2025-03-21,1,139,10.0,2.99,False,29.9
2025-03-21,1,140,9.0,2.79,False,25.11
2025-03-21,1,141,4.0,5.99,False,23.96
2025-03-21,1,142,12.0,3.49,False,41.88
2025-03-21,1,143,8.0,1.19,False,9.52
2025-03-21,1,144,15.0,4.29,False,64.35
2025-03-21,1,145,5.0,9.99,False,49.95
2025-03-21,1,146,9.0,4.99,False,44.91
2025-03-21,1,147,7.0,5.99,False,41.93
2025-03-21,1,148,8.0,1.99,False,15.92
2025-03-21,1,149,2.0,2.99,False,5.98
2025-03-21,1,150,15.0,8.99,False,134.85
2025-03-21,1,151,20.0,7.99,True,159.8
2025-03-21,1,152,9.0,2.99,False,26.91
2025-03-21,1,153,7.0,12.99,False,90.93
2025-03-21,1,154,8.1,3.99,False,32.32
2025-03-21,1,155,2.54,3.49,False,8.86
2025-03-21,1,156,3.44,11.99,False,41.25
2025-03-21,1,157,5.38,2.99,False,16.09
2025-03-21,1,158,7.0,2.49,False,17.43
2025-03-21,1,159,6.36,12.99,False,82.62
2025-03-21,1,160,6.0,3.99,False,23.94
2025-03-22,1,101,38.5,1.49,False,57.36
2025-03-22,1,102,33.0,0.79,False,26.07
2025-03-22,1,103,14.0,2.99,False,41.86
2025-03-22,1,104,7.94,1.99,False,15.8
2025-03-22,1,105,24.64,2.79,True,68.75
2025-03-22,1,106,22.14,3.99,False,88.34
2025-03-22,1,107,14.0,1.89,False,26.46
2025-03-22,1,108,56.0,1.0,True,56.0
2025-03-22,1,109,19.0,1.99,False,37.81
2025-03-22,1,110,52.43,1.03,True,54.0
2025-03-22,1,111,17.25,1.59,False,27.43
2025-03-22,1,112,26.0,3.19,True,82.94
2025-03-22,1,113,16.0,0.69,False,11.04
2025-03-22,1,114,2.0,5.99,False,11.98
2025-03-22,1,115,5.0,3.49,False,17.45
2025-03-22,1,116,31.0,2.49,False,77.19
2025-03-22,1,117,28.0,3.79,False,106.12
2025-03-22,1,118,36.0,3.29,False,118.44
2025-03-22,1,119,19.0,5.49,False,104.31
2025-03-22,1,120,12.0,3.99,False,47.88
2025-03-22,1,121,9.0,4.99,False,44.91
2025-03-22,1,122,19.0,4.29,False,81.51
2025-03-22,1,123,25.0,2.99,False,74.75
2025-03-22,1,124,22.0,3.49,False,76.78
2025-03-22,1,125,16.0,3.99,False,63.84
2025-03-22,1,126,20.0,1.29,False,25.8
2025-03-22,1,127,20.14,8.99,False,181.06
2025-03-22,1,128,16.6,10.99,False,182.43
2025-03-22,1,129,6.58,9.49,False,62.44
2025-03-22,1,130,5.94,21.99,False,130.62
2025-03-22,1,131,10.0,9.99,False,99.9
2025-03-22,1,132,16.0,5.99,False,95.84
2025-03-22,1,133,22.0,3.99,False,87.78
2025-03-22,1,134,16.0,6.99,False,111.84
2025-03-22,1,135,8.0,4.99,False,39.92
2025-03-22,1,136,13.0,8.99,False,116.87
2025-03-22,1,137,3.0,3.29,False,9.87
2025-03-22,1,138,9.0,1.49,False,13.41
2025-03-22,1,139,14.0,2.99,False,41.86
2025-03-22,1,140,13.0,2.79,False,36.27
2025-03-22,1,141,4.0,5.99,False,23.96
2025-03-22,1,142,10.0,3.49,False,34.9
2025-03-22,1,143,24.0,1.19,False,28.56
2025-03-22,1,144,9.0,4.29,False,38.61
2025-03-22,1,145,4.0,9.99,False,39.96
2025-03-22,1,146,8.0,4.99,False,39.92
2025-03-22,1,147,15.0,5.99,False,89.85
2025-03-22,1,148,2.0,1.99,False,3.98
2025-03-22,1,149,1.0,2.99,False,2.99
2025-03-22,1,150,14.0,8.99,False,125.86
2025-03-22,1,151,12.0,7.99,True,95.88
2025-03-22,1,152,5.0,2.99,False,14.95
2025-03-22,1,153,5.0,12.99,False,64.95
2025-03-22,1,154,9.34,3.99,False,37.27
2025-03-22,1,155,3.8,3.49,False,13.26
2025-03-22,1,156,1.71,11.99,False,20.5
2025-03-22,1,157,3.73,2.99,False,11.15
2025-03-22,1,158,4.0,2.49,False,9.96
2025-03-22,1,159,4.32,12.99,False,56.12
2025-03-22,1,160,10.0,3.99,False,39.9
2025-03-23,1,101,22.28,1.49,False,33.2
2025-03-23,1,102,27.0,0.79,False,21.33
2025-03-23,1,103,13.0,2.99,False,38.87
2025-03-23,1,104,7.67,1.99,False,15.26
2025-03-23,1,105,31.19,2.79,True,87.02
2025-03-23,1,106,19.78,3.99,False,78.92
2025-03-23,1,107,14.0,1.89,False,26.46
2025-03-23,1,108,29.0,1.0,True,29.0
2025-03-23,1,109,6.0,1.99,False,11.94
2025-03-23,1,110,38.66,1.03,True,39.82
2025-03-23,1,111,13.61,1.59,False,21.64
2025-03-23,1,112,27.0,3.19,True,86.13
2025-03-23,1,113,13.0,0.69,False,8.97
2025-03-23,1,114,2.0,5.99,False,11.98
2025-03-23,1,115,5.0,3.49,False,17.45
2025-03-23,1,116,12.0,2.49,False,29.88
2025-03-23,1,117,29.0,3.79,False,109.91
2025-03-23,1,118,20.0,3.29,False,65.8
2025-03-23,1,119,11.0,5.49,False,60.39
2025-03-23,1,120,16.0,3.99,False,63.84
2025-03-23,1,121,12.0,4.99,False,59.88
2025-03-23,1,122,13.0,4.29,False,55.77
2025-03-23,1,123,18.0,2.99,False,53.82
2025-03-23,1,124,16.0,3.49,False,55.84
2025-03-23,1,125,8.0,3.99,False,31.92
2025-03-23,1,126,14.0,1.29,False,18.06
2025-03-23,1,127,12.7,8.99,False,114.17
2025-03-23,1,128,7.89,10.99,False,86.71
2025-03-23,1,129,6.64,9.49,False,63.01
2025-03-23,1,130,3.14,21.99,False,69.05
2025-03-23,1,131,7.0,9.99,False,69.93
2025-03-23,1,132,10.0,5.99,False,59.9
2025-03-23,1,133,6.0,3.99,False,23.94
2025-03-23,1,134,17.0,6.99,False,118.83
2025-03-23,1,135,9.0,4.99,False,44.91
2025-03-23,1,136,5.0,8.99,False,44.95
2025-03-23,1,137,1.0,3.29,False,3.29
2025-03-23,1,138,23.0,1.49,False,34.27
2025-03-23,1,139,7.0,2.99,False,20.93
2025-03-23,1,140,7.0,2.79,False,19.53
2025-03-23,1,141,9.0,5.99,False,53.91
2025-03-23,1,142,10.0,3.49,False,34.9
2025-03-23,1,143,21.0,1.19,False,24.99
2025-03-23,1,144,6.0,4.29,False,25.74
2025-03-23,1,145,10.0,9.99,False,99.9
2025-03-23,1,146,3.0,4.99,False,14.97
2025-03-23,1,147,16.0,5.99,False,95.84
2025-03-23,1,148,8.0,1.99,False,15.92
2025-03-23,1,149,6.0,2.99,False,17.94
2025-03-23,1,150,10.0,8.99,False,89.9
2025-03-23,1,151,24.0,7.99,True,191.76
2025-03-23,1,152,5.0,2.99,False,14.95
2025-03-23,1,153,6.0,12.99,False,77.94
2025-03-23,1,154,5.42,3.99,False,21.63
2025-03-23,1,155,2.53,3.49,False,8.83
2025-03-23,1,156,2.47,11.99,False,29.62
2025-03-23,1,157,4.62,2.99,False,13.81
2025-03-23,1,158,4.0,2.49,False,9.96
2025-03-23,1,159,4.42,12.99,False,57.42
2025-03-23,1,160,5.0,3.99,False,19.95
2025-03-24,1,101,18.96,1.49,False,28.25
2025-03-24,1,102,29.0,0.79,False,22.91
2025-03-24,1,103,19.0,2.99,False,56.81
2025-03-24,1,104,8.53,1.99,False,16.97
2025-03-24,1,105,10.84,3.49,False,37.83
2025-03-24,1,106,10.27,3.99,False,40.98
2025-03-24,1,107,8.0,1.89,False,15.12
2025-03-24,1,108,21.0,1.25,False,26.25
2025-03-24,1,109,14.0,1.99,False,27.86
2025-03-24,1,110,12.21,1.29,False,15.75
2025-03-24,1,111,11.19,1.59,False,17.79
2025-03-24,1,112,9.0,3.99,False,35.91
2025-03-24,1,113,13.0,0.69,False,8.97
2025-03-24,1,114,1.0,5.99,False,5.99
2025-03-24,1,115,7.0,3.49,False,24.43
2025-03-24,1,116,15.0,2.49,False,37.35
2025-03-24,1,117,17.0,3.79,False,64.43
2025-03-24,1,118,25.0,3.29,False,82.25
2025-03-24,1,119,6.0,5.49,False,32.94
2025-03-24,1,120,15.0,3.19,True,47.85
2025-03-24,1,121,8.0,4.99,False,39.92
2025-03-24,1,122,3.0,4.29,False,12.87
2025-03-24,1,123,12.0,2.99,False,35.88
2025-03-24,1,124,21.0,2.79,True,58.59
2025-03-24,1,125,6.0,3.99,False,23.94
2025-03-24,1,126,9.0,1.29,False,11.61
2025-03-24,1,127,9.73,8.99,False,87.47
2025-03-24,1,128,14.4,10.99,False,158.26
2025-03-24,1,129,4.76,9.49,False,45.17
2025-03-24,1,130,5.02,21.99,False,110.39
2025-03-24,1,131,5.0,9.99,False,49.95
2025-03-24,1,132,11.0,5.99,False,65.89
2025-03-24,1,133,20.0,3.99,False,79.8
2025-03-24,1,134,7.0,6.99,False,48.93
2025-03-24,1,135,14.0,4.99,False,69.86
2025-03-24,1,136,4.0,8.99,False,35.96
2025-03-24,1,137,6.0,3.29,False,19.74
2025-03-24,1,138,19.0,1.49,False,28.31
2025-03-24,1,139,8.0,2.99,False,23.92
2025-03-24,1,140,9.0,2.79,False,25.11
2025-03-24,1,141,2.0,5.99,False,11.98
2025-03-24,1,142,6.0,3.49,False,20.94
2025-03-24,1,143,3.0,1.19,False,3.57
2025-03-24,1,144,5.0,4.29,False,21.45
2025-03-24,1,145,2.0,9.99,False,19.98
2025-03-24,1,146,6.0,4.99,False,29.94
2025-03-24,1,147,11.0,5.99,False,65.89
2025-03-24,1,148,6.0,1.99,False,11.94
2025-03-24,1,149,1.0,2.99,False,2.99
2025-03-24,1,150,5.0,8.99,False,44.95
2025-03-24,1,151,6.0,9.99,False,59.94
2025-03-24,1,152,4.0,2.99,False,11.96
2025-03-24,1,153,2.0,12.99,False,25.98
2025-03-24,1,154,2.82,3.99,False,11.25
2025-03-24,1,155,3.74,3.49,False,13.05
2025-03-24,1,156,3.24,11.99,False,38.85
2025-03-24,1,157,4.16,2.99,False,12.44
2025-03-24,1,158,3.0,2.49,False,7.47
2025-03-24,1,159,2.29,12.99,False,29.75
2025-03-24,1,160,6.0,3.99,False,23.94
2025-03-25,1,101,26.73,1.49,False,39.83
2025-03-25,1,102,20.0,0.79,False,15.8
2025-03-25,1,103,11.0,2.99,False,32.89
2025-03-25,1,104,8.17,1.99,False,16.26
2025-03-25,1,105,15.29,3.49,False,53.36
2025-03-25,1,106,9.59,3.99,False,38.26
2025-03-25,1,107,10.0,1.89,False,18.9
2025-03-25,1,108,22.0,1.25,False,27.5
2025-03-25,1,109,14.0,1.99,False,27.86
2025-03-25,1,110,16.69,1.29,False,21.53
2025-03-25,1,111,11.33,1.59,False,18.01
2025-03-25,1,112,13.0,3.99,False,51.87
2025-03-25,1,113,8.0,0.69,False,5.52
2025-03-25,1,114,3.0,5.99,False,17.97
2025-03-25,1,115,10.0,3.49,False,34.9
2025-03-25,1,116,34.0,2.49,False,84.66
2025-03-25,1,117,26.0,3.79,False,98.54
2025-03-25,1,118,13.0,3.29,False,42.77
2025-03-25,1,119,12.0,5.49,False,65.88
2025-03-25,1,120,15.0,3.19,True,47.85
2025-03-25,1,121,5.0,4.99,False,24.95
2025-03-25,1,122,10.0,4.29,False,42.9
2025-03-25,1,123,20.0,2.99,False,59.8
2025-03-25,1,124,18.0,2.79,True,50.22
2025-03-25,1,125,7.0,3.99,False,27.93
2025-03-25,1,126,18.0,1.29,False,23.22
2025-03-25,1,127,15.85,8.99,False,142.49
2025-03-25,1,128,15.69,10.99,False,172.43
2025-03-25,1,129,7.01,9.49,False,66.52
2025-03-25,1,130,5.81,21.99,False,127.76
2025-03-25,1,131,6.0,9.99,False,59.94
2025-03-25,1,132,12.0,5.99,False,71.88
2025-03-25,1,133,11.0,3.99,False,43.89
2025-03-25,1,134,7.0,6.99,False,48.93
2025-03-25,1,135,11.0,4.99,False,54.89
2025-03-25,1,136,3.0,8.99,False,26.97
2025-03-25,1,137,8.0,3.29,False,26.32
2025-03-25,1,138,11.0,1.49,False,16.39
2025-03-25,1,139,8.0,2.99,False,23.92
2025-03-25,1,140,3.0,2.79,False,8.37
2025-03-25,1,141,3.0,5.99,False,17.97
2025-03-25,1,142,8.0,3.49,False,27.92
2025-03-25,1,143,19.0,1.19,False,22.61
2025-03-25,1,144,8.0,4.29,False,34.32
2025-03-25,1,145,5.0,9.99,False,49.95
2025-03-25,1,146,4.0,4.99,False,19.96
2025-03-25,1,147,6.0,5.99,False,35.94
2025-03-25,1,148,3.0,1.99,False,5.97
2025-03-25,1,149,2.0,2.99,False,5.98
2025-03-25,1,150,7.0,8.99,False,62.93
2025-03-25,1,151,16.0,9.99,False,159.84
2025-03-25,1,152,3.0,2.99,False,8.97
2025-03-25,1,153,3.0,12.99,False,38.97
2025-03-25,1,154,6.37,3.99,False,25.42
2025-03-25,1,155,3.22,3.49,False,11.24
2025-03-25,1,156,1.53,11.99,False,18.34
2025-03-25,1,157,5.78,2.99,False,17.28
2025-03-25,1,158,6.0,2.49,False,14.94
2025-03-25,1,159,4.15,12.99,False,53.91
2025-03-25,1,160,3.0,3.99,False,11.97
2025-03-26,1,101,28.97,1.49,False,43.17
2025-03-26,1,102,27.0,0.79,False,21.33
2025-03-26,1,103,29.0,2.99,False,86.71
2025-03-26,1,104,6.22,1.99,False,12.38
2025-03-26,1,105,10.86,3.49,False,37.9
2025-03-26,1,106,8.4,3.99,False,33.52
2025-03-26,1,107,6.0,1.89,False,11.34
2025-03-26,1,108,35.0,1.25,False,43.75
2025-03-26,1,109,14.0,1.99,False,27.86
2025-03-26,1,110,16.38,1.29,False,21.13
2025-03-26,1,111,11.52,1.59,False,18.32
2025-03-26,1,112,14.0,3.99,False,55.86
2025-03-26,1,113,12.0,0.69,False,8.28
2025-03-26,1,114,1.0,5.99,False,5.99
2025-03-26,1,115,6.0,3.49,False,20.94
2025-03-26,1,116,29.0,2.49,False,72.21
2025-03-26,1,117,25.0,3.79,False,94.75
2025-03-26,1,118,22.0,3.29,False,72.38
2025-03-26,1,119,8.0,5.49,False,43.92
2025-03-26,1,120,21.0,3.19,True,66.99
2025-03-26,1,121,9.0,4.99,False,44.91
2025-03-26,1,122,10.0,4.29,False,42.9
2025-03-26,1,123,15.0,2.99,False,44.85
2025-03-26,1,124,17.0,2.79,True,47.43
2025-03-26,1,125,6.0,3.99,False,23.94
2025-03-26,1,126,15.0,1.29,False,19.35
2025-03-26,1,127,5.95,8.99,False,53.49
2025-03-26,1,128,9.77,10.99,False,107.37
2025-03-26,1,129,4.06,9.49,False,38.53
2025-03-26,1,130,2.69,21.99,False,59.15
2025-03-26,1,131,5.0,9.99,False,49.95
2025-03-26,1,132,7.0,5.99,False,41.93
2025-03-26,1,133,11.0,3.99,False,43.89
2025-03-26,1,134,7.0,6.99,False,48.93
2025-03-26,1,135,6.0,4.99,False,29.94
2025-03-26,1,136,9.0,8.99,False,80.91
2025-03-26,1,137,3.0,3.29,False,9.87
2025-03-26,1,138,12.0,1.49,False,17.88
2025-03-26,1,139,8.0,2.99,False,23.92
2025-03-26,1,140,7.0,2.79,False,19.53
2025-03-26,1,141,2.0,5.99,False,11.98
2025-03-26,1,142,9.0,3.49,False,31.41
2025-03-26,1,143,12.0,1.19,False,14.28
2025-03-26,1,144,14.0,4.29,False,60.06
2025-03-26,1,145,6.0,9.99,False,59.94
2025-03-26,1,146,4.0,4.99,False,19.96
2025-03-26,1,147,8.0,5.99,False,47.92
2025-03-26,1,148,7.0,1.99,False,13.93
2025-03-26,1,149,5.0,2.99,False,14.95
2025-03-26,1,150,6.0,8.99,False,53.94
2025-03-26,1,151,6.0,9.99,False,59.94
2025-03-26,1,152,3.0,2.99,False,8.97
2025-03-26,1,153,4.0,12.99,False,51.96
2025-03-26,1,154,4.09,3.99,False,16.32
2025-03-26,1,155,2.21,3.49,False,7.71
2025-03-26,1,156,2.23,11.99,False,26.74
2025-03-26,1,157,2.63,2.99,False,7.86
2025-03-26,1,158,3.0,2.49,False,7.47
2025-03-26,1,159,4.99,12.99,False,64.82
2025-03-26,1,160,7.0,3.99,False,27.93
2025-03-27,1,101,34.88,1.49,False,51.97
2025-03-27,1,102,45.0,0.79,False,35.55
2025-03-27,1,103,14.0,2.99,False,41.86
2025-03-27,1,104,12.21,1.99,False,24.3
2025-03-27,1,105,11.26,3.49,False,39.3
2025-03-27,1,106,7.74,3.99,False,30.88
2025-03-27,1,107,18.0,1.89,False,34.02
2025-03-27,1,108,25.0,1.25,False,31.25
2025-03-27,1,109,9.0,1.99,False,17.91
2025-03-27,1,110,16.79,1.29,False,21.66
2025-03-27,1,111,6.47,1.59,False,10.29
2025-03-27,1,112,2.0,3.99,False,7.98
2025-03-27,1,113,11.0,0.69,False,7.59
2025-03-27,1,114,2.0,5.99,False,11.98
2025-03-27,1,115,10.0,3.49,False,34.9
2025-03-27,1,116,18.0,2.49,False,44.82
2025-03-27,1,117,16.0,3.79,False,60.64
2025-03-27,1,118,28.0,3.29,False,92.12
2025-03-27,1,119,19.0,5.49,False,104.31
2025-03-27,1,120,30.0,3.19,True,95.7
2025-03-27,1,121,8.0,4.99,False,39.92
2025-03-27,1,122,10.0,4.29,False,42.9
2025-03-27,1,123,15.0,2.99,False,44.85
2025-03-27,1,124,23.0,2.79,True,64.17
2025-03-27,1,125,6.0,3.99,False,23.94
2025-03-27,1,126,11.0,1.29,False,14.19
2025-03-27,1,127,14.13,8.99,False,127.03
2025-03-27,1,128,8.11,10.99,False,89.13
2025-03-27,1,129,5.06,9.49,False,48.02
2025-03-27,1,130,3.18,21.99,False,69.93
2025-03-27,1,131,2.0,9.99,False,19.98
2025-03-27,1,132,9.0,5.99,False,53.91
2025-03-27,1,133,17.0,3.99,False,67.83
2025-03-27,1,134,11.0,6.99,False,76.89
2025-03-27,1,135,7.0,4.99,False,34.93
2025-03-27,1,136,8.0,8.99,False,71.92
2025-03-27,1,137,5.0,3.29,False,16.45
2025-03-27,1,138,10.0,1.49,False,14.9
2025-03-27,1,139,8.0,2.99,False,23.92
2025-03-27,1,140,5.0,2.79,False,13.95
2025-03-27,1,141,8.0,5.99,False,47.92
2025-03-27,1,142,11.0,3.49,False,38.39
2025-03-27,1,143,8.0,1.19,False,9.52
2025-03-27,1,144,8.0,4.29,False,34.32
2025-03-27,1,145,5.0,9.99,False,49.95
2025-03-27,1,146,3.0,4.99,False,14.97
2025-03-27,1,147,11.0,5.99,False,65.89
2025-03-27,1,148,6.0,1.99,False,11.94
2025-03-27,1,149,0.0,2.99,False,0.0
2025-03-27,1,150,10.0,8.99,False,89.9
2025-03-27,1,151,14.0,9.99,False,139.86
2025-03-27,1,152,5.0,2.99,False,14.95
2025-03-27,1,153,2.0,12.99,False,25.98
2025-03-27,1,154,8.17,3.99,False,32.6
2025-03-27,1,155,2.97,3.49,False,10.37
2025-03-27,1,156,1.24,11.99,False,14.87
2025-03-27,1,157,5.6,2.99,False,16.74
2025-03-27,1,158,8.0,2.49,False,19.92
2025-03-27,1,159,7.15,12.99,False,92.88
2025-03-27,1,160,5.0,3.99,False,19.95
2025-03-28,1,101,26.62,1.49,False,39.66
2025-03-28,1,102,24.0,0.79,False,18.96
2025-03-28,1,103,16.0,2.99,False,47.84
2025-03-28,1,104,6.99,1.99,False,13.91
2025-03-28,1,105,14.14,3.49,False,49.35
2025-03-28,1,106,15.15,3.99,False,60.45
2025-03-28,1,107,17.0,1.89,False,32.13
2025-03-28,1,108,33.0,1.25,False,41.25
2025-03-28,1,109,14.0,1.99,False,27.86
2025-03-28,1,110,24.96,1.29,False,32.2
2025-03-28,1,111,13.0,1.59,False,20.67
2025-03-28,1,112,20.0,3.99,False,79.8
2025-03-28,1,113,22.0,0.69,False,15.18
2025-03-28,1,114,4.0,5.99,False,23.96
2025-03-28,1,115,9.0,3.49,False,31.41
2025-03-28,1,116,33.0,2.49,False,82.17
2025-03-28,1,117,35.0,3.79,False,132.65
2025-03-28,1,118,33.0,3.29,False,108.57
2025-03-28,1,119,13.0,5.49,False,71.37
2025-03-28,1,120,15.0,3.19,True,47.85
2025-03-28,1,121,12.0,4.99,False,59.88
2025-03-28,1,122,8.0,4.29,False,34.32
2025-03-28,1,123,15.0,2.99,False,44.85
2025-03-28,1,124,23.0,2.79,True,64.17
2025-03-28,1,125,4.0,3.99,False,15.96
2025-03-28,1,126,25.0,1.29,False,32.25
2025-03-28,1,127,16.13,8.99,False,145.01
2025-03-28,1,128,7.77,10.99,False,85.39
2025-03-28,1,129,3.36,9.49,False,31.89
2025-03-28,1,130,4.61,21.99,False,101.37
2025-03-28,1,131,7.0,9.99,False,69.93
2025-03-28,1,132,13.0,5.99,False,77.87
2025-03-28,1,133,22.0,3.99,False,87.78
2025-03-28,1,134,7.0,6.99,False,48.93
2025-03-28,1,135,20.0,4.99,False,99.8
2025-03-28,1,136,17.0,8.99,False,152.83
2025-03-28,1,137,2.0,3.29,False,6.58
2025-03-28,1,138,8.0,1.49,False,11.92
2025-03-28,1,139,4.0,2.99,False,11.96
2025-03-28,1,140,4.0,2.79,False,11.16
2025-03-28,1,141,1.0,5.99,False,5.99
2025-03-28,1,142,8.0,3.49,False,27.92
2025-03-28,1,143,11.0,1.19,False,13.09
2025-03-28,1,144,11.0,4.29,False,47.19
2025-03-28,1,145,7.0,9.99,False,69.93
2025-03-28,1,146,20.0,4.99,False,99.8
2025-03-28,1,147,17.0,5.99,False,101.83
2025-03-28,1,148,7.0,1.99,False,13.93
2025-03-28,1,149,1.0,2.99,False,2.99
2025-03-28,1,150,9.0,8.99,False,80.91
2025-03-28,1,151,15.0,9.99,False,149.85
2025-03-28,1,152,8.0,2.99,False,23.92
2025-03-28,1,153,1.0,12.99,False,12.99
2025-03-28,1,154,5.92,3.99,False,23.62
2025-03-28,1,155,4.59,3.49,False,16.02
2025-03-28,1,156,1.89,11.99,False,22.66
2025-03-28,1,157,5.42,2.99,False,16.21
2025-03-28,1,158,5.0,2.49,False,12.45
2025-03-28,1,159,2.59,12.99,False,33.64
2025-03-28,1,160,5.0,3.99,False,19.95
2025-03-29,1,101,48.7,1.49,False,72.56
2025-03-29,1,102,48.0,0.79,False,37.92
2025-03-29,1,103,15.0,2.99,False,44.85
2025-03-29,1,104,8.52,1.99,False,16.95
2025-03-29,1,105,31.11,3.49,False,108.57
2025-03-29,1,106,21.35,3.99,False,85.19
2025-03-29,1,107,21.0,1.89,False,39.69
2025-03-29,1,108,30.0,1.25,False,37.5
2025-03-29,1,109,14.0,1.99,False,27.86
2025-03-29,1,110,21.61,1.29,False,27.88
2025-03-29,1,111,16.79,1.59,False,26.7
2025-03-29,1,112,18.0,3.99,False,71.82
2025-03-29,1,113,24.0,0.69,False,16.56
2025-03-29,1,114,4.0,5.99,False,23.96
2025-03-29,1,115,12.0,3.49,False,41.88
2025-03-29,1,116,34.0,2.49,False,84.66
2025-03-29,1,117,31.0,3.79,False,117.49
2025-03-29,1,118,30.0,3.29,False,98.7
2025-03-29,1,119,21.0,5.49,False,115.29
2025-03-29,1,120,23.0,3.19,True,73.37
2025-03-29,1,121,13.0,4.99,False,64.87
2025-03-29,1,122,19.0,4.29,False,81.51
2025-03-29,1,123,26.0,2.99,False,77.74
2025-03-29,1,124,33.0,2.79,True,92.07
2025-03-29,1,125,10.0,3.99,False,39.9
2025-03-29,1,126,21.0,1.29,False,27.09
2025-03-29,1,127,14.38,8.99,False,129.28
2025-03-29,1,128,14.49,10.99,False,159.25
2025-03-29,1,129,6.42,9.49,False,60.93
2025-03-29,1,130,7.76,21.99,False,170.64
2025-03-29,1,131,7.0,9.99,False,69.93
2025-03-29,1,132,19.0,5.99,False,113.81
2025-03-29,1,133,25.0,3.99,False,99.75
2025-03-29,1,134,22.0,6.99,False,153.78
2025-03-29,1,135,28.0,4.99,False,139.72
2025-03-29,1,136,7.0,8.99,False,62.93
2025-03-29,1,137,12.0,3.29,False,39.48
2025-03-29,1,138,15.0,1.49,False,22.35
2025-03-29,1,139,17.0,2.99,False,50.83
2025-03-29,1,140,5.0,2.79,False,13.95
2025-03-29,1,141,8.0,5.99,False,47.92
2025-03-29,1,142,8.0,3.49,False,27.92
2025-03-29,1,143,9.0,1.19,False,10.71
2025-03-29,1,144,7.0,4.29,False,30.03
2025-03-29,1,145,9.0,9.99,False,89.91
2025-03-29,1,146,6.0,4.99,False,29.94
2025-03-29,1,147,10.0,5.99,False,59.9
2025-03-29,1,148,11.0,1.99,False,21.89
2025-03-29,1,149,4.0,2.99,False,11.96
2025-03-29,1,150,9.0,8.99,False,80.91
2025-03-29,1,151,17.0,9.99,False,169.83
2025-03-29,1,152,4.0,2.99,False,11.96
2025-03-29,1,153,4.0,12.99,False,51.96
2025-03-29,1,154,6.75,3.99,False,26.93
2025-03-29,1,155,3.49,3.49,False,12.18
2025-03-29,1,156,2.53,11.99,False,30.33
2025-03-29,1,157,2.28,2.99,False,6.82
2025-03-29,1,158,4.0,2.49,False,9.96
2025-03-29,1,159,3.97,12.99,False,51.57
2025-03-29,1,160,13.0,3.99,False,51.87
2025-03-30,1,101,27.18,1.49,False,40.5
2025-03-30,1,102,36.0,0.79,False,28.44
2025-03-30,1,103,16.0,2.99,False,47.84
2025-03-30,1,104,8.58,1.99,False,17.07
2025-03-30,1,105,10.07,3.49,False,35.14
2025-03-30,1,106,9.01,3.99,False,35.95
2025-03-30,1,107,22.0,1.89,False,41.58
2025-03-30,1,108,17.0,1.25,False,21.25
2025-03-30,1,109,6.0,1.99,False,11.94
2025-03-30,1,110,31.96,1.29,False,41.23
2025-03-30,1,111,9.59,1.59,False,15.25
2025-03-30,1,112,18.0,3.99,False,71.82
2025-03-30,1,113,10.0,0.69,False,6.9
2025-03-30,1,114,1.0,5.99,False,5.99
2025-03-30,1,115,8.0,3.49,False,27.92
2025-03-30,1,116,23.0,2.49,False,57.27
2025-03-30,1,117,20.0,3.79,False,75.8
2025-03-30,1,118,27.0,3.29,False,88.83
2025-03-30,1,119,10.0,5.49,False,54.9
2025-03-30,1,120,15.0,3.19,True,47.85
2025-03-30,1,121,9.0,4.99,False,44.91
2025-03-30,1,122,16.0,4.29,False,68.64
2025-03-30,1,123,19.0,2.99,False,56.81
2025-03-30,1,124,30.0,2.79,True,83.7
2025-03-30,1,125,11.0,3.99,False,43.89
2025-03-30,1,126,8.0,1.29,False,10.32
2025-03-30,1,127,9.01,8.99,False,81.0
2025-03-30,1,128,13.03,10.99,False,143.2
2025-03-30,1,129,4.87,9.49,False,46.22
2025-03-30,1,130,5.54,21.99,False,121.82
2025-03-30,1,131,9.0,9.99,False,89.91
2025-03-30,1,132,19.0,5.99,False,113.81
2025-03-30,1,133,20.0,3.99,False,79.8
2025-03-30,1,134,9.0,6.99,False,62.91
2025-03-30,1,135,15.0,4.99,False,74.85
2025-03-30,1,136,8.0,8.99,False,71.92
2025-03-30,1,137,7.0,3.29,False,23.03
2025-03-30,1,138,10.0,1.49,False,14.9
2025-03-30,1,139,6.0,2.99,False,17.94
2025-03-30,1,140,6.0,2.79,False,16.74
2025-03-30,1,141,4.0,5.99,False,23.96
2025-03-30,1,142,5.0,3.49,False,17.45
2025-03-30,1,143,15.0,1.19,False,17.85
2025-03-30,1,144,11.0,4.29,False,47.19
2025-03-30,1,145,5.0,9.99,False,49.95
2025-03-30,1,146,4.0,4.99,False,19.96
2025-03-30,1,147,13.0,5.99,False,77.87
2025-03-30,1,148,2.0,1.99,False,3.98
2025-03-30,1,149,1.0,2.99,False,2.99
2025-03-30,1,150,13.0,8.99,False,116.87
2025-03-30,1,151,10.0,9.99,False,99.9
2025-03-30,1,152,9.0,2.99,False,26.91
2025-03-30,1,153,4.0,12.99,False,51.96
2025-03-30,1,154,6.01,3.99,False,23.98
2025-03-30,1,155,3.26,3.49,False,11.38
2025-03-30,1,156,3.46,11.99,False,41.49
2025-03-30,1,157,3.67,2.99,False,10.97
2025-03-30,1,158,4.0,2.49,False,9.96
2025-03-30,1,159,3.81,12.99,False,49.49
2025-03-30,1,160,14.0,3.99,False,55.86
2025-03-31,1,101,26.58,1.49,False,39.6
2025-03-31,1,102,30.0,0.79,False,23.7
2025-03-31,1,103,4.0,2.99,False,11.96
2025-03-31,1,104,10.17,1.59,True,16.17
2025-03-31,1,105,40.65,2.79,True,113.41
2025-03-31,1,106,10.14,3.99,False,40.46
2025-03-31,1,107,11.0,1.89,False,20.79
2025-03-31,1,108,16.0,1.25,False,20.0
2025-03-31,1,109,5.0,1.99,False,9.95
2025-03-31,1,110,16.97,1.29,False,21.89
2025-03-31,1,111,9.03,1.59,False,14.36
2025-03-31,1,112,8.0,3.99,False,31.92
2025-03-31,1,113,11.0,0.69,False,7.59
2025-03-31,1,114,2.0,5.99,False,11.98
2025-03-31,1,115,5.0,3.49,False,17.45
2025-03-31,1,116,16.0,2.49,False,39.84
2025-03-31,1,117,23.0,3.79,False,87.17
2025-03-31,1,118,15.0,3.29,False,49.35
2025-03-31,1,119,5.0,5.49,False,27.45
2025-03-31,1,120,6.0,3.99,False,23.94
2025-03-31,1,121,8.0,4.99,False,39.92
2025-03-31,1,122,17.0,4.29,False,72.93
2025-03-31,1,123,9.0,2.99,False,26.91
2025-03-31,1,124,10.0,3.49,False,34.9
2025-03-31,1,125,13.0,3.99,False,51.87
2025-03-31,1,126,13.0,1.29,False,16.77
2025-03-31,1,127,8.73,8.99,False,78.48
2025-03-31,1,128,6.72,10.99,False,73.85
2025-03-31,1,129,6.41,9.49,False,60.83
2025-03-31,1,130,4.06,21.99,False,89.28
2025-03-31,1,131,4.0,9.99,False,39.96
2025-03-31,1,132,6.0,5.99,False,35.94
2025-03-31,1,133,17.0,3.99,False,67.83
2025-03-31,1,134,7.0,6.99,False,48.93
2025-03-31,1,135,21.0,4.99,False,104.79
2025-03-31,1,136,4.0,8.99,False,35.96
2025-03-31,1,137,1.0,3.29,False,3.29
2025-03-31,1,138,14.0,1.49,False,20.86
2025-03-31,1,139,10.0,2.99,False,29.9
2025-03-31,1,140,8.0,2.23,True,17.84
2025-03-31,1,141,2.0,5.99,False,11.98
2025-03-31,1,142,2.0,3.49,False,6.98
2025-03-31,1,143,12.0,1.19,False,14.28
2025-03-31,1,144,10.0,4.29,False,42.9
2025-03-31,1,145,1.0,9.99,False,9.99
2025-03-31,1,146,9.0,4.99,False,44.91
2025-03-31,1,147,9.0,5.99,False,53.91
2025-03-31,1,148,9.0,1.59,True,14.31
2025-03-31,1,149,2.0,2.99,False,5.98
2025-03-31,1,150,4.0,7.19,True,28.76
2025-03-31,1,151,16.0,9.99,False,159.84
2025-03-31,1,152,6.0,2.99,False,17.94
2025-03-31,1,153,6.0,12.99,False,77.94
2025-03-31,1,154,3.97,3.99,False,15.84
2025-03-31,1,155,2.41,3.49,False,8.41
2025-03-31,1,156,1.29,11.99,False,15.47
2025-03-31,1,157,3.1,2.99,False,9.27
2025-03-31,1,158,3.0,2.49,False,7.47
2025-03-31,1,159,4.82,12.99,False,62.61
2025-03-31,1,160,6.0,3.99,False,23.94
