date,store_id,product_id,counted_qty,counted_by
2025-03-02,1,101,52.01,E013
2025-03-02,1,102,59.0,E014
2025-03-02,1,103,36.0,E013
2025-03-02,1,104,16.21,E014
2025-03-02,1,105,46.35,E013
2025-03-02,1,106,20.68,E013
2025-03-02,1,107,50.0,E012
2025-03-02,1,108,57.0,E013
2025-03-02,1,109,19.0,E014
2025-03-02,1,110,64.96,E012
2025-03-02,1,111,12.48,E012
2025-03-02,1,112,38.0,E011
2025-03-02,1,113,58.0,E011
2025-03-02,1,114,18.0,E011
2025-03-02,1,115,35.0,E011
2025-03-02,1,116,45.0,E013
2025-03-02,1,117,52.0,E012
2025-03-02,1,118,57.0,E013
2025-03-02,1,119,16.0,E014
2025-03-02,1,120,29.0,E012
2025-03-02,1,121,28.0,E013
2025-03-02,1,122,25.0,E013
2025-03-02,1,123,66.0,E011
2025-03-02,1,124,22.0,E012
2025-03-02,1,125,16.0,E014
2025-03-02,1,126,42.0,E014
2025-03-02,1,127,25.27,E014
2025-03-02,1,128,14.26,E012
2025-03-02,1,129,11.86,E011
2025-03-02,1,130,11.58,E011
2025-03-02,1,131,15.0,E014
2025-03-02,1,132,15.0,E012
2025-03-02,1,133,39.0,E012
2025-03-02,1,134,0.0,E014
2025-03-02,1,135,19.0,E014
2025-03-02,1,136,25.0,E013
2025-03-02,1,137,8.0,E011
2025-03-02,1,138,25.0,E014
2025-03-02,1,139,12.0,E012
2025-03-02,1,140,18.0,E011
2025-03-02,1,141,0.0,E013
2025-03-02,1,142,22.0,E012
2025-03-02,1,143,0.0,E012
2025-03-02,1,144,27.0,E012
2025-03-02,1,145,17.0,E012
2025-03-02,1,146,25.0,E012
2025-03-02,1,147,31.0,E011
2025-03-02,1,148,12.0,E011
2025-03-02,1,149,4.0,E013
2025-03-02,1,150,4.0,E011
2025-03-02,1,151,24.0,E012
2025-03-02,1,152,11.0,E013
2025-03-02,1,153,5.0,E012
2025-03-02,1,154,16.23,E011
2025-03-02,1,155,8.2,E012
2025-03-02,1,156,20.44,E012
2025-03-02,1,157,19.23,E013
2025-03-02,1,158,11.0,E011
2025-03-02,1,159,10.33,E011
2025-03-02,1,160,27.0,E014
2025-03-09,1,101,58.23,E013
2025-03-09,1,102,58.0,E014
2025-03-09,1,103,19.0,E012
2025-03-09,1,104,27.41,E013
2025-03-09,1,105,41.85,E011
2025-03-09,1,106,37.33,E011
2025-03-09,1,107,58.0,E012
2025-03-09,1,108,49.0,E013
2025-03-09,1,109,29.0,E011
2025-03-09,1,110,47.91,E011
2025-03-09,1,111,17.93,E012
2025-03-09,1,112,27.0,E014
2025-03-09,1,113,79.0,E012
2025-03-09,1,114,10.0,E013
2025-03-09,1,115,7.0,E012
2025-03-09,1,116,35.0,E011
2025-03-09,1,117,72.0,E013
2025-03-09,1,118,52.0,E011
2025-03-09,1,119,15.0,E013
2025-03-09,1,120,34.0,E012
2025-03-09,1,121,15.0,E011
2025-03-09,1,122,41.0,E013
2025-03-09,1,123,60.0,E014
2025-03-09,1,124,38.0,E013
2025-03-09,1,125,21.0,E013
2025-03-09,1,126,31.0,E013
2025-03-09,1,127,47.34,E011
2025-03-09,1,128,16.26,E012
2025-03-09,1,129,13.89,E014
2025-03-09,1,130,15.02,E014
2025-03-09,1,131,17.0,E012
2025-03-09,1,132,26.0,E011
2025-03-09,1,133,32.0,E014
2025-03-09,1,134,23.0,E011
2025-03-09,1,135,21.0,E012
2025-03-09,1,136,18.0,E014
2025-03-09,1,137,14.0,E014
2025-03-09,1,138,17.0,E013
2025-03-09,1,139,22.0,E011
2025-03-09,1,140,18.0,E012
2025-03-09,1,141,0.0,E011
2025-03-09,1,142,19.0,E011
2025-03-09,1,143,0.0,E012
2025-03-09,1,144,25.0,E013
2025-03-09,1,145,18.0,E011
2025-03-09,1,146,23.0,E012
2025-03-09,1,147,37.0,E011
2025-03-09,1,148,9.0,E014
2025-03-09,1,149,7.0,E011
2025-03-09,1,150,14.0,E014
2025-03-09,1,151,21.0,E011
2025-03-09,1,152,14.0,E013
2025-03-09,1,153,2.0,E014
2025-03-09,1,154,10.54,E014
2025-03-09,1,155,24.87,E011
2025-03-09,1,156,22.95,E013
2025-03-09,1,157,23.98,E014
2025-03-09,1,158,15.0,E011
2025-03-09,1,159,15.58,E011
2025-03-09,1,160,19.0,E013
2025-03-16,1,101,93.82,E011
2025-03-16,1,102,49.0,E013
2025-03-16,1,103,45.0,E011
2025-03-16,1,104,17.37,E013
2025-03-16,1,105,34.99,E012
2025-03-16,1,106,38.76,E013
2025-03-16,1,107,43.0,E014
2025-03-16,1,108,35.0,E011
2025-03-16,1,109,19.0,E014
2025-03-16,1,110,62.61,E014
2025-03-16,1,111,44.77,E011
2025-03-16,1,112,35.0,E014
2025-03-16,1,113,93.0,E012
2025-03-16,1,114,14.0,E011
2025-03-16,1,115,26.0,E012
2025-03-16,1,116,53.0,E014
2025-03-16,1,117,55.0,E013
2025-03-16,1,118,54.0,E011
2025-03-16,1,119,22.0,E013
2025-03-16,1,120,26.0,E012
2025-03-16,1,121,28.0,E011
2025-03-16,1,122,26.0,E011
2025-03-16,1,123,46.0,E012
2025-03-16,1,124,33.0,E011
2025-03-16,1,125,41.0,E013
2025-03-16,1,126,22.0,E013
2025-03-16,1,127,35.49,E011
2025-03-16,1,128,28.03,E014
2025-03-16,1,129,17.51,E014
2025-03-16,1,130,9.5,E012
2025-03-16,1,131,20.0,E011
2025-03-16,1,132,19.0,E012
2025-03-16,1,133,17.0,E012
2025-03-16,1,134,22.0,E011
2025-03-16,1,135,8.0,E013
2025-03-16,1,136,23.0,E012
2025-03-16,1,137,12.0,E011
2025-03-16,1,138,26.0,E011
2025-03-16,1,139,14.0,E013
2025-03-16,1,140,27.0,E012
2025-03-16,1,141,0.0,E011
2025-03-16,1,142,27.0,E014
2025-03-16,1,143,4.0,E013
2025-03-16,1,144,23.0,E012
2025-03-16,1,145,14.0,E014
2025-03-16,1,146,7.0,E013
2025-03-16,1,147,33.0,E012
2025-03-16,1,148,18.0,E014
2025-03-16,1,149,10.0,E013
2025-03-16,1,150,3.0,E014
2025-03-16,1,151,20.0,E013
2025-03-16,1,152,22.0,E014
2025-03-16,1,153,5.0,E012
2025-03-16,1,154,29.15,E012
2025-03-16,1,155,24.79,E012
2025-03-16,1,156,6.33,E011
2025-03-16,1,157,29.83,E011
2025-03-16,1,158,17.0,E012
2025-03-16,1,159,12.82,E012
2025-03-16,1,160,10.0,E013
2025-03-23,1,101,89.51,E012
2025-03-23,1,102,74.0,E014
2025-03-23,1,103,37.0,E011
2025-03-23,1,104,24.4,E012
2025-03-23,1,105,39.08,E013
2025-03-23,1,106,22.91,E014
2025-03-23,1,107,60.0,E012
2025-03-23,1,108,71.0,E014
2025-03-23,1,109,36.0,E012
2025-03-23,1,110,45.26,E014
2025-03-23,1,111,22.56,E011
2025-03-23,1,112,34.0,E012
2025-03-23,1,113,84.0,E011
2025-03-23,1,114,10.0,E012
2025-03-23,1,115,27.0,E012
2025-03-23,1,116,62.0,E011
2025-03-23,1,117,64.0,E011
2025-03-23,1,118,53.0,E013
2025-03-23,1,119,24.0,E011
2025-03-23,1,120,18.0,E013
2025-03-23,1,121,16.0,E011
2025-03-23,1,122,26.0,E012
2025-03-23,1,123,35.0,E014
2025-03-23,1,124,22.0,E012
2025-03-23,1,125,16.0,E014
2025-03-23,1,126,45.0,E014
2025-03-23,1,127,33.68,E011
2025-03-23,1,128,26.34,E013
2025-03-23,1,129,12.74,E011
2025-03-23,1,130,15.41,E012
2025-03-23,1,131,22.0,E014
2025-03-23,1,132,20.0,E014
2025-03-23,1,133,41.0,E011
2025-03-23,1,134,15.0,E011
2025-03-23,1,135,40.0,E012
2025-03-23,1,136,21.0,E012
2025-03-23,1,137,17.0,E014
2025-03-23,1,138,19.0,E012
2025-03-23,1,139,10.0,E012
2025-03-23,1,140,23.0,E014
2025-03-23,1,141,2.0,E013
2025-03-23,1,142,24.0,E013
2025-03-23,1,143,3.0,E014
2025-03-23,1,144,25.0,E012
2025-03-23,1,145,8.0,E013
2025-03-23,1,146,17.0,E011
2025-03-23,1,147,23.0,E012
2025-03-23,1,148,21.0,E012
2025-03-23,1,149,6.0,E014
2025-03-23,1,150,0.0,E012
2025-03-23,1,151,0.0,E012
2025-03-23,1,152,19.0,E014
2025-03-23,1,153,2.0,E013
2025-03-23,1,154,25.95,E011
2025-03-23,1,155,23.69,E011
2025-03-23,1,156,10.98,E013
2025-03-23,1,157,32.65,E013
2025-03-23,1,158,15.0,E013
2025-03-23,1,159,14.63,E014
2025-03-23,1,160,22.0,E011
2025-03-30,1,101,82.4,E013
2025-03-30,1,102,95.0,E012
2025-03-30,1,103,31.0,E013
2025-03-30,1,104,31.4,E012
2025-03-30,1,105,61.43,E012
2025-03-30,1,106,35.26,E013
2025-03-30,1,107,42.0,E011
2025-03-30,1,108,63.0,E011
2025-03-30,1,109,30.0,E014
2025-03-30,1,110,43.74,E012
2025-03-30,1,111,21.34,E011
2025-03-30,1,112,41.0,E014
2025-03-30,1,113,80.0,E011
2025-03-30,1,114,18.0,E013
2025-03-30,1,115,31.0,E011
2025-03-30,1,116,51.0,E011
2025-03-30,1,117,75.0,E011
2025-03-30,1,118,50.0,E014
2025-03-30,1,119,29.0,E011
2025-03-30,1,120,39.0,E011
2025-03-30,1,121,23.0,E012
2025-03-30,1,122,19.0,E012
2025-03-30,1,123,54.0,E012
2025-03-30,1,124,29.0,E011
2025-03-30,1,125,30.0,E014
2025-03-30,1,126,39.0,E014
2025-03-30,1,127,48.79,E014
2025-03-30,1,128,23.14,E011
2025-03-30,1,129,21.29,E013
2025-03-30,1,130,10.99,E013
2025-03-30,1,131,17.0,E013
2025-03-30,1,132,16.0,E013
2025-03-30,1,133,15.0,E011
2025-03-30,1,134,19.0,E013
2025-03-30,1,135,13.0,E013
2025-03-30,1,136,13.0,E011
2025-03-30,1,137,12.0,E011
2025-03-30,1,138,33.0,E013
2025-03-30,1,139,11.0,E011
2025-03-30,1,140,31.0,E012
2025-03-30,1,141,4.0,E013
2025-03-30,1,142,29.0,E013
2025-03-30,1,143,22.0,E011
2025-03-30,1,144,20.0,E014
2025-03-30,1,145,5.0,E014
2025-03-30,1,146,12.0,E011
2025-03-30,1,147,16.0,E012
2025-03-30,1,148,14.0,E014
2025-03-30,1,149,15.0,E011
2025-03-30,1,150,4.0,E011
2025-03-30,1,151,12.0,E011
2025-03-30,1,152,19.0,E013
2025-03-30,1,153,10.0,E014
2025-03-30,1,154,26.4,E013
2025-03-30,1,155,18.47,E013
2025-03-30,1,156,14.34,E013
2025-03-30,1,157,19.65,E013
2025-03-30,1,158,16.0,E012
2025-03-30,1,159,13.23,E014
2025-03-30,1,160,13.0,E011
