report_id,store_id,product_id,reported_at
1,2,143,2024-01-02 09:14:00
2,1,143,2024-01-03 10:04:00
3,3,143,2024-01-03 13:54:00
4,3,151,2024-01-03 11:01:00
5,4,138,2024-01-03 12:25:00
6,7,138,2024-01-03 20:14:00
7,8,122,2024-01-03 11:19:00
8,8,148,2024-01-03 13:45:00
9,2,153,2024-01-04 18:53:00
10,6,124,2024-01-04 17:10:00
11,2,145,2024-01-05 20:16:00
12,4,116,2024-01-05 12:32:00
13,4,143,2024-01-05 12:57:00
14,8,132,2024-01-05 15:56:00
15,3,147,2024-01-06 13:21:00
16,5,138,2024-01-06 15:39:00
17,7,143,2024-01-07 09:03:00
18,1,111,2024-01-08 16:56:00
19,1,136,2024-01-08 16:05:00
20,2,104,2024-01-09 19:43:00
21,1,138,2024-01-10 16:56:00
22,6,124,2024-01-10 09:13:00
23,8,157,2024-01-10 19:01:00
24,2,140,2024-01-11 12:33:00
25,2,159,2024-01-11 11:52:00
26,6,143,2024-01-11 09:39:00
27,7,141,2024-01-11 17:34:00
28,7,143,2024-01-11 09:26:00
29,7,145,2024-01-11 14:50:00
30,5,136,2024-01-14 12:53:00
31,8,143,2024-01-14 17:59:00
32,8,145,2024-01-14 14:56:00
33,8,131,2024-01-15 17:56:00
34,3,107,2024-01-16 19:32:00
35,2,136,2024-01-17 13:25:00
36,1,143,2024-01-18 10:50:00
37,4,113,2024-01-18 18:00:00
38,5,143,2024-01-18 16:51:00
39,2,147,2024-01-19 17:45:00
40,4,147,2024-01-19 15:07:00
41,3,144,2024-01-20 13:00:00
42,7,147,2024-01-20 09:55:00
43,8,150,2024-01-20 17:26:00
44,6,132,2024-01-22 15:59:00
45,1,141,2024-01-24 17:37:00
46,6,115,2024-01-24 17:54:00
47,6,141,2024-01-24 17:12:00
48,1,160,2024-01-25 09:43:00
49,7,117,2024-01-25 13:01:00
50,5,147,2024-01-26 15:25:00
51,1,121,2024-01-27 09:30:00
52,3,143,2024-01-27 19:07:00
53,5,143,2024-01-27 09:58:00
54,3,115,2024-01-28 15:20:00
55,5,130,2024-01-30 17:12:00
56,1,117,2024-01-31 15:42:00
57,2,142,2024-01-31 12:31:00
58,5,122,2024-01-31 13:32:00
59,2,125,2024-02-02 19:56:00
60,4,104,2024-02-02 10:42:00
61,8,148,2024-02-03 15:52:00
62,2,143,2024-02-04 18:55:00
63,4,151,2024-02-04 12:21:00
64,7,152,2024-02-05 13:27:00
65,5,128,2024-02-08 20:25:00
66,7,136,2024-02-08 19:22:00
67,8,139,2024-02-08 19:01:00
68,8,143,2024-02-09 09:36:00
69,3,147,2024-02-10 11:08:00
70,4,135,2024-02-10 16:44:00
71,6,101,2024-02-10 15:16:00
72,6,122,2024-02-10 12:29:00
73,4,116,2024-02-12 10:05:00
74,5,107,2024-02-12 19:17:00
75,1,143,2024-02-15 17:26:00
76,5,107,2024-02-15 12:18:00
77,5,143,2024-02-15 16:45:00
78,5,143,2024-02-16 17:51:00
79,8,143,2024-02-16 17:34:00
80,1,141,2024-02-17 10:47:00
81,1,153,2024-02-17 19:06:00
82,3,118,2024-02-17 17:29:00
83,5,135,2024-02-17 12:30:00
84,5,139,2024-02-17 19:21:00
85,6,108,2024-02-18 19:03:00
86,2,106,2024-02-19 19:44:00
87,2,143,2024-02-19 17:23:00
88,5,143,2024-02-19 19:22:00
89,7,129,2024-02-19 17:44:00
90,3,144,2024-02-20 16:36:00
91,4,140,2024-02-23 09:00:00
92,1,150,2024-02-24 19:42:00
93,5,143,2024-02-24 20:29:00
94,7,102,2024-02-24 20:14:00
95,5,143,2024-02-26 15:10:00
96,7,129,2024-02-27 13:53:00
97,2,134,2024-02-29 14:49:00
98,3,115,2024-03-01 10:12:00
99,6,126,2024-03-01 19:20:00
100,7,138,2024-03-01 11:18:00
101,3,127,2024-03-02 14:06:00
102,6,141,2024-03-02 17:17:00
103,1,143,2024-03-04 16:57:00
104,5,143,2024-03-04 13:15:00
105,5,114,2024-03-05 09:35:00
106,2,143,2024-03-06 13:27:00
107,4,112,2024-03-07 16:55:00
108,1,143,2024-03-08 12:13:00
109,4,158,2024-03-08 15:04:00
110,5,150,2024-03-09 20:09:00
111,3,141,2024-03-10 20:27:00
112,4,113,2024-03-10 18:41:00
113,7,144,2024-03-10 20:28:00
114,6,143,2024-03-11 13:28:00
115,1,110,2024-03-13 11:13:00
116,3,131,2024-03-13 20:25:00
117,1,116,2024-03-14 10:07:00
118,2,116,2024-03-16 12:54:00
119,3,137,2024-03-16 16:48:00
120,5,109,2024-03-16 19:02:00
121,4,124,2024-03-17 13:21:00
122,6,141,2024-03-17 12:58:00
123,7,106,2024-03-17 19:49:00
124,5,143,2024-03-18 19:36:00
125,8,154,2024-03-19 19:21:00
126,2,132,2024-03-20 09:45:00
127,5,104,2024-03-21 17:32:00
128,7,148,2024-03-21 12:08:00
129,1,150,2024-03-23 14:34:00
130,8,147,2024-03-23 13:41:00
131,1,145,2024-03-24 15:34:00
132,5,138,2024-03-24 13:22:00
133,6,104,2024-03-25 09:49:00
134,8,129,2024-03-25 14:36:00
135,6,144,2024-03-26 09:50:00
136,8,128,2024-03-26 15:03:00
137,7,105,2024-03-27 12:40:00
138,8,103,2024-03-28 18:57:00
139,1,143,2024-03-29 10:33:00
140,2,137,2024-03-29 15:15:00
141,5,108,2024-03-29 11:20:00
142,8,137,2024-03-29 16:44:00
143,1,143,2024-03-30 18:36:00
144,3,118,2024-03-30 10:35:00
145,3,104,2024-04-01 15:48:00
146,3,136,2024-04-02 10:55:00
147,2,147,2024-04-04 18:27:00
148,5,156,2024-04-04 13:28:00
149,8,141,2024-04-04 14:57:00
150,5,160,2024-04-05 19:15:00
151,3,141,2024-04-06 09:25:00
152,2,126,2024-04-08 18:31:00
153,5,143,2024-04-08 18:33:00
154,4,157,2024-04-09 14:52:00
155,7,137,2024-04-11 10:04:00
156,5,115,2024-04-12 13:58:00
157,7,149,2024-04-12 10:53:00
158,6,141,2024-04-13 16:18:00
159,3,134,2024-04-14 09:23:00
160,1,160,2024-04-15 12:22:00
161,4,122,2024-04-16 13:58:00
162,6,106,2024-04-16 17:22:00
163,7,101,2024-04-16 09:20:00
164,4,106,2024-04-17 13:33:00
165,6,128,2024-04-17 10:59:00
166,3,139,2024-04-19 19:33:00
167,4,134,2024-04-19 18:21:00
168,5,137,2024-04-19 09:21:00
169,5,151,2024-04-19 11:08:00
170,7,142,2024-04-19 19:23:00
171,1,153,2024-04-20 10:31:00
172,5,154,2024-04-20 20:51:00
173,6,136,2024-04-20 14:07:00
174,6,141,2024-04-20 10:39:00
175,8,136,2024-04-20 09:26:00
176,3,151,2024-04-21 17:22:00
177,3,155,2024-04-21 10:57:00
178,7,114,2024-04-21 14:01:00
179,5,105,2024-04-25 14:38:00
180,5,159,2024-04-25 12:24:00
181,1,160,2024-04-28 10:26:00
182,4,158,2024-04-28 09:42:00
183,8,153,2024-04-28 11:34:00
184,1,113,2024-04-29 17:00:00
185,2,151,2024-04-29 16:02:00
186,4,115,2024-04-29 09:49:00
187,8,111,2024-04-30 18:26:00
188,1,144,2024-05-02 18:00:00
189,1,157,2024-05-02 20:48:00
190,7,109,2024-05-02 19:53:00
191,1,141,2024-05-03 12:46:00
192,6,127,2024-05-03 14:50:00
193,1,137,2024-05-04 15:42:00
194,1,153,2024-05-04 14:56:00
195,3,135,2024-05-04 20:41:00
196,8,149,2024-05-04 13:52:00
197,1,101,2024-05-05 11:19:00
198,1,141,2024-05-05 10:32:00
199,4,135,2024-05-05 10:12:00
200,7,154,2024-05-05 09:26:00
201,3,137,2024-05-06 09:01:00
202,7,142,2024-05-06 13:36:00
203,5,145,2024-05-09 14:41:00
204,6,118,2024-05-10 19:02:00
205,1,141,2024-05-11 12:17:00
206,2,134,2024-05-11 09:49:00
207,8,143,2024-05-11 20:23:00
208,2,134,2024-05-12 20:31:00
209,5,141,2024-05-12 16:06:00
210,1,141,2024-05-13 10:57:00
211,3,149,2024-05-13 13:41:00
212,5,150,2024-05-13 10:09:00
213,8,131,2024-05-13 19:15:00
214,6,141,2024-05-15 20:51:00
215,1,147,2024-05-16 14:46:00
216,1,150,2024-05-16 17:38:00
217,2,107,2024-05-17 11:49:00
218,3,114,2024-05-17 14:53:00
219,5,155,2024-05-17 18:09:00
220,1,153,2024-05-18 13:19:00
221,2,159,2024-05-19 11:58:00
222,6,141,2024-05-19 14:11:00
223,3,131,2024-05-20 20:12:00
224,8,154,2024-05-20 20:24:00
225,6,128,2024-05-22 12:59:00
226,3,149,2024-05-23 18:23:00
227,5,119,2024-05-23 16:41:00
228,6,116,2024-05-24 18:59:00
229,1,122,2024-05-25 11:51:00
230,1,149,2024-05-25 11:55:00
231,4,134,2024-05-25 15:49:00
232,4,135,2024-05-25 11:19:00
233,4,144,2024-05-25 15:11:00
234,8,132,2024-05-25 18:27:00
235,1,105,2024-05-26 12:28:00
236,1,141,2024-05-26 19:04:00
237,2,130,2024-05-26 11:36:00
238,3,137,2024-05-26 12:24:00
239,4,130,2024-05-26 13:22:00
240,5,143,2024-05-26 17:01:00
241,6,122,2024-05-26 20:08:00
242,6,130,2024-05-26 15:49:00
243,8,122,2024-05-26 16:28:00
244,8,136,2024-05-26 10:51:00
245,8,155,2024-05-26 12:02:00
246,1,145,2024-05-27 13:37:00
247,1,153,2024-05-27 14:10:00
248,5,132,2024-05-27 10:43:00
249,1,110,2024-05-28 15:43:00
250,4,127,2024-05-28 09:42:00
251,2,147,2024-05-29 14:52:00
252,5,143,2024-05-29 19:44:00
253,6,143,2024-05-29 17:25:00
254,5,134,2024-05-30 14:38:00
255,4,135,2024-06-01 16:16:00
256,7,150,2024-06-01 09:52:00
257,5,143,2024-06-02 12:42:00
258,8,124,2024-06-02 10:03:00
259,4,151,2024-06-03 19:44:00
260,7,123,2024-06-03 19:11:00
261,2,141,2024-06-04 16:22:00
262,3,137,2024-06-04 15:43:00
263,1,141,2024-06-05 19:46:00
264,1,149,2024-06-05 19:17:00
265,7,101,2024-06-05 19:03:00
266,7,149,2024-06-05 11:22:00
267,5,137,2024-06-06 13:10:00
268,4,146,2024-06-07 10:47:00
269,5,146,2024-06-07 16:00:00
270,1,149,2024-06-09 13:39:00
271,4,133,2024-06-09 10:54:00
272,6,149,2024-06-09 10:22:00
273,1,153,2024-06-10 10:59:00
274,2,102,2024-06-10 19:13:00
275,3,144,2024-06-10 12:44:00
276,6,149,2024-06-10 18:51:00
277,2,143,2024-06-11 17:31:00
278,5,126,2024-06-11 19:25:00
279,6,146,2024-06-11 20:04:00
280,3,137,2024-06-12 14:23:00
281,4,103,2024-06-12 12:19:00
282,6,111,2024-06-13 11:13:00
283,7,149,2024-06-13 15:18:00
284,4,116,2024-06-14 16:03:00
285,2,122,2024-06-15 13:29:00
286,5,146,2024-06-16 09:29:00
287,7,149,2024-06-16 19:04:00
288,2,137,2024-06-17 12:04:00
289,3,137,2024-06-18 19:39:00
290,7,129,2024-06-18 11:03:00
291,1,137,2024-06-21 15:42:00
292,1,149,2024-06-21 11:20:00
293,7,103,2024-06-21 20:24:00
294,1,155,2024-06-22 09:13:00
295,2,110,2024-06-22 18:20:00
296,7,137,2024-06-22 09:46:00
297,8,146,2024-06-23 09:53:00
298,5,128,2024-06-26 14:24:00
299,3,149,2024-06-27 18:25:00
300,7,155,2024-06-27 12:24:00
301,1,135,2024-06-29 16:58:00
302,2,146,2024-06-29 09:14:00
303,3,128,2024-06-29 16:35:00
304,1,139,2024-07-01 16:51:00
305,4,146,2024-07-01 11:36:00
306,1,129,2024-07-02 15:58:00
307,1,146,2024-07-02 09:08:00
308,4,146,2024-07-03 11:51:00
309,1,149,2024-07-04 12:16:00
310,3,149,2024-07-04 18:58:00
311,4,134,2024-07-04 16:58:00
312,4,146,2024-07-04 09:42:00
313,6,141,2024-07-04 14:39:00
314,8,108,2024-07-04 15:22:00
315,1,105,2024-07-05 17:20:00
316,2,149,2024-07-05 14:24:00
317,4,149,2024-07-05 20:05:00
318,6,127,2024-07-05 13:40:00
319,8,146,2024-07-05 12:11:00
320,1,130,2024-07-06 09:04:00
321,1,137,2024-07-06 09:36:00
322,7,149,2024-07-06 16:24:00
323,8,129,2024-07-06 11:53:00
324,8,146,2024-07-06 20:29:00
325,1,143,2024-07-07 11:21:00
326,6,107,2024-07-07 11:28:00
327,8,149,2024-07-07 14:55:00
328,6,146,2024-07-08 20:07:00
329,6,160,2024-07-08 16:37:00
330,2,149,2024-07-10 15:55:00
331,6,107,2024-07-10 14:35:00
332,6,159,2024-07-10 13:50:00
333,7,143,2024-07-10 15:27:00
334,5,146,2024-07-11 17:32:00
335,5,149,2024-07-11 10:54:00
336,1,146,2024-07-12 12:16:00
337,7,154,2024-07-12 13:58:00
338,8,108,2024-07-12 19:33:00
339,2,137,2024-07-13 12:38:00
340,8,131,2024-07-13 16:58:00
341,2,149,2024-07-14 17:28:00
342,3,137,2024-07-15 13:57:00
343,1,108,2024-07-16 18:18:00
344,8,111,2024-07-16 19:42:00
345,1,114,2024-07-17 14:36:00
346,2,144,2024-07-17 18:14:00
347,6,146,2024-07-17 11:39:00
348,6,149,2024-07-17 14:15:00
349,7,135,2024-07-18 18:12:00
350,1,149,2024-07-20 20:22:00
351,3,105,2024-07-20 09:51:00
352,4,114,2024-07-20 15:44:00
353,4,155,2024-07-20 09:02:00
354,6,149,2024-07-20 20:00:00
355,3,126,2024-07-21 18:35:00
356,3,146,2024-07-21 16:19:00
357,5,153,2024-07-21 17:50:00
358,7,135,2024-07-21 16:58:00
359,2,137,2024-07-22 10:32:00
360,2,149,2024-07-22 18:50:00
361,4,102,2024-07-23 14:06:00
362,2,149,2024-07-24 14:18:00
363,4,137,2024-07-24 20:09:00
364,8,153,2024-07-24 14:10:00
365,3,120,2024-07-25 15:47:00
366,6,158,2024-07-25 20:23:00
367,1,141,2024-07-26 12:46:00
368,3,139,2024-07-26 11:03:00
369,7,147,2024-07-26 11:03:00
370,8,122,2024-07-26 12:16:00
371,4,140,2024-07-27 15:34:00
372,4,155,2024-07-27 10:43:00
373,5,115,2024-07-27 20:15:00
374,5,133,2024-07-27 11:37:00
375,5,149,2024-07-27 17:08:00
376,6,135,2024-07-27 10:56:00
377,4,146,2024-07-28 20:31:00
378,7,149,2024-07-28 15:08:00
379,8,118,2024-07-28 09:03:00
380,5,122,2024-07-29 11:05:00
381,5,124,2024-07-29 09:18:00
382,5,110,2024-08-01 12:00:00
383,5,126,2024-08-01 18:47:00
384,5,146,2024-08-02 15:41:00
385,6,122,2024-08-02 19:23:00
386,2,145,2024-08-03 13:47:00
387,1,101,2024-08-04 09:00:00
388,8,110,2024-08-04 10:32:00
389,8,138,2024-08-04 09:37:00
390,4,146,2024-08-05 09:33:00
391,5,117,2024-08-05 20:26:00
392,4,111,2024-08-07 17:34:00
393,1,131,2024-08-08 09:02:00
394,6,151,2024-08-08 20:51:00
395,5,103,2024-08-09 16:55:00
396,6,114,2024-08-09 09:35:00
397,1,155,2024-08-10 16:28:00
398,2,149,2024-08-11 16:53:00
399,4,114,2024-08-11 18:21:00
400,4,146,2024-08-11 20:26:00
401,6,130,2024-08-11 10:43:00
402,1,137,2024-08-12 15:32:00
403,3,105,2024-08-12 15:03:00
404,3,127,2024-08-13 09:06:00
405,1,137,2024-08-15 15:06:00
406,3,137,2024-08-15 14:05:00
407,8,102,2024-08-16 12:40:00
408,1,141,2024-08-17 18:26:00
409,7,152,2024-08-17 16:12:00
410,4,122,2024-08-18 19:33:00
411,8,149,2024-08-18 12:25:00
412,7,155,2024-08-19 18:09:00
413,8,103,2024-08-19 10:39:00
414,5,104,2024-08-20 17:48:00
415,3,149,2024-08-21 12:49:00
416,6,127,2024-08-21 09:33:00
417,1,149,2024-08-23 15:41:00
418,2,159,2024-08-23 13:17:00
419,5,156,2024-08-23 19:44:00
420,2,117,2024-08-24 11:41:00
421,3,110,2024-08-24 19:19:00
422,3,124,2024-08-24 19:03:00
423,7,149,2024-08-24 15:03:00
424,8,102,2024-08-25 10:28:00
425,6,145,2024-08-27 15:25:00
426,3,144,2024-08-28 12:20:00
427,4,133,2024-08-29 13:58:00
428,1,141,2024-08-30 14:10:00
429,8,146,2024-08-30 16:52:00
430,5,137,2024-08-31 17:18:00
431,6,140,2024-08-31 17:13:00
432,6,147,2024-08-31 10:42:00
433,7,146,2024-08-31 12:42:00
434,1,134,2024-09-01 11:30:00
435,1,137,2024-09-01 11:41:00
436,1,160,2024-09-01 17:27:00
437,2,132,2024-09-01 10:58:00
438,4,132,2024-09-01 15:38:00
439,6,127,2024-09-01 15:27:00
440,6,137,2024-09-01 17:44:00
441,6,139,2024-09-01 17:03:00
442,7,139,2024-09-02 17:22:00
443,7,153,2024-09-03 09:26:00
444,1,149,2024-09-04 16:09:00
445,3,134,2024-09-04 15:22:00
446,4,116,2024-09-05 12:43:00
447,5,115,2024-09-06 19:08:00
448,6,117,2024-09-07 14:33:00
449,7,149,2024-09-07 09:30:00
450,8,116,2024-09-07 18:54:00
451,8,149,2024-09-07 10:51:00
452,1,124,2024-09-10 16:07:00
453,7,130,2024-09-10 09:39:00
454,4,101,2024-09-12 16:29:00
455,5,129,2024-09-12 09:06:00
456,1,149,2024-09-14 14:13:00
457,2,149,2024-09-14 10:16:00
458,3,157,2024-09-14 11:31:00
459,5,109,2024-09-14 11:12:00
460,5,128,2024-09-14 12:31:00
461,6,124,2024-09-14 15:06:00
462,8,132,2024-09-14 18:20:00
463,2,139,2024-09-15 20:44:00
464,3,108,2024-09-15 09:42:00
465,2,107,2024-09-16 17:10:00
466,3,140,2024-09-16 19:52:00
467,4,131,2024-09-16 14:15:00
468,6,105,2024-09-16 20:53:00
469,2,107,2024-09-17 13:57:00
470,5,139,2024-09-18 12:31:00
471,6,118,2024-09-19 11:19:00
472,4,116,2024-09-22 12:46:00
473,6,126,2024-09-22 18:48:00
474,6,160,2024-09-22 18:07:00
475,8,147,2024-09-22 18:02:00
476,4,101,2024-09-23 15:49:00
477,5,155,2024-09-23 09:57:00
478,6,121,2024-09-23 16:34:00
479,7,118,2024-09-23 11:27:00
480,8,147,2024-09-25 09:37:00
481,3,144,2024-09-28 18:10:00
482,5,106,2024-09-28 11:53:00
483,5,108,2024-09-28 19:22:00
484,5,119,2024-09-28 19:16:00
485,5,106,2024-09-29 17:50:00
486,2,113,2024-10-02 16:40:00
487,1,158,2024-10-03 14:59:00
488,4,104,2024-10-03 19:07:00
489,4,115,2024-10-03 13:39:00
490,4,117,2024-10-05 11:46:00
491,1,154,2024-10-06 18:21:00
492,3,132,2024-10-06 11:07:00
493,4,145,2024-10-06 17:21:00
494,6,102,2024-10-07 18:11:00
495,6,135,2024-10-10 17:49:00
496,5,143,2024-10-12 10:32:00
497,1,116,2024-10-13 18:50:00
498,1,128,2024-10-13 20:47:00
499,4,125,2024-10-13 17:07:00
500,7,120,2024-10-13 14:56:00
501,1,142,2024-10-14 11:24:00
502,2,114,2024-10-14 10:05:00
503,3,144,2024-10-14 15:28:00
504,4,133,2024-10-14 11:18:00
505,5,143,2024-10-14 12:49:00
506,3,131,2024-10-15 20:33:00
507,5,112,2024-10-15 20:46:00
508,6,130,2024-10-15 17:45:00
509,1,110,2024-10-16 13:22:00
510,1,114,2024-10-17 19:17:00
511,2,131,2024-10-17 18:19:00
512,8,102,2024-10-17 17:11:00
513,2,123,2024-10-18 20:36:00
514,1,145,2024-10-19 19:13:00
515,3,144,2024-10-19 14:44:00
516,4,146,2024-10-19 13:57:00
517,3,144,2024-10-20 10:02:00
518,3,114,2024-10-22 18:54:00
519,4,125,2024-10-22 11:25:00
520,3,149,2024-10-23 17:01:00
521,6,151,2024-10-23 13:20:00
522,4,118,2024-10-24 10:02:00
523,8,142,2024-10-24 11:46:00
524,2,149,2024-10-25 15:21:00
525,5,132,2024-10-25 19:47:00
526,1,139,2024-10-26 16:40:00
527,3,112,2024-10-26 17:55:00
528,4,125,2024-10-26 18:45:00
529,4,129,2024-10-26 09:17:00
530,1,151,2024-10-27 19:11:00
531,5,124,2024-10-28 11:45:00
532,3,138,2024-10-29 10:05:00
533,5,142,2024-10-29 09:00:00
534,4,123,2024-10-30 17:31:00
535,1,106,2024-11-01 16:26:00
536,6,111,2024-11-01 14:20:00
537,5,150,2024-11-02 09:44:00
538,8,143,2024-11-02 11:56:00
539,5,134,2024-11-03 16:23:00
540,3,160,2024-11-04 11:55:00
541,5,109,2024-11-04 19:58:00
542,6,143,2024-11-04 15:08:00
543,6,152,2024-11-04 14:25:00
544,8,153,2024-11-04 17:38:00
545,3,118,2024-11-06 16:54:00
546,1,141,2024-11-07 17:24:00
547,3,151,2024-11-07 16:31:00
548,1,135,2024-11-09 12:04:00
549,1,141,2024-11-09 09:12:00
550,6,157,2024-11-09 15:09:00
551,3,139,2024-11-10 19:54:00
552,5,138,2024-11-10 20:33:00
553,6,124,2024-11-10 11:07:00
554,8,138,2024-11-10 16:09:00
555,5,143,2024-11-11 13:39:00
556,5,103,2024-11-12 19:17:00
557,3,119,2024-11-13 17:58:00
558,6,139,2024-11-15 16:27:00
559,8,105,2024-11-15 17:10:00
560,1,102,2024-11-16 15:29:00
561,1,135,2024-11-16 17:26:00
562,2,152,2024-11-16 20:07:00
563,5,143,2024-11-16 11:09:00
564,7,136,2024-11-16 15:35:00
565,1,118,2024-11-17 16:01:00
566,8,143,2024-11-17 17:45:00
567,4,106,2024-11-18 10:42:00
568,4,124,2024-11-18 19:16:00
569,6,141,2024-11-18 19:14:00
570,1,124,2024-11-19 14:09:00
571,8,144,2024-11-19 11:57:00
572,4,154,2024-11-20 10:38:00
573,4,123,2024-11-21 10:27:00
574,7,143,2024-11-21 17:03:00
575,3,139,2024-11-22 19:57:00
576,3,155,2024-11-22 18:05:00
577,2,145,2024-11-24 12:21:00
578,7,122,2024-11-24 13:41:00
579,2,107,2024-11-25 19:00:00
580,4,154,2024-11-25 18:54:00
581,1,143,2024-11-26 11:50:00
582,3,127,2024-11-27 18:51:00
583,3,141,2024-11-28 09:01:00
584,1,141,2024-11-29 14:40:00
585,2,132,2024-11-29 17:17:00
586,4,149,2024-11-29 20:29:00
587,5,156,2024-11-29 19:23:00
588,1,143,2024-12-01 20:26:00
589,7,155,2024-12-01 11:21:00
590,8,153,2024-12-01 15:22:00
591,4,136,2024-12-02 18:32:00
592,1,156,2024-12-03 11:34:00
593,5,106,2024-12-03 14:14:00
594,7,140,2024-12-03 13:01:00
595,6,138,2024-12-06 12:03:00
596,2,141,2024-12-07 19:12:00
597,8,117,2024-12-09 19:58:00
598,8,152,2024-12-09 20:22:00
599,2,136,2024-12-10 18:20:00
600,7,106,2024-12-10 14:20:00
601,7,121,2024-12-10 09:11:00
602,8,160,2024-12-10 17:35:00
603,5,115,2024-12-12 15:01:00
604,8,143,2024-12-12 19:16:00
605,6,122,2024-12-13 09:36:00
606,5,138,2024-12-14 10:21:00
607,7,143,2024-12-14 10:15:00
608,8,159,2024-12-15 18:54:00
609,1,131,2024-12-16 12:38:00
610,4,105,2024-12-16 18:06:00
611,3,121,2024-12-18 16:21:00
612,8,108,2024-12-18 20:34:00
613,1,110,2024-12-19 18:53:00
614,2,131,2024-12-19 15:41:00
615,1,105,2024-12-20 10:14:00
616,1,147,2024-12-20 18:39:00
617,4,160,2024-12-20 20:29:00
618,1,143,2024-12-21 12:40:00
619,2,114,2024-12-21 19:09:00
620,4,148,2024-12-21 16:36:00
621,6,143,2024-12-23 15:04:00
622,8,139,2024-12-23 17:17:00
623,4,136,2024-12-25 19:42:00
624,4,143,2024-12-25 18:45:00
625,2,141,2024-12-26 19:05:00
626,4,129,2024-12-26 18:09:00
627,2,115,2024-12-27 16:11:00
628,5,140,2024-12-27 18:12:00
629,1,141,2024-12-28 13:22:00
630,3,111,2024-12-28 12:59:00
631,3,141,2024-12-28 11:40:00
632,4,143,2024-12-28 11:52:00
633,5,143,2024-12-28 18:42:00
634,6,143,2024-12-28 14:59:00
635,1,143,2024-12-29 16:54:00
636,5,143,2024-12-29 16:40:00
637,8,119,2024-12-29 17:52:00
638,8,123,2024-12-29 12:11:00
639,3,156,2024-12-30 17:27:00
640,4,143,2024-12-30 20:34:00
641,2,148,2024-12-31 16:26:00
642,5,143,2024-12-31 12:06:00
643,6,143,2025-01-01 12:44:00
644,8,142,2025-01-02 13:13:00
645,5,143,2025-01-03 12:49:00
646,1,141,2025-01-04 15:52:00
647,1,143,2025-01-04 09:28:00
648,2,143,2025-01-05 14:03:00
649,5,142,2025-01-05 20:39:00
650,6,133,2025-01-05 15:00:00
651,3,152,2025-01-07 15:32:00
652,3,104,2025-01-08 18:36:00
653,3,136,2025-01-08 14:30:00
654,5,143,2025-01-08 14:11:00
655,8,147,2025-01-08 17:10:00
656,2,151,2025-01-10 13:15:00
657,5,121,2025-01-10 20:13:00
658,1,143,2025-01-11 17:05:00
659,5,155,2025-01-11 15:36:00
660,7,138,2025-01-12 18:41:00
661,2,154,2025-01-13 09:01:00
662,1,111,2025-01-14 11:43:00
663,7,121,2025-01-14 20:38:00
664,1,101,2025-01-15 20:31:00
665,2,145,2025-01-16 12:46:00
666,6,156,2025-01-16 15:55:00
667,1,134,2025-01-17 09:50:00
668,1,143,2025-01-17 09:40:00
669,8,139,2025-01-17 17:40:00
670,3,143,2025-01-19 11:55:00
671,8,143,2025-01-19 20:37:00
672,1,136,2025-01-20 16:58:00
673,1,141,2025-01-22 09:42:00
674,5,137,2025-01-22 14:12:00
675,7,106,2025-01-23 13:20:00
676,1,152,2025-01-25 13:32:00
677,6,102,2025-01-25 09:04:00
678,6,137,2025-01-25 17:21:00
679,6,159,2025-01-25 11:47:00
680,4,143,2025-01-26 16:00:00
681,8,158,2025-01-26 13:29:00
682,2,145,2025-01-28 15:11:00
683,1,148,2025-01-29 09:42:00
684,6,118,2025-01-29 17:33:00
685,8,113,2025-01-29 18:12:00
686,1,136,2025-01-30 20:17:00
687,2,143,2025-01-30 12:55:00
688,8,143,2025-01-31 11:19:00
689,3,130,2025-02-01 19:24:00
690,4,130,2025-02-01 11:14:00
691,5,143,2025-02-01 19:49:00
692,6,130,2025-02-01 12:10:00
693,6,143,2025-02-01 13:02:00
694,7,111,2025-02-01 15:11:00
695,1,136,2025-02-02 14:52:00
696,1,150,2025-02-02 10:29:00
697,2,117,2025-02-02 13:32:00
698,4,143,2025-02-04 14:51:00
699,8,135,2025-02-05 09:28:00
700,2,107,2025-02-07 12:51:00
701,7,143,2025-02-09 11:51:00
702,7,148,2025-02-09 18:05:00
703,5,143,2025-02-10 14:18:00
704,7,143,2025-02-10 19:38:00
705,1,108,2025-02-12 11:31:00
706,3,147,2025-02-12 18:30:00
707,4,149,2025-02-13 17:57:00
708,8,143,2025-02-15 12:52:00
709,5,112,2025-02-16 19:28:00
710,1,143,2025-02-17 13:17:00
711,6,118,2025-02-17 16:30:00
712,5,124,2025-02-19 19:48:00
713,6,148,2025-02-19 10:16:00
714,1,119,2025-02-20 09:08:00
715,2,113,2025-02-20 13:32:00
716,1,104,2025-02-21 14:40:00
717,3,149,2025-02-21 17:25:00
718,4,108,2025-02-22 10:18:00
719,1,143,2025-02-24 15:29:00
720,2,138,2025-02-25 17:15:00
721,5,109,2025-02-28 11:45:00
722,1,108,2025-03-01 14:45:00
723,6,139,2025-03-01 16:20:00
724,6,155,2025-03-01 18:48:00
725,1,134,2025-03-02 09:42:00
726,5,135,2025-03-02 18:04:00
727,6,143,2025-03-03 14:35:00
728,8,143,2025-03-04 10:57:00
729,4,150,2025-03-06 16:14:00
730,6,124,2025-03-06 17:52:00
731,6,143,2025-03-08 18:31:00
732,8,115,2025-03-08 11:58:00
733,8,143,2025-03-08 11:40:00
734,6,126,2025-03-09 16:45:00
735,2,105,2025-03-10 10:41:00
736,5,143,2025-03-10 18:47:00
737,1,143,2025-03-12 20:31:00
738,3,104,2025-03-12 20:05:00
739,8,143,2025-03-12 13:56:00
740,6,143,2025-03-13 17:57:00
741,3,143,2025-03-14 14:10:00
742,5,104,2025-03-14 11:14:00
743,1,139,2025-03-15 15:30:00
744,6,154,2025-03-15 16:59:00
745,7,159,2025-03-15 10:12:00
746,2,149,2025-03-16 15:51:00
747,5,114,2025-03-16 17:36:00
748,7,120,2025-03-16 13:26:00
749,7,139,2025-03-16 18:31:00
750,7,102,2025-03-20 20:02:00
751,2,128,2025-03-21 14:32:00
752,1,152,2025-03-22 16:53:00
753,2,151,2025-03-22 19:26:00
754,3,140,2025-03-22 10:34:00
755,3,105,2025-03-23 14:10:00
756,3,151,2025-03-23 15:31:00
757,4,129,2025-03-23 19:10:00
758,6,108,2025-03-23 13:42:00
759,1,118,2025-03-25 14:26:00
760,2,132,2025-03-25 19:26:00
761,1,119,2025-03-27 13:52:00
762,7,151,2025-03-27 15:25:00
763,1,147,2025-03-29 13:16:00
764,5,135,2025-03-29 16:17:00
765,2,124,2025-03-30 10:00:00
766,3,113,2025-03-30 15:16:00
767,6,140,2025-03-31 11:41:00
768,8,141,2025-04-01 16:15:00
769,6,106,2025-04-03 18:44:00
770,2,141,2025-04-04 14:54:00
771,1,150,2025-04-05 18:13:00
772,5,138,2025-04-05 18:54:00
773,5,109,2025-04-06 12:31:00
774,4,147,2025-04-07 12:20:00
775,5,116,2025-04-08 13:43:00
776,7,104,2025-04-08 13:47:00
777,2,146,2025-04-09 16:25:00
778,5,110,2025-04-09 15:18:00
779,4,152,2025-04-10 12:31:00
780,1,143,2025-04-11 14:41:00
781,6,124,2025-04-11 17:43:00
782,4,106,2025-04-12 09:49:00
783,6,149,2025-04-12 19:00:00
784,8,155,2025-04-12 10:05:00
785,2,136,2025-04-13 15:12:00
786,2,155,2025-04-13 09:30:00
787,4,116,2025-04-13 17:02:00
788,8,127,2025-04-13 12:24:00
789,8,143,2025-04-13 16:58:00
790,1,146,2025-04-14 13:24:00
791,7,159,2025-04-15 13:57:00
792,5,117,2025-04-16 10:08:00
793,6,126,2025-04-16 09:57:00
794,1,101,2025-04-17 11:49:00
795,2,146,2025-04-17 14:18:00
796,7,136,2025-04-17 19:20:00
797,7,147,2025-04-17 16:43:00
798,7,157,2025-04-17 10:41:00
799,1,114,2025-04-19 10:32:00
800,5,149,2025-04-19 10:03:00
801,1,141,2025-04-23 20:18:00
802,2,123,2025-04-23 13:46:00
803,3,110,2025-04-24 09:12:00
804,3,149,2025-04-26 10:42:00
805,4,145,2025-04-27 11:40:00
806,3,138,2025-04-28 11:53:00
807,5,105,2025-04-28 19:09:00
808,7,123,2025-04-28 14:50:00
809,7,127,2025-04-28 10:23:00
810,2,151,2025-04-29 14:32:00
811,3,109,2025-04-29 17:47:00
812,5,113,2025-04-30 16:49:00
813,4,136,2025-05-03 15:59:00
814,6,138,2025-05-03 13:20:00
815,1,141,2025-05-04 13:30:00
816,1,144,2025-05-05 11:38:00
817,3,132,2025-05-06 14:12:00
818,5,114,2025-05-06 09:24:00
819,7,112,2025-05-06 09:50:00
820,1,107,2025-05-07 12:14:00
821,2,155,2025-05-07 14:13:00
822,3,137,2025-05-07 15:55:00
823,5,151,2025-05-07 15:26:00
824,7,138,2025-05-07 15:35:00
825,2,107,2025-05-08 12:00:00
826,7,128,2025-05-09 17:11:00
827,5,135,2025-05-10 09:11:00
828,2,147,2025-05-11 17:57:00
829,3,149,2025-05-11 14:06:00
830,8,110,2025-05-12 09:09:00
831,4,146,2025-05-13 12:17:00
832,5,136,2025-05-14 12:32:00
833,1,115,2025-05-15 16:28:00
834,4,160,2025-05-15 15:11:00
835,1,141,2025-05-16 19:49:00
836,1,159,2025-05-16 09:34:00
837,6,117,2025-05-16 18:42:00
838,7,113,2025-05-18 11:56:00
839,1,111,2025-05-19 14:41:00
840,1,128,2025-05-19 12:33:00
841,7,144,2025-05-19 18:35:00
842,7,157,2025-05-19 10:49:00
843,2,115,2025-05-22 11:09:00
844,5,135,2025-05-22 12:34:00
845,3,149,2025-05-23 20:15:00
846,5,135,2025-05-23 16:36:00
847,4,122,2025-05-24 18:17:00
848,4,135,2025-05-24 15:57:00
849,4,140,2025-05-24 20:16:00
850,4,147,2025-05-24 12:53:00
851,6,150,2025-05-24 11:36:00
852,1,143,2025-05-25 12:03:00
853,7,139,2025-05-25 19:20:00
854,8,134,2025-05-25 18:28:00
855,2,118,2025-05-26 14:01:00
856,4,112,2025-05-29 20:22:00
857,2,133,2025-05-30 18:06:00
858,2,139,2025-05-30 20:45:00
859,3,160,2025-05-30 20:27:00
860,5,122,2025-05-30 19:48:00
861,3,149,2025-05-31 17:55:00
862,4,123,2025-05-31 15:42:00
863,6,129,2025-05-31 12:07:00
864,8,126,2025-06-01 14:43:00
865,1,141,2025-06-02 19:19:00
866,7,135,2025-06-02 11:35:00
867,7,137,2025-06-02 10:56:00
868,7,106,2025-06-03 20:19:00
869,3,156,2025-06-05 18:09:00
870,6,143,2025-06-05 14:24:00
871,6,149,2025-06-05 10:37:00
872,1,117,2025-06-06 12:11:00
873,3,151,2025-06-06 16:20:00
874,7,102,2025-06-06 13:11:00
875,7,154,2025-06-06 13:46:00
876,4,106,2025-06-07 17:33:00
877,6,121,2025-06-08 10:03:00
878,6,131,2025-06-08 19:48:00
879,7,146,2025-06-08 10:13:00
880,7,149,2025-06-08 14:24:00
881,4,111,2025-06-09 18:31:00
882,3,149,2025-06-10 14:55:00
883,5,136,2025-06-10 15:28:00
884,2,115,2025-06-11 18:02:00
885,6,152,2025-06-11 09:50:00
886,4,132,2025-06-13 17:07:00
887,7,124,2025-06-13 11:25:00
888,8,149,2025-06-13 17:54:00
889,8,149,2025-06-14 18:33:00
890,1,140,2025-06-15 13:55:00
891,2,135,2025-06-15 14:18:00
892,4,122,2025-06-15 13:14:00
893,5,137,2025-06-15 17:59:00
894,5,152,2025-06-15 20:16:00
895,8,146,2025-06-15 11:06:00
896,8,149,2025-06-15 18:28:00
897,8,152,2025-06-15 09:29:00
898,7,103,2025-06-16 10:28:00
899,6,105,2025-06-17 18:06:00
900,6,149,2025-06-17 16:46:00
901,3,150,2025-06-18 15:00:00
902,6,149,2025-06-19 15:33:00
903,7,134,2025-06-19 11:48:00
904,5,101,2025-06-20 16:19:00
905,3,150,2025-06-21 10:24:00
906,4,146,2025-06-21 20:18:00
907,7,146,2025-06-21 11:16:00
908,8,101,2025-06-21 14:55:00
909,8,146,2025-06-22 13:08:00
910,8,149,2025-06-22 19:34:00
911,5,101,2025-06-23 15:17:00
912,1,108,2025-06-25 19:50:00
913,4,111,2025-06-25 17:12:00
914,8,104,2025-06-25 19:00:00
915,6,104,2025-06-26 16:40:00
916,1,149,2025-06-27 11:51:00
917,1,106,2025-06-28 14:22:00
918,1,147,2025-06-28 14:02:00
919,2,145,2025-06-28 11:46:00
920,3,151,2025-06-28 11:08:00
921,4,149,2025-06-28 11:33:00
922,6,146,2025-06-28 14:53:00
923,7,125,2025-06-28 17:21:00
924,8,149,2025-06-28 18:05:00
925,8,152,2025-06-28 16:30:00
926,1,119,2025-06-29 09:47:00
927,2,149,2025-06-29 19:28:00
928,8,115,2025-06-29 17:34:00
929,1,101,2025-06-30 09:03:00
930,1,149,2025-06-30 13:39:00
931,5,143,2025-06-30 20:30:00
932,7,135,2025-06-30 14:34:00
933,7,146,2025-06-30 15:16:00
934,3,103,2025-07-01 09:22:00
935,3,135,2025-07-01 15:42:00
936,5,137,2025-07-01 16:27:00
937,8,149,2025-07-01 15:18:00
938,8,153,2025-07-01 12:28:00
939,6,103,2025-07-02 09:45:00
940,5,137,2025-07-03 13:37:00
941,6,118,2025-07-03 18:40:00
942,7,146,2025-07-03 10:39:00
943,6,149,2025-07-04 15:19:00
944,7,121,2025-07-04 09:10:00
945,8,149,2025-07-04 09:12:00
946,1,114,2025-07-05 12:55:00
947,4,135,2025-07-05 10:38:00
948,5,146,2025-07-05 14:12:00
949,3,134,2025-07-06 14:31:00
950,5,123,2025-07-06 14:29:00
951,6,146,2025-07-06 19:05:00
952,8,149,2025-07-06 17:15:00
953,1,149,2025-07-07 15:57:00
954,2,137,2025-07-07 10:48:00
955,4,112,2025-07-07 16:35:00
956,3,149,2025-07-08 11:36:00
957,7,120,2025-07-08 15:12:00
958,8,153,2025-07-08 19:50:00
959,3,137,2025-07-09 09:23:00
960,7,118,2025-07-09 10:14:00
961,7,149,2025-07-09 13:37:00
962,2,137,2025-07-10 14:59:00
963,2,156,2025-07-10 14:48:00
964,3,135,2025-07-10 11:20:00
965,1,136,2025-07-11 14:01:00
966,1,153,2025-07-11 20:26:00
967,2,159,2025-07-11 14:36:00
968,3,137,2025-07-11 16:58:00
969,1,153,2025-07-12 15:04:00
970,8,131,2025-07-12 19:45:00
971,6,146,2025-07-13 17:28:00
972,4,149,2025-07-14 13:29:00
973,4,157,2025-07-14 19:55:00
974,6,113,2025-07-14 18:32:00
975,3,149,2025-07-16 19:38:00
976,4,154,2025-07-16 12:33:00
977,6,144,2025-07-16 20:51:00
978,5,141,2025-07-18 15:28:00
979,6,149,2025-07-18 09:55:00
980,7,146,2025-07-18 11:56:00
981,1,146,2025-07-19 11:47:00
982,7,136,2025-07-20 15:27:00
983,5,136,2025-07-21 15:28:00
984,6,153,2025-07-21 10:46:00
985,4,141,2025-07-22 20:28:00
986,6,159,2025-07-22 17:31:00
987,7,149,2025-07-23 19:35:00
988,4,102,2025-07-24 20:10:00
989,6,146,2025-07-24 20:45:00
990,2,149,2025-07-25 17:44:00
991,4,160,2025-07-26 15:45:00
992,5,156,2025-07-27 09:02:00
993,7,158,2025-07-28 12:37:00
994,5,138,2025-07-29 12:47:00
995,5,148,2025-07-29 15:39:00
996,8,141,2025-07-29 17:39:00
997,2,112,2025-07-30 19:52:00
998,5,139,2025-07-30 14:51:00
999,8,145,2025-07-31 12:35:00
1000,3,106,2025-08-01 14:52:00
1001,5,146,2025-08-01 18:11:00
1002,7,149,2025-08-01 16:32:00
1003,8,149,2025-08-01 12:27:00
1004,5,146,2025-08-02 09:31:00
1005,8,140,2025-08-02 09:54:00
1006,8,146,2025-08-02 20:45:00
1007,2,141,2025-08-03 09:36:00
1008,3,156,2025-08-03 10:53:00
1009,4,122,2025-08-03 13:32:00
1010,7,138,2025-08-03 11:02:00
1011,7,146,2025-08-03 17:08:00
1012,8,140,2025-08-03 13:36:00
1013,1,134,2025-08-04 09:17:00
1014,2,141,2025-08-04 20:36:00
1015,5,149,2025-08-04 14:17:00
1016,7,149,2025-08-04 14:07:00
1017,3,123,2025-08-05 15:09:00
1018,8,149,2025-08-05 15:14:00
1019,8,120,2025-08-06 09:22:00
1020,8,134,2025-08-06 20:23:00
1021,8,147,2025-08-06 09:49:00
1022,1,137,2025-08-07 09:40:00
1023,2,134,2025-08-07 15:29:00
1024,7,134,2025-08-07 16:32:00
1025,8,134,2025-08-07 15:13:00
1026,5,135,2025-08-09 13:37:00
1027,5,154,2025-08-09 10:31:00
1028,6,149,2025-08-09 20:56:00
1029,4,134,2025-08-10 15:34:00
1030,7,146,2025-08-10 11:16:00
1031,8,147,2025-08-10 09:34:00
1032,6,134,2025-08-11 13:05:00
1033,1,139,2025-08-12 18:19:00
1034,4,111,2025-08-12 20:39:00
1035,6,149,2025-08-12 09:04:00
1036,2,154,2025-08-14 11:49:00
1037,7,149,2025-08-14 14:58:00
1038,1,122,2025-08-16 17:05:00
1039,7,149,2025-08-16 16:56:00
1040,8,149,2025-08-16 09:26:00
1041,5,111,2025-08-18 11:25:00
1042,2,139,2025-08-19 10:22:00
1043,5,155,2025-08-19 15:43:00
1044,8,124,2025-08-19 17:47:00
1045,6,114,2025-08-20 16:15:00
1046,8,114,2025-08-20 09:06:00
1047,4,119,2025-08-22 09:11:00
1048,8,149,2025-08-22 15:37:00
1049,1,143,2025-08-26 13:00:00
1050,5,106,2025-08-26 10:03:00
1051,1,114,2025-08-29 20:53:00
1052,2,160,2025-08-29 09:17:00
1053,8,153,2025-08-29 20:44:00
1054,1,146,2025-08-30 14:05:00
1055,2,134,2025-08-30 11:58:00
1056,2,143,2025-08-30 19:19:00
1057,3,149,2025-08-30 18:49:00
1058,8,149,2025-08-30 12:49:00
1059,8,159,2025-08-30 12:19:00
1060,4,135,2025-08-31 16:05:00
1061,1,101,2025-09-01 18:31:00
1062,1,149,2025-09-01 20:35:00
1063,1,120,2025-09-02 10:37:00
1064,8,105,2025-09-02 20:17:00
1065,2,156,2025-09-03 20:01:00
1066,2,147,2025-09-04 20:00:00
1067,5,147,2025-09-04 10:47:00
1068,8,122,2025-09-04 09:24:00
1069,6,133,2025-09-07 19:29:00
1070,1,113,2025-09-08 13:08:00
1071,3,158,2025-09-08 20:19:00
1072,3,137,2025-09-09 11:04:00
1073,1,154,2025-09-11 19:40:00
1074,8,115,2025-09-11 19:36:00
1075,2,160,2025-09-12 15:21:00
1076,4,137,2025-09-13 20:21:00
1077,1,159,2025-09-14 20:49:00
1078,3,149,2025-09-14 17:19:00
1079,7,131,2025-09-14 20:50:00
1080,5,137,2025-09-15 13:30:00
1081,1,126,2025-09-18 11:20:00
1082,1,158,2025-09-18 09:29:00
1083,4,120,2025-09-18 15:28:00
1084,5,122,2025-09-18 14:56:00
1085,7,103,2025-09-18 14:54:00
1086,7,110,2025-09-19 13:46:00
1087,4,125,2025-09-20 17:19:00
1088,4,146,2025-09-20 11:50:00
1089,8,129,2025-09-20 20:22:00
1090,6,141,2025-09-23 10:13:00
1091,4,115,2025-09-24 09:34:00
1092,2,156,2025-09-26 20:06:00
1093,6,140,2025-09-27 11:48:00
1094,1,142,2025-09-28 16:47:00
1095,3,149,2025-09-28 15:47:00
1096,6,103,2025-09-29 09:32:00
1097,8,147,2025-09-29 14:44:00
1098,8,149,2025-09-29 14:04:00
1099,5,126,2025-09-30 16:29:00
1100,3,149,2025-10-01 20:05:00
1101,5,125,2025-10-02 10:45:00
1102,2,149,2025-10-04 11:45:00
1103,8,149,2025-10-04 10:15:00
1104,3,117,2025-10-05 17:05:00
1105,3,154,2025-10-05 16:02:00
1106,4,129,2025-10-05 20:05:00
1107,7,126,2025-10-05 09:40:00
1108,7,135,2025-10-05 20:16:00
1109,7,151,2025-10-05 16:03:00
1110,7,135,2025-10-06 19:37:00
1111,4,134,2025-10-08 10:34:00
1112,4,141,2025-10-08 15:47:00
1113,7,151,2025-10-08 19:51:00
1114,1,135,2025-10-10 09:44:00
1115,6,129,2025-10-10 19:20:00
1116,1,143,2025-10-11 13:28:00
1117,6,135,2025-10-11 17:00:00
1118,6,140,2025-10-11 10:28:00
1119,1,139,2025-10-12 09:21:00
1120,3,103,2025-10-12 16:41:00
1121,2,153,2025-10-14 14:57:00
1122,6,133,2025-10-15 10:25:00
1123,8,116,2025-10-15 11:36:00
1124,1,101,2025-10-16 19:31:00
1125,6,150,2025-10-16 20:34:00
1126,8,143,2025-10-16 17:39:00
1127,1,153,2025-10-17 20:11:00
1128,4,146,2025-10-17 17:28:00
1129,4,149,2025-10-17 18:07:00
1130,8,160,2025-10-18 10:34:00
1131,1,146,2025-10-20 17:51:00
1132,1,153,2025-10-20 15:42:00
1133,5,153,2025-10-20 14:35:00
1134,4,135,2025-10-21 13:45:00
1135,6,107,2025-10-21 14:36:00
1136,7,138,2025-10-23 10:40:00
1137,1,143,2025-10-25 17:43:00
1138,4,147,2025-10-25 13:34:00
1139,7,111,2025-10-25 09:14:00
1140,7,160,2025-10-25 11:10:00
1141,5,147,2025-10-26 10:51:00
1142,5,128,2025-10-27 13:22:00
1143,5,112,2025-10-28 11:21:00
1144,5,151,2025-10-28 13:37:00
1145,2,160,2025-10-29 10:31:00
1146,8,136,2025-10-29 18:59:00
1147,5,101,2025-10-30 13:00:00
1148,8,111,2025-10-30 12:36:00
1149,8,135,2025-10-30 17:05:00
1150,8,138,2025-10-30 12:04:00
1151,5,138,2025-10-31 20:38:00
1152,6,143,2025-10-31 12:25:00
1153,1,138,2025-11-02 16:47:00
1154,2,108,2025-11-02 12:25:00
1155,6,141,2025-11-02 13:20:00
1156,6,143,2025-11-02 12:10:00
1157,7,114,2025-11-02 11:26:00
1158,2,103,2025-11-03 16:24:00
1159,4,155,2025-11-03 19:11:00
1160,7,115,2025-11-03 17:34:00
1161,6,155,2025-11-04 12:08:00
1162,4,108,2025-11-06 15:45:00
1163,4,136,2025-11-08 19:46:00
1164,6,141,2025-11-08 12:59:00
1165,3,136,2025-11-09 10:58:00
1166,7,109,2025-11-10 20:47:00
1167,1,103,2025-11-11 15:28:00
1168,6,145,2025-11-11 18:53:00
1169,3,111,2025-11-12 14:01:00
1170,1,150,2025-11-13 15:04:00
1171,2,106,2025-11-13 14:42:00
1172,6,115,2025-11-13 11:02:00
1173,1,113,2025-11-14 15:13:00
1174,2,141,2025-11-14 10:29:00
1175,8,153,2025-11-14 15:56:00
1176,4,107,2025-11-15 12:14:00
1177,5,118,2025-11-15 18:44:00
1178,2,151,2025-11-16 10:32:00
1179,5,126,2025-11-18 19:15:00
1180,7,128,2025-11-18 17:40:00
1181,4,160,2025-11-19 15:40:00
1182,6,158,2025-11-19 19:38:00
1183,3,141,2025-11-20 20:01:00
1184,8,133,2025-11-21 17:18:00
1185,1,136,2025-11-22 09:44:00
1186,2,141,2025-11-22 11:15:00
1187,7,153,2025-11-22 19:34:00
1188,2,130,2025-11-23 15:46:00
1189,2,151,2025-11-23 12:58:00
1190,4,140,2025-11-23 13:23:00
1191,5,136,2025-11-23 14:54:00
1192,5,143,2025-11-23 16:57:00
1193,8,103,2025-11-23 11:26:00
1194,1,141,2025-11-24 12:57:00
1195,5,122,2025-11-25 13:00:00
1196,6,140,2025-11-25 20:54:00
1197,7,142,2025-11-25 15:02:00
1198,7,116,2025-11-26 19:02:00
1199,2,107,2025-11-27 18:17:00
1200,2,156,2025-11-27 19:09:00
1201,5,108,2025-11-29 12:02:00
1202,5,142,2025-11-29 09:22:00
1203,1,143,2025-11-30 12:47:00
1204,2,143,2025-11-30 14:09:00
1205,5,143,2025-11-30 11:33:00
1206,6,143,2025-11-30 09:58:00
1207,4,134,2025-12-01 17:16:00
1208,8,108,2025-12-01 11:29:00
1209,8,104,2025-12-02 11:23:00
1210,2,102,2025-12-03 12:36:00
1211,1,136,2025-12-04 16:39:00
1212,5,119,2025-12-05 20:32:00
1213,2,141,2025-12-07 13:55:00
1214,2,156,2025-12-07 20:08:00
1215,7,156,2025-12-08 19:20:00
1216,8,143,2025-12-08 18:07:00
1217,3,128,2025-12-09 10:29:00
1218,1,108,2025-12-10 09:20:00
1219,4,130,2025-12-11 20:23:00
1220,7,137,2025-12-11 16:07:00
1221,8,133,2025-12-11 15:07:00
1222,1,150,2025-12-12 13:43:00
1223,2,139,2025-12-12 19:47:00
1224,5,146,2025-12-13 19:31:00
1225,7,103,2025-12-13 10:20:00
1226,8,137,2025-12-13 15:24:00
1227,3,103,2025-12-19 12:28:00
1228,3,147,2025-12-19 19:19:00
1229,3,144,2025-12-21 15:17:00
1230,5,136,2025-12-21 15:07:00
1231,8,115,2025-12-21 11:46:00
1232,1,141,2025-12-23 11:11:00
1233,2,147,2025-12-23 12:54:00
1234,8,138,2025-12-23 20:55:00
1235,2,141,2025-12-24 12:44:00
1236,4,143,2025-12-24 09:55:00
1237,1,129,2025-12-25 19:05:00
1238,2,141,2025-12-27 16:30:00
1239,4,140,2025-12-27 18:25:00
1240,7,122,2025-12-27 17:01:00
1241,3,141,2025-12-28 15:24:00
1242,4,143,2025-12-28 12:24:00
1243,4,154,2025-12-29 15:03:00
1244,3,136,2025-12-31 12:53:00
1245,4,119,2025-12-31 20:17:00
1246,8,143,2025-12-31 17:00:00
