date,store_id,product_id,counted_qty,audited_qty
2024-12-01,6,123,33.0,33.0
2024-07-07,8,147,15.0,15.0
2025-09-21,7,158,13.0,13.0
2025-11-23,8,157,22.69,21.8029
2024-11-03,6,147,17.0,17.0
2025-07-06,8,107,71.0,71.0
2024-12-08,7,101,78.12,82.6857
2025-06-01,8,116,47.0,47.0
2025-06-15,6,102,72.0,72.0
2025-12-28,6,151,31.0,31.0
2024-10-06,2,116,48.0,48.0
2025-08-17,2,133,10.0,10.0
2025-11-30,1,148,14.0,14.0
2025-06-01,3,156,19.78,19.8014
2024-10-20,1,132,40.0,40.0
2025-09-07,5,139,30.0,31.0
2024-12-01,1,116,39.0,39.0
2024-08-11,6,140,22.0,22.0
2024-11-24,4,115,32.0,32.0
2024-11-17,5,154,14.71,15.22
2025-05-18,7,148,13.0,13.0
2024-05-26,7,101,55.5,56.9657
2025-12-28,2,130,7.28,7.16
2024-09-29,2,130,6.37,6.23
2025-09-07,6,136,20.0,20.0
2025-02-02,3,113,33.0,33.0
2024-04-14,5,115,32.0,32.0
2024-12-01,1,141,0.0,0.0
2024-09-29,3,138,33.0,31.0
2025-10-12,5,143,12.0,12.0
2024-03-31,2,157,12.17,11.9143
2025-11-09,7,109,26.0,26.0
2024-11-03,7,112,30.0,30.0
2025-01-19,5,115,28.0,28.0
2024-08-04,8,152,26.0,26.0
2024-03-10,4,125,26.0,26.0
2024-11-24,3,156,21.35,21.4114
2025-10-19,1,115,32.0,32.0
2025-08-24,1,128,17.31,17.59
2024-07-28,8,127,50.07,50.7857
2024-03-31,4,138,52.0,52.0
2025-02-02,3,160,15.0,15.0
2025-08-31,5,145,21.0,21.0
2024-02-04,5,123,20.0,20.0
2024-03-24,1,129,19.5,19.79
2024-04-28,4,134,38.0,38.0
2024-08-11,4,116,86.0,88.0
2024-03-17,4,156,14.23,14.7957
2024-01-14,7,140,26.0,26.0
2024-03-17,7,128,35.4,35.9329
2025-06-08,5,140,33.0,33.0
2024-10-06,3,153,13.0,14.0
2024-06-16,1,133,19.0,19.0
2025-07-06,3,110,35.87,37.0057
2025-08-17,6,131,23.0,23.0
2025-03-23,7,117,55.0,55.0
2024-06-16,7,145,16.0,16.0
2024-05-26,7,128,27.77,29.0129
2024-05-12,2,127,36.37,35.96
2025-04-27,7,134,25.0,25.0
2024-01-07,5,153,4.0,4.0
2025-09-21,5,101,90.18,92.4586
2024-02-04,5,154,32.71,32.88
2025-02-16,5,107,50.0,50.0
2025-08-17,7,103,19.0,19.0
2025-06-22,1,110,79.03,80.6929
2025-05-11,6,130,4.52,4.44
2025-09-07,4,126,65.0,65.0
2025-11-30,5,111,61.5,59.3686
2024-07-14,5,143,11.0,11.0
2024-08-04,5,105,59.05,57.72
2025-09-21,6,129,13.33,13.09
2024-10-13,1,144,19.0,19.0
2024-03-03,1,111,28.39,29.5486
2025-11-16,4,160,18.0,18.0
2024-06-30,8,106,37.28,41.64
2025-07-06,8,151,21.0,21.0
2025-02-16,1,140,24.0,24.0
2024-01-14,6,142,27.0,29.0
2024-06-23,1,143,26.0,26.0
2024-08-25,8,111,27.43,27.5386
2025-12-28,7,102,120.0,120.0
2024-03-31,8,125,35.0,35.0
2025-09-07,6,146,6.0,6.0
2025-02-09,5,130,10.85,10.8814
2024-04-21,5,139,36.0,36.0
2025-09-14,5,123,45.0,45.0
2024-11-10,1,113,55.0,55.0
2025-07-20,2,113,50.0,50.0
2025-03-30,4,119,29.0,29.0
2025-02-09,6,149,8.0,8.0
2024-11-10,4,136,17.0,17.0
2024-02-25,6,156,23.25,22.4343
2025-11-30,5,130,11.42,11.7214
2024-01-21,1,139,17.0,17.0
2024-11-03,7,107,25.0,25.0
2024-03-24,8,152,21.0,21.0
2025-12-07,6,120,33.0,33.0
2024-09-15,8,126,30.0,30.0
2024-10-13,1,141,10.0,10.0
2025-12-28,4,124,69.0,69.0
2025-03-02,6,142,13.0,13.0
2024-04-14,3,151,19.0,19.0
2025-03-16,8,112,30.0,32.0
2025-08-03,8,138,8.0,5.0
2024-06-16,2,120,27.0,27.0
2024-04-21,1,121,33.0,33.0
2025-12-07,1,123,48.0,48.0
2024-04-07,3,154,18.37,18.8214
2024-03-17,1,145,13.0,13.0
2025-08-31,1,160,26.0,24.0
2024-07-28,5,144,24.0,24.0
2024-12-29,5,129,9.71,9.57
2024-05-19,5,154,13.82,13.67
2025-10-19,2,148,13.0,13.0
2024-12-08,2,157,21.81,22.2643
2024-07-28,4,160,0.0,0.0
2025-06-08,5,154,26.03,26.82
2025-05-18,5,117,51.0,51.0
2025-01-19,2,126,43.0,43.0
2025-09-28,6,118,62.0,62.0
2024-03-24,7,106,18.63,18.3186
2024-05-05,3,138,26.0,26.0
2025-10-05,4,101,110.34,115.3129
2025-08-17,3,143,23.0,23.0
2025-11-16,1,146,9.0,12.0
2025-09-28,8,142,29.0,29.0
2025-04-20,1,148,18.0,18.0
2025-01-05,8,129,17.74,17.29
2025-05-11,5,150,21.0,20.0
2025-01-26,5,135,38.0,38.0
2025-04-20,1,143,10.0,10.0
2025-01-26,6,158,14.0,14.0
2025-07-13,7,137,17.0,17.0
2024-10-20,6,144,23.0,23.0
2025-11-09,3,123,29.0,29.0
2024-09-15,1,116,54.0,53.0
2025-11-16,5,138,17.0,17.0
2025-08-03,3,132,0.0,0.0
2024-07-07,8,158,10.0,10.0
2024-07-14,7,144,26.0,26.0
2025-11-02,4,144,26.0,26.0
2025-04-27,1,108,45.0,43.0
2025-03-16,3,158,17.0,17.0
2024-05-26,6,133,0.0,0.0
2025-01-05,2,148,19.0,19.0
2024-04-21,3,146,8.0,8.0
2025-06-01,1,109,33.0,33.0
2025-04-06,5,146,16.0,16.0
2024-09-15,6,119,19.0,19.0
2024-09-15,6,109,30.0,30.0
2024-06-30,1,107,57.0,57.0
2025-04-27,3,117,39.0,39.0
2024-04-28,5,113,112.0,112.0
2025-07-20,2,121,26.0,26.0
2024-08-11,6,157,24.21,24.0914
2024-07-07,5,105,36.44,35.64
2025-09-07,6,147,33.0,33.0
2024-04-07,8,123,28.0,29.0
2024-08-18,7,105,32.68,33.65
2025-09-14,3,124,16.0,16.0
2024-08-04,5,158,19.0,19.0
2025-03-16,8,102,61.0,61.0
2025-01-12,5,140,18.0,18.0
2025-05-11,4,124,68.0,68.0
2024-07-14,5,157,27.76,27.4514
2024-11-03,5,106,27.49,27.4114
2024-09-01,1,147,17.0,17.0
2025-03-23,7,147,29.0,29.0
2025-09-14,4,134,19.0,19.0
2025-01-26,1,130,16.1,15.6643
2025-01-12,7,120,29.0,29.0
2024-09-22,8,104,15.61,16.0571
2025-01-19,6,118,35.0,35.0
2025-11-16,6,136,26.0,26.0
2024-10-20,3,114,14.0,14.0
2024-11-10,2,143,17.0,17.0
2025-10-26,4,148,22.0,22.0
2024-11-03,8,114,18.0,18.0
2025-12-21,8,137,18.0,18.0
2024-10-13,8,102,56.0,56.0
2024-02-18,7,140,32.0,32.0
2024-05-12,1,151,21.0,21.0
2024-10-13,8,157,13.87,14.4929
2024-10-06,8,106,28.22,28.43
2024-01-07,4,120,39.0,39.0
2025-02-23,5,141,16.0,16.0
2025-09-07,5,141,23.0,23.0
2025-03-23,2,118,71.0,71.0
2025-05-04,8,131,19.0,19.0
2025-09-14,8,119,16.0,16.0
2024-03-31,8,153,13.0,13.0
2025-12-14,7,158,19.0,19.0
2025-03-09,7,104,23.35,23.0457
2024-06-09,1,153,4.0,4.0
2025-10-26,6,158,11.0,11.0
2025-06-01,7,107,35.0,35.0
2024-11-03,3,112,12.0,12.0
2024-06-23,6,153,11.0,11.0
2025-11-02,8,144,33.0,33.0
2025-07-27,1,138,25.0,25.0
2025-09-28,5,115,30.0,30.0
2025-12-21,8,114,7.0,7.0
2025-07-20,8,120,21.0,21.0
2025-03-23,6,117,70.0,70.0
2024-10-06,8,126,36.0,36.0
2025-06-01,7,147,27.0,27.0
2025-06-08,5,111,37.03,39.0086
2024-05-05,2,151,14.0,14.0
2025-01-26,1,136,17.0,17.0
2024-12-15,2,160,22.0,22.0
2025-09-21,4,132,28.0,28.0
2025-08-17,5,128,41.44,41.53
2024-06-16,8,115,27.0,27.0
2025-07-13,2,139,1.0,1.0
2024-01-28,2,137,5.0,5.0
2024-05-26,4,151,15.0,15.0
2024-07-21,4,126,61.0,62.0
2025-10-12,7,143,20.0,20.0
2025-01-26,4,150,17.0,18.0
2024-02-11,8,144,18.0,21.0
2024-10-20,7,109,33.0,35.0
2025-06-29,7,147,19.0,19.0
2024-10-27,2,108,57.0,57.0
2024-01-07,3,128,14.16,13.9271
2025-11-16,8,157,18.43,18.7429
2024-12-22,5,131,23.0,23.0
2025-11-16,6,119,18.0,19.0
2025-04-27,3,137,6.0,6.0
2024-03-03,2,129,13.74,13.3043
2024-07-07,6,104,28.48,26.5971
2025-08-31,7,134,2.0,5.0
2024-03-17,6,147,14.0,14.0
2024-06-23,4,143,25.0,25.0
2024-03-17,5,107,40.0,40.0
2025-03-02,6,111,37.75,37.4829
2024-01-28,7,113,87.0,87.0
2025-11-02,1,154,17.63,18.1186
2025-12-07,7,133,29.0,29.0
2024-01-28,8,141,18.0,18.0
2025-01-19,3,134,13.0,13.0
2025-07-27,1,114,10.0,10.0
2024-12-08,3,158,8.0,8.0
2025-04-13,4,109,30.0,30.0
2024-05-05,8,113,79.0,79.0
2024-03-10,5,146,16.0,16.0
2025-05-18,4,150,21.0,24.0
2025-12-14,2,136,20.0,20.0
2025-10-12,3,125,11.0,11.0
2025-06-15,6,112,22.0,22.0
2024-01-21,1,126,46.0,46.0
2025-06-22,3,134,0.0,0.0
2025-09-21,6,141,10.0,10.0
2024-12-15,4,113,58.0,58.0
2025-07-06,6,146,0.0,0.0
2025-04-27,2,143,19.0,19.0
2024-07-07,3,124,25.0,25.0
2024-06-23,2,140,13.0,13.0
2025-05-25,8,117,54.0,54.0
2025-04-20,5,123,46.0,46.0
2025-03-16,6,159,7.43,6.81
2025-05-18,1,111,29.25,29.8886
2024-01-14,4,149,20.0,20.0
2025-04-13,5,131,23.0,23.0
2024-08-18,3,120,19.0,19.0
2024-06-02,1,144,17.0,17.0
2024-05-05,1,121,21.0,21.0
2024-04-28,5,101,87.93,83.2986
2025-12-07,5,144,24.0,24.0
2025-12-28,2,119,15.0,15.0
2025-06-15,3,109,17.0,17.0
2024-01-07,5,123,59.0,59.0
2024-03-24,5,106,20.29,21.3914
2024-04-21,6,139,13.0,13.0
2025-04-13,4,112,53.0,54.0
2025-07-13,4,115,32.0,32.0
2025-11-23,3,138,37.0,37.0
2025-01-05,1,159,15.95,15.9386
2024-01-28,4,121,40.0,38.0
2025-05-04,2,156,9.46,9.9286
2025-06-08,4,102,87.0,87.0
2025-08-03,3,112,21.0,21.0
2025-10-05,4,116,77.0,77.0
2024-10-20,5,154,15.51,15.7
2024-04-28,2,114,14.0,14.0
2025-06-22,7,159,13.46,13.6229
2024-08-11,2,105,34.05,33.35
2024-10-27,4,127,40.87,41.5229
2024-06-02,3,160,25.0,25.0
2024-10-27,2,143,14.0,14.0
2024-07-14,4,112,56.0,56.0
2024-11-17,3,144,18.0,18.0
2025-02-16,8,145,11.0,11.0
2025-06-08,3,123,29.0,29.0
2025-04-13,7,114,10.0,10.0
2025-06-29,5,123,53.0,53.0
2024-03-24,4,107,58.0,58.0
2025-06-08,8,134,46.0,46.0
2025-10-26,4,144,24.0,24.0
2025-04-13,3,154,32.47,33.1714
2025-10-19,6,132,29.0,29.0
2025-12-07,3,119,15.0,15.0
2024-06-09,6,145,12.0,12.0
2024-07-07,7,109,31.0,31.0
2025-04-20,2,154,30.75,30.0714
2024-08-11,7,128,37.39,37.2329
2025-02-16,5,125,19.0,19.0
2025-01-05,5,141,13.0,13.0
2024-10-20,6,104,25.7,26.0671
2025-12-21,7,141,5.0,5.0
2024-02-11,3,142,13.0,13.0
2024-01-21,3,139,22.0,22.0
2024-12-29,2,137,13.0,13.0
2025-04-20,5,160,24.0,24.0
2024-05-12,5,160,24.0,24.0
2024-06-09,1,141,0.0,0.0
2024-07-21,1,134,24.0,24.0
2025-08-17,7,110,61.16,60.5657
2025-08-10,7,116,66.0,66.0
2024-03-17,2,125,23.0,23.0
2025-06-08,8,142,29.0,29.0
2024-03-31,6,116,50.0,50.0
2024-10-13,5,157,31.25,30.2014
2025-01-12,2,115,32.0,32.0
2025-07-20,1,117,78.0,78.0
2024-09-01,1,113,115.0,115.0
2025-02-16,3,117,40.0,40.0
2025-12-21,7,115,20.0,20.0
2025-04-20,1,109,32.0,32.0
2025-09-28,8,108,56.0,56.0
2024-08-25,1,115,22.0,22.0
2024-04-21,8,105,52.51,55.53
2024-01-14,1,129,22.59,21.92
2024-11-03,3,102,53.0,53.0
2024-03-24,7,123,42.0,42.0
2025-06-08,3,101,23.59,23.6186
2025-08-24,6,144,11.0,11.0
2024-01-28,3,144,1.0,1.0
2025-10-26,8,122,38.0,38.0
2024-02-04,4,111,58.38,57.54
2024-09-08,8,158,16.0,16.0
2025-12-21,6,132,11.0,11.0
2025-02-23,3,111,30.2,28.5714
2025-05-18,5,133,32.0,32.0
2025-11-02,3,160,20.0,20.0
2024-08-11,6,147,26.0,26.0
2024-03-17,4,155,16.48,16.8186
2024-03-17,7,110,14.58,14.9657
2025-01-05,5,139,27.0,27.0
2024-06-09,5,154,22.91,23.82
2025-09-28,4,138,47.0,47.0
2024-08-04,4,119,17.0,17.0
2024-02-25,8,150,14.0,14.0
2025-07-27,4,107,79.0,79.0
2025-09-21,5,125,30.0,30.0
2024-01-14,5,106,28.96,28.4914
2025-11-09,4,148,31.0,31.0
2025-10-19,7,131,13.0,13.0
2025-02-16,5,143,0.0,0.0
2025-03-23,5,153,8.0,8.0
2024-12-22,5,103,35.0,35.0
2025-02-09,4,156,14.25,14.5557
2024-02-25,4,102,79.0,81.0
2025-11-16,6,151,33.0,33.0
2025-06-22,1,122,22.0,22.0
2024-11-10,6,106,36.2,36.9271
2025-03-09,6,122,25.0,25.0
2024-10-13,8,130,16.01,15.9114
2025-08-03,6,108,74.0,74.0
2025-04-06,8,152,17.0,17.0
2024-11-24,5,110,63.82,63.6629
2025-09-21,4,115,55.0,55.0
2025-07-20,3,122,26.0,26.0
2024-08-04,6,160,17.0,17.0
2025-08-03,5,103,32.0,32.0
2025-01-12,4,129,17.69,16.74
2025-03-02,3,104,30.05,30.86
2024-12-15,5,159,13.05,13.5214
2024-04-07,7,159,12.37,12.5529
2024-07-28,3,156,6.88,6.9214
2025-03-30,4,115,38.0,38.0
2025-08-31,5,152,0.0,0.0
2025-10-05,3,145,7.0,7.0
2024-05-19,4,155,28.29,28.6586
2025-06-08,4,109,25.0,25.0
2025-11-16,7,111,32.49,32.4343
2024-05-05,5,110,67.86,66.8229
2024-01-21,5,120,26.0,26.0
2024-06-30,4,150,30.0,30.0
2024-12-01,4,137,9.0,9.0
2025-11-16,2,113,88.0,88.0
2024-09-01,3,131,14.0,14.0
2025-04-06,6,113,31.0,31.0
2024-01-21,8,127,20.27,19.8057
2024-03-17,8,156,6.67,6.3757
2025-06-15,8,129,22.62,23.34
2024-02-11,3,155,22.63,23.0486
2025-11-09,1,114,14.0,14.0
2024-11-03,6,117,74.0,74.0
2025-03-02,5,154,23.04,23.67
2025-05-18,1,153,10.0,10.0
2025-11-09,7,148,14.0,14.0
2025-12-28,2,135,14.0,14.0
2025-08-17,4,121,43.0,43.0
2024-07-14,7,141,15.0,18.0
2024-09-08,3,147,17.0,17.0
2025-02-02,5,137,14.0,14.0
2025-05-11,1,103,42.0,42.0
2025-02-02,3,127,15.98,16.47
2024-07-14,2,134,24.0,24.0
2025-03-09,4,138,46.0,46.0
2024-09-22,5,111,26.67,27.3486
2024-11-03,7,123,53.0,53.0
2025-09-28,2,113,51.0,51.0
2024-02-18,2,143,1.0,1.0
2024-03-31,2,122,26.0,26.0
2025-06-01,1,151,22.0,22.0
2024-11-10,2,118,55.0,55.0
2024-09-01,2,140,18.0,18.0
2025-06-15,4,115,19.0,19.0
2024-03-17,2,108,65.0,65.0
2024-01-07,6,115,25.0,24.0
2025-05-04,7,106,37.75,38.6886
2024-08-25,6,117,67.0,67.0
2024-03-17,8,116,48.0,48.0
2024-10-13,2,156,14.87,14.9086
2025-12-14,6,126,40.0,40.0
2024-08-11,1,110,66.92,68.6829
2025-02-09,1,160,29.0,29.0
2025-06-29,1,101,82.68,79.5871
2024-03-17,4,133,67.0,67.0
2024-08-04,6,102,38.0,38.0
2025-08-31,8,138,11.0,11.0
2024-01-14,4,113,75.0,75.0
2025-09-21,7,107,37.0,37.0
2024-02-18,6,101,44.39,47.1043
2025-06-29,2,116,46.0,46.0
2025-04-27,5,122,26.0,26.0
2024-10-27,8,147,24.0,24.0
2025-04-06,5,157,21.53,20.8614
2024-03-03,7,130,14.99,14.8829
2024-11-10,6,155,10.93,10.5086
2025-09-21,3,102,76.0,76.0
2024-01-14,3,160,21.0,21.0
2025-11-09,2,102,57.0,57.0
2025-09-07,5,142,24.0,24.0
2025-03-16,3,148,16.0,16.0
2024-07-21,2,158,8.0,8.0
2025-05-04,4,101,91.01,89.0829
2024-05-26,2,150,10.0,10.0
2025-05-11,4,105,55.55,57.74
2025-11-30,6,103,32.0,32.0
2025-02-16,8,132,25.0,25.0
2024-03-03,1,124,24.0,24.0
2025-07-06,2,158,14.0,14.0
2024-12-29,5,125,35.0,35.0
2025-11-09,5,138,11.0,11.0
2025-03-02,4,111,59.86,63.61
2025-06-15,4,160,14.0,14.0
2024-10-06,3,131,23.0,23.0
2024-10-06,7,113,29.0,29.0
2024-12-22,4,129,11.1,11.16
2024-12-29,7,149,6.0,6.0
2024-09-01,6,128,10.19,9.96
2024-07-14,6,151,31.0,31.0
2025-08-03,8,110,69.58,69.5
2024-07-07,6,114,17.0,17.0
2024-04-28,2,142,29.0,29.0
2024-07-21,5,134,12.0,13.0
2024-04-07,2,109,16.0,16.0
2025-11-23,8,159,14.97,14.8071
2025-02-09,8,123,33.0,33.0
2025-03-16,1,114,14.0,14.0
2025-03-23,1,156,10.98,11.0671
2025-05-25,7,103,26.0,26.0
2025-02-23,8,106,22.9,22.47
2025-02-02,5,135,27.0,27.0
2024-10-13,6,129,15.62,15.54
2025-12-28,6,108,66.0,66.0
2025-05-18,4,145,24.0,24.0
2024-09-08,1,141,8.0,6.0
2025-07-27,7,120,20.0,20.0
2025-10-05,6,151,30.0,30.0
2024-09-01,2,125,23.0,23.0
2025-11-09,1,104,19.04,18.7871
2024-10-20,4,139,37.0,37.0
2025-11-02,8,151,19.0,20.0
2025-04-13,2,129,11.45,11.0643
2024-10-20,7,134,24.0,24.0
2025-10-26,6,111,31.42,32.3829
2024-04-28,5,131,6.0,6.0
2024-08-25,5,105,47.89,48.76
2024-02-25,5,154,28.13,28.27
2025-08-17,2,121,27.0,27.0
2025-01-19,3,129,13.25,13.0129
2024-04-28,3,142,17.0,17.0
2024-05-19,3,107,24.0,24.0
2024-10-06,5,129,17.41,18.4
2025-12-28,8,128,30.02,29.4057
2024-05-26,2,135,4.0,4.0
2025-02-23,6,140,23.0,23.0
2024-03-31,8,151,21.0,23.0
2025-03-30,5,152,21.0,21.0
2024-12-08,4,121,31.0,31.0
2025-05-11,6,126,45.0,45.0
2024-06-09,3,155,17.72,17.4886
2025-02-02,4,145,4.0,4.0
2025-06-29,2,108,73.0,73.0
2025-07-27,7,154,22.07,22.2
2025-10-26,2,154,8.31,8.5614
2024-06-30,5,146,0.0,0.0
2025-02-23,4,151,36.0,36.0
2025-07-06,8,115,22.0,22.0
2025-08-10,7,135,29.0,29.0
2024-07-21,4,104,28.49,29.2371
2025-06-08,1,148,28.0,28.0
2024-12-01,6,137,7.0,7.0
2024-07-21,4,142,30.0,30.0
2024-08-11,3,121,36.0,36.0
2024-02-18,2,157,16.78,16.5343
2025-07-13,1,117,65.0,65.0
2025-08-31,2,145,13.0,13.0
2024-03-31,7,110,45.53,44.9557
2025-03-23,7,149,11.0,11.0
2025-04-06,5,111,28.38,27.3286
2024-05-26,6,136,0.0,0.0
2025-04-27,8,139,16.0,16.0
2025-08-10,8,134,8.0,8.0
2024-10-13,1,133,28.0,28.0
2025-03-09,7,155,20.08,20.4386
2024-04-14,4,105,53.15,54.6
2025-03-02,6,134,0.0,0.0
2025-10-26,5,151,8.0,8.0
2025-07-20,6,123,52.0,52.0
2025-01-05,6,108,59.0,59.0
2025-02-02,1,112,38.0,38.0
2025-01-19,5,102,98.0,98.0
2024-09-15,5,113,74.0,74.0
2025-06-29,3,129,14.66,14.18
2025-07-20,8,117,75.0,75.0
2025-08-10,1,138,12.0,12.0
2024-03-10,5,154,31.99,31.95
2025-11-30,8,102,132.0,132.0
2024-03-10,8,101,82.98,84.0286
2024-09-15,4,107,68.0,68.0
2025-03-02,4,136,7.0,7.0
2025-04-13,7,101,60.26,61.6657
2024-12-22,1,140,24.0,21.0
2025-03-30,6,101,46.28,46.1343
2024-09-15,6,120,24.0,23.0
2024-02-11,2,134,20.0,20.0
2025-10-12,3,143,16.0,16.0
2025-10-12,6,151,13.0,13.0
2025-05-04,5,110,73.32,72.7029
2025-10-12,4,140,10.0,10.0
2024-09-08,8,129,3.91,3.88
2024-04-21,7,139,2.0,2.0
2025-01-05,6,126,37.0,37.0
2025-06-15,5,109,32.0,32.0
2025-11-23,6,141,8.0,8.0
2024-12-01,5,107,57.0,57.0
2025-10-19,8,134,18.0,18.0
2024-09-29,8,135,15.0,15.0
2024-05-19,8,159,13.68,12.6471
2024-09-08,4,110,80.32,80.99
2025-10-05,6,117,69.0,69.0
2025-05-11,8,134,37.0,34.0
2025-11-16,6,130,7.68,7.74
2024-09-01,2,142,27.0,27.0
2024-06-09,8,131,23.0,23.0
2024-03-10,3,109,34.0,34.0
2025-12-07,3,155,6.79,6.6486
2025-10-19,7,153,11.0,11.0
2024-04-28,3,137,7.0,7.0
2024-09-29,2,133,25.0,25.0
2025-08-24,1,143,20.0,20.0
2024-06-09,1,124,37.0,37.0
2025-06-01,4,125,26.0,26.0
2025-08-10,8,126,48.0,48.0
2025-11-02,5,157,16.27,15.8114
2025-11-30,5,114,17.0,17.0
2024-01-07,1,105,39.28,40.26
2024-02-18,5,117,101.0,104.0
2025-02-23,5,149,12.0,12.0
2024-11-17,4,141,9.0,9.0
2025-09-21,7,117,56.0,56.0
2024-05-05,4,144,23.0,23.0
2024-02-25,7,113,72.0,72.0
2025-11-09,7,117,73.0,73.0
2024-09-22,7,108,77.0,77.0
2024-11-10,6,112,42.0,42.0
2024-09-22,2,148,10.0,10.0
2024-03-17,7,157,21.83,21.5814
2024-07-14,2,147,15.0,15.0
2024-12-29,5,120,29.0,29.0
2025-06-15,3,117,53.0,53.0
2024-11-03,5,124,48.0,48.0
2025-05-11,4,123,74.0,74.0
2025-12-07,4,109,34.0,34.0
2024-06-30,7,159,12.24,12.9929
2024-02-18,3,126,24.0,24.0
2024-03-10,6,138,42.0,42.0
2024-01-28,1,105,28.36,27.25
2025-01-26,5,140,0.0,0.0
2025-01-05,4,123,52.0,52.0
2025-03-23,1,107,60.0,60.0
2025-10-12,7,107,47.0,47.0
2025-04-06,8,131,17.0,17.0
2025-10-12,2,111,26.31,26.0743
2025-06-01,2,147,33.0,33.0
2024-07-21,2,130,7.93,7.85
2025-12-28,7,157,16.38,16.6114
2025-07-27,7,153,17.0,17.0
2025-12-07,4,157,26.73,27.2929
2025-02-23,6,119,14.0,14.0
2025-10-05,5,112,56.0,56.0
2024-07-14,5,150,25.0,25.0
2025-11-02,8,153,8.0,7.0
2024-03-24,7,144,9.0,9.0
2024-04-07,5,105,28.7,27.28
2024-12-29,5,140,27.0,27.0
2025-07-27,5,105,35.99,34.7
2024-01-28,4,125,27.0,27.0
2025-12-28,6,132,17.0,17.0
2024-07-21,5,108,87.0,87.0
2025-01-26,4,105,36.3,38.15
2024-07-14,3,105,34.29,36.06
2024-04-21,8,158,11.0,11.0
2025-12-21,8,155,31.35,30.1443
2025-12-28,5,122,22.0,22.0
2025-08-24,5,115,38.0,38.0
2025-11-23,3,124,30.0,30.0
2025-02-02,7,132,26.0,26.0
2025-04-06,2,136,17.0,14.0
2025-09-21,7,145,25.0,25.0
2024-05-12,3,121,13.0,13.0
2025-03-16,6,114,15.0,15.0
2024-06-09,2,137,14.0,14.0
2024-07-14,2,120,12.0,15.0
2024-06-23,8,147,22.0,22.0
2025-11-09,4,105,49.22,48.72
2024-09-15,2,157,12.29,12.4543
2025-08-31,8,154,24.08,23.8557
2025-03-23,4,137,17.0,17.0
2024-04-21,7,156,19.15,18.5157
2025-01-19,3,136,17.0,17.0
2024-09-15,2,152,13.0,13.0
2025-02-16,4,131,27.0,27.0
2024-03-24,2,131,18.0,18.0
2024-09-22,2,119,14.0,14.0
2024-06-02,5,146,23.0,21.0
2024-10-27,8,151,8.0,8.0
2025-09-14,1,109,44.0,44.0
2024-06-30,8,132,16.0,16.0
2024-12-01,7,155,12.32,12.6386
2025-10-26,3,127,11.33,11.63
2025-05-18,6,129,20.19,18.84
2024-08-04,6,148,18.0,18.0
2024-09-01,1,136,24.0,24.0
2025-04-13,6,149,9.0,9.0
2024-12-22,1,157,28.85,28.6814
2025-04-27,8,148,13.0,13.0
2024-04-14,2,123,58.0,58.0
2025-08-03,5,125,30.0,30.0
2024-06-30,2,124,29.0,30.0
2024-01-28,3,107,30.0,30.0
2024-10-13,5,122,39.0,39.0
2024-08-18,4,151,24.0,24.0
2024-01-21,2,111,44.03,43.3843
2024-11-10,6,130,6.38,6.63
2025-02-02,1,153,8.0,8.0
2024-02-25,4,125,21.0,21.0
2025-07-20,2,155,8.48,8.28
2025-08-17,2,139,0.0,0.0
2024-02-11,5,133,36.0,36.0
2025-11-16,1,155,28.13,28.5786
2024-01-28,3,111,12.91,13.0314
2024-06-09,4,116,79.0,79.0
2025-12-14,7,157,26.82,27.2614
2024-10-20,3,122,18.0,18.0
2024-01-28,2,108,59.0,59.0
2025-05-18,6,153,9.0,9.0
2024-01-28,7,123,46.0,48.0
2025-05-18,3,155,7.03,6.8286
2025-01-19,2,131,11.0,11.0
2025-07-13,5,158,19.0,19.0
2024-08-25,6,125,20.0,20.0
2024-03-24,3,156,11.91,12.1614
2024-05-19,4,104,24.57,23.3271
2024-12-01,6,112,23.0,23.0
2024-08-25,7,157,28.56,28.7714
2024-09-22,1,156,15.2,15.5471
2024-03-24,5,109,40.0,40.0
2024-09-22,6,121,14.0,14.0
2025-08-10,5,148,7.0,7.0
2024-09-15,2,112,45.0,45.0
2024-03-24,2,157,19.05,18.5643
2024-10-27,1,105,20.71,21.1
2025-05-18,2,107,41.0,38.0
2025-11-16,8,102,122.0,122.0
2025-07-06,3,123,30.0,30.0
2024-05-12,1,108,51.0,51.0
2024-02-18,5,101,66.92,66.8986
2024-01-14,3,129,10.46,9.8529
2025-07-13,7,114,15.0,15.0
2024-02-18,2,115,22.0,22.0
2024-02-04,5,132,28.0,28.0
2025-02-23,4,116,85.0,85.0
2024-08-18,6,144,16.0,16.0
2024-12-29,4,134,17.0,17.0
2025-04-27,5,103,33.0,33.0
2025-08-10,8,150,14.0,14.0
2024-03-10,2,134,17.0,17.0
2024-03-17,8,109,27.0,27.0
2025-05-11,3,140,9.0,9.0
2025-09-14,2,137,15.0,15.0
2025-02-09,1,109,23.0,23.0
2025-01-05,2,114,12.0,12.0
2024-02-18,5,137,22.0,22.0
2025-05-18,4,132,29.0,29.0
2025-04-27,1,141,0.0,0.0
2024-11-24,4,110,58.71,56.76
2025-08-10,7,112,35.0,35.0
2024-09-22,7,119,34.0,34.0
2024-12-15,1,121,23.0,23.0
2024-07-21,4,113,103.0,103.0
2024-06-23,6,115,27.0,27.0
2024-03-10,1,158,9.0,9.0
2025-08-31,6,132,0.0,0.0
2024-12-29,1,119,32.0,32.0
2024-12-29,5,136,29.0,29.0
2025-05-25,5,124,47.0,47.0
2025-09-14,2,106,33.96,34.1371
2025-03-30,8,126,40.0,40.0
2024-05-19,1,122,21.0,21.0
2025-10-26,6,106,19.7,19.4771
2025-06-01,3,135,3.0,3.0
2025-05-25,8,118,77.0,77.0
2025-05-18,3,148,20.0,20.0
2025-03-23,1,132,20.0,20.0
2025-05-11,7,103,40.0,40.0
2025-11-09,4,107,55.0,55.0
2024-02-11,6,158,8.0,8.0
2024-02-11,7,108,35.0,35.0
2025-01-19,6,120,15.0,15.0
2025-01-26,6,148,16.0,16.0
2024-11-03,5,136,22.0,22.0
2025-08-31,1,141,0.0,0.0
2024-01-28,1,159,14.14,14.1886
2025-06-29,7,102,129.0,129.0
2024-05-05,1,129,10.98,10.9
2025-11-02,1,139,13.0,13.0
2025-10-26,1,134,26.0,26.0
2024-12-22,1,152,14.0,14.0
2024-12-01,5,120,32.0,32.0
2025-07-13,8,124,40.0,40.0
2025-07-13,4,130,14.28,13.95
2025-11-02,5,121,28.0,28.0
2025-08-17,4,117,113.0,113.0
2025-11-16,8,110,49.47,48.96
2025-01-12,4,155,31.21,30.4186
2024-10-20,5,147,21.0,22.0
2025-11-23,6,143,6.0,6.0
2024-03-17,5,150,17.0,18.0
2024-11-24,4,135,61.0,61.0
2024-02-04,2,129,13.75,13.2943
2024-03-31,8,122,45.0,45.0
2025-11-23,7,148,12.0,12.0
2024-12-15,5,124,33.0,33.0
2025-01-05,3,101,45.62,44.9586
2024-12-15,5,109,31.0,31.0
2024-08-18,2,110,45.23,45.6957
2025-11-09,4,104,29.81,29.9871
2025-11-30,3,102,68.0,68.0
2024-07-07,6,150,22.0,22.0
2025-01-12,6,114,16.0,16.0
2024-11-03,1,154,18.43,17.9486
2024-03-24,7,153,9.0,9.0
2024-04-28,3,153,9.0,9.0
2024-07-07,8,148,19.0,19.0
2025-05-18,8,118,49.0,49.0
2024-03-10,8,120,25.0,25.0
2024-06-09,8,120,25.0,25.0
2025-07-20,7,115,20.0,20.0
2024-11-24,7,117,69.0,69.0
2024-10-20,2,123,57.0,57.0
2025-07-27,1,105,30.65,30.31
2025-08-10,3,113,31.0,31.0
2025-01-19,2,105,31.16,31.82
2025-06-08,6,126,42.0,42.0
2025-03-02,7,108,58.0,58.0
2025-11-09,8,125,27.0,27.0
2024-04-21,1,135,8.0,8.0
2025-06-22,7,152,17.0,17.0
2025-04-27,2,120,27.0,27.0
2025-05-25,8,155,23.16,23.0343
2025-07-20,7,112,35.0,35.0
2025-12-28,4,128,38.89,39.1957
2025-03-09,6,151,20.0,21.0
2024-09-01,1,101,68.13,69.0871
2025-11-02,2,121,24.0,24.0
2024-07-07,4,130,19.08,19.23
2024-09-22,2,152,22.0,22.0
2024-07-14,2,128,27.77,26.5529
2025-09-28,5,131,24.0,24.0
2024-10-20,7,151,22.0,22.0
2024-10-06,7,151,29.0,29.0
2025-09-21,1,111,15.57,15.1486
2024-03-17,4,101,60.76,62.0929
2024-11-10,2,141,0.0,0.0
2025-09-28,5,102,99.0,99.0
2024-09-15,6,114,23.0,23.0
2024-04-07,7,152,9.0,9.0
2024-07-07,7,155,23.9,23.3386
2025-10-19,3,112,25.0,25.0
2025-04-06,4,152,18.0,18.0
2025-01-12,4,149,12.0,12.0
2025-10-26,7,140,16.0,16.0
2025-12-21,5,118,83.0,83.0
2025-06-22,2,101,70.36,68.36
2024-11-10,3,116,30.0,30.0
2025-01-05,3,106,19.32,19.4786
2025-04-20,8,134,15.0,15.0
2025-10-12,4,110,84.29,81.45
2024-03-31,4,151,28.0,28.0
2024-01-07,7,157,18.15,18.6414
2024-08-18,3,160,19.0,19.0
2025-07-13,2,149,3.0,3.0
2024-10-27,5,143,7.0,7.0
2025-03-09,3,122,23.0,23.0
2024-03-31,2,104,19.91,21.1629
2024-07-21,8,117,89.0,89.0
2024-09-22,4,140,28.0,28.0
2024-06-16,3,130,10.85,11.1043
2024-08-04,1,132,26.0,26.0
2025-05-25,1,117,57.0,57.0
2024-11-24,1,129,18.89,19.33
2024-10-06,3,136,18.0,18.0
2025-02-16,3,124,11.0,11.0
2024-09-15,1,105,33.61,33.68
2025-04-20,8,151,24.0,22.0
2025-07-20,8,123,53.0,53.0
2024-04-14,2,114,12.0,12.0
2025-07-20,6,105,49.07,47.18
2025-09-28,6,132,13.0,13.0
2024-10-06,3,130,9.49,9.1743
2024-09-22,4,101,101.65,101.7129
2025-07-20,2,160,18.0,18.0
2025-06-08,5,110,42.04,42.2329
2025-04-20,6,144,11.0,11.0
2025-11-30,3,120,18.0,18.0
2025-05-11,6,156,12.27,12.7843
2025-02-16,1,114,13.0,13.0
2024-04-14,3,157,12.87,13.2286
2024-04-21,7,154,31.58,31.81
2024-12-29,8,154,14.5,15.5557
2024-08-18,2,140,8.0,8.0
2024-04-07,3,133,14.0,14.0
2024-01-28,6,102,69.0,69.0
2025-11-30,7,149,9.0,9.0
2024-01-21,8,109,19.0,19.0
2025-05-11,4,151,30.0,30.0
2024-06-30,3,105,21.34,21.79
2024-08-04,8,153,14.0,14.0
2024-08-04,5,104,27.19,29.35
2024-04-14,4,144,39.0,39.0
2025-11-30,4,152,38.0,38.0
2024-09-01,7,122,27.0,27.0
2025-04-06,4,119,36.0,36.0
2025-12-14,7,133,27.0,30.0
2024-07-21,4,138,55.0,55.0
2025-07-13,2,160,18.0,18.0
2025-10-26,5,118,57.0,57.0
2025-11-23,2,147,24.0,24.0
2025-09-07,6,158,18.0,18.0
2024-07-14,6,134,19.0,19.0
2025-07-27,2,105,33.49,34.41
2025-03-09,8,107,59.0,56.0
2025-03-02,3,125,14.0,14.0
2025-09-07,6,137,22.0,22.0
2025-10-05,3,137,3.0,3.0
2024-12-01,5,133,53.0,53.0
2025-08-10,1,101,72.01,73.9671
2024-08-11,6,132,16.0,16.0
2024-02-25,3,160,12.0,12.0
2024-01-07,3,148,14.0,14.0
2024-10-27,4,124,36.0,37.0
2025-09-28,2,110,53.51,53.6557
2025-03-02,2,158,14.0,14.0
2025-08-31,8,140,35.0,35.0
2024-04-21,7,117,64.0,64.0
2025-09-14,4,160,20.0,20.0
2024-09-01,5,153,10.0,10.0
2025-04-20,2,104,14.38,14.2029
2025-07-20,6,131,22.0,22.0
2025-06-08,3,129,8.83,8.9629
2024-12-15,8,144,12.0,12.0
2024-11-10,2,107,40.0,40.0
2025-07-13,4,112,39.0,39.0
2025-08-17,4,135,31.0,31.0
2024-05-12,3,101,31.14,32.5186
2024-02-04,5,151,38.0,38.0
2024-10-13,4,135,49.0,49.0
2024-07-14,1,121,18.0,18.0
2024-02-11,6,130,8.58,8.85
2024-07-28,4,116,87.0,87.0
2025-03-30,1,148,14.0,14.0
2025-07-20,8,160,24.0,24.0
2024-11-17,1,120,27.0,27.0
2024-03-03,1,143,7.0,5.0
2024-12-01,5,119,25.0,25.0
2024-09-15,3,112,19.0,16.0
2025-01-19,4,107,51.0,51.0
2025-01-26,5,153,3.0,3.0
2024-05-19,3,154,21.16,20.9814
2025-03-02,1,123,66.0,66.0
2024-03-17,1,114,4.0,4.0
2024-02-25,3,140,5.0,5.0
2025-09-21,6,117,77.0,77.0
2025-12-28,6,103,25.0,25.0
2024-08-18,8,130,11.75,11.6914
2024-06-09,5,150,17.0,17.0
2024-02-25,1,107,43.0,43.0
2025-08-10,6,141,9.0,6.0
2025-03-30,8,123,19.0,19.0
2025-02-02,6,146,17.0,17.0
2024-02-11,4,114,24.0,24.0
2024-11-17,6,127,24.56,24.3271
2024-11-24,3,157,21.15,20.7586
2024-11-10,6,115,18.0,18.0
2024-01-14,7,111,54.91,57.4943
2024-05-26,1,157,28.91,28.1314
2025-11-30,7,142,35.0,35.0
2025-10-26,7,138,11.0,11.0
2024-05-26,5,106,41.95,41.5714
2025-11-30,4,128,31.23,30.6357
2025-04-13,3,152,20.0,20.0
2025-05-04,7,148,11.0,11.0
2024-12-01,4,122,35.0,35.0
2025-03-16,7,103,40.0,43.0
2025-08-24,5,108,62.0,62.0
2025-03-16,5,148,31.0,31.0
2024-08-25,8,154,8.63,8.6457
2025-11-23,8,105,39.38,41.61
2024-12-29,7,152,18.0,18.0
2024-06-16,8,124,53.0,53.0
2025-02-23,5,134,23.0,23.0
2024-08-18,2,101,66.06,63.13
2024-04-14,7,133,30.0,30.0
2024-06-09,5,123,48.0,48.0
2024-07-07,6,123,61.0,61.0
2024-03-03,8,144,14.0,14.0
2025-12-07,6,147,41.0,41.0
2024-05-26,8,117,78.0,78.0
2025-04-27,6,102,63.0,63.0
2024-07-28,8,145,25.0,23.0
2024-12-01,3,119,8.0,8.0
2024-10-27,6,123,22.0,22.0
2024-01-21,3,143,27.0,27.0
2025-03-09,3,149,6.0,6.0
2025-10-26,1,102,89.0,89.0
2025-09-21,8,135,38.0,38.0
2025-03-30,6,154,25.92,26.23
2025-09-28,5,147,29.0,29.0
2024-06-09,5,136,22.0,22.0
2025-04-20,4,142,3.0,3.0
2025-04-06,8,102,107.0,107.0
2025-11-02,3,156,23.75,23.0514
2024-11-24,8,144,16.0,16.0
2025-06-29,6,103,42.0,43.0
2025-03-30,4,123,38.0,38.0
2025-07-06,4,123,90.0,90.0
2024-12-15,6,106,37.88,37.3871
2024-01-28,4,136,12.0,12.0
2024-12-29,1,160,16.0,16.0
2024-08-11,2,127,41.3,39.19
2025-05-11,8,127,42.5,43.5457
2025-07-06,8,147,33.0,33.0
2024-10-27,4,112,37.0,37.0
2024-07-21,8,145,13.0,13.0
2024-03-03,6,129,9.86,9.88
2024-11-17,7,134,18.0,18.0
2024-03-10,5,155,11.31,11.43
2024-01-21,1,144,24.0,24.0
2025-03-09,1,151,21.0,21.0
2025-08-10,4,102,117.0,117.0
2025-05-04,1,112,29.0,29.0
2024-11-10,3,118,30.0,30.0
2024-05-05,3,152,12.0,12.0
2025-01-26,5,104,17.94,17.84
2024-06-16,6,159,0.0,0.0
2024-03-03,8,105,37.46,36.05
2024-11-03,3,125,19.0,19.0
2025-07-27,1,104,36.42,35.3871
2024-04-07,1,129,17.25,17.46
2024-04-28,2,147,23.0,23.0
2025-08-10,5,155,16.18,16.2
2025-04-13,2,155,10.85,10.27
