store_id,product_id,shelf_volume_l
1,101,274.1
1,102,93.8
1,103,75.0
1,104,91.4
1,105,182.7
1,106,125.5
1,107,129.9
1,108,49.6
1,109,91.4
1,110,205.8
1,111,102.9
1,112,73.6
1,113,50.2
1,114,359.3
1,115,21.0
1,116,197.8
1,117,503.1
1,118,81.4
1,119,42.3
1,120,14.3
1,121,21.0
1,122,82.1
1,123,196.6
1,124,131.0
1,125,83.6
1,126,23.3
1,127,73.4
1,128,58.7
1,129,29.4
1,130,28.2
1,131,21.0
1,132,274.2
1,133,175.4
1,134,233.9
1,135,887.6
1,136,19.8
1,137,120.8
1,138,52.3
1,139,56.2
1,140,62.4
1,141,70.6
1,142,31.5
1,143,27.5
1,144,34.3
1,145,44.0
1,146,89.4
1,147,45.7
1,148,21.0
1,149,111.0
1,150,131.2
1,151,209.0
1,152,60.0
1,153,195.4
1,154,48.7
1,155,47.0
1,156,21.0
1,157,47.0
1,158,1.8
1,159,28.2
1,160,8.6
2,101,228.4
2,102,93.8
2,103,75.0
2,104,91.4
2,105,137.0
2,106,125.5
2,107,129.9
2,108,49.6
2,109,91.4
2,110,205.8
2,111,102.9
2,112,64.4
2,113,50.2
2,114,359.3
2,115,15.8
2,116,175.9
2,117,442.8
2,118,81.4
2,119,35.2
2,120,10.8
2,121,21.0
2,122,82.1
2,123,196.6
2,124,131.0
2,125,83.6
2,126,23.3
2,127,73.4
2,128,58.7
2,129,29.4
2,130,21.1
2,131,21.0
2,132,239.9
2,133,163.7
2,134,210.5
2,135,776.7
2,136,19.8
2,137,120.8
2,138,52.3
2,139,56.2
2,140,62.4
2,141,70.6
2,142,31.5
2,143,27.5
2,144,34.3
2,145,44.0
2,146,74.5
2,147,45.7
2,148,21.0
2,149,111.0
2,150,131.2
2,151,185.8
2,152,60.0
2,153,195.4
2,154,48.7
2,155,47.0
2,156,21.0
2,157,47.0
2,158,1.8
2,159,21.1
2,160,8.6
3,101,182.7
3,102,75.0
3,103,56.2
3,104,91.4
3,105,137.0
3,106,75.3
3,107,86.6
3,108,49.6
3,109,91.4
3,110,154.4
3,111,102.9
3,112,46.0
3,113,50.2
3,114,287.5
3,115,15.8
3,116,131.9
3,117,322.0
3,118,54.3
3,119,28.2
3,120,10.8
3,121,21.0
3,122,65.7
3,123,131.0
3,124,98.3
3,125,55.7
3,126,15.5
3,127,44.0
3,128,44.0
3,129,29.4
3,130,14.1
3,131,21.0
3,132,171.4
3,133,117.0
3,134,152.0
3,135,554.8
3,136,11.9
3,137,80.5
3,138,34.9
3,139,37.5
3,140,41.6
3,141,70.6
3,142,21.0
3,143,27.5
3,144,22.8
3,145,44.0
3,146,59.6
3,147,34.3
3,148,21.0
3,149,74.0
3,150,93.8
3,151,139.3
3,152,60.0
3,153,146.6
3,154,48.7
3,155,47.0
3,156,21.0
3,157,47.0
3,158,1.8
3,159,14.1
3,160,8.6
4,101,365.4
4,102,131.2
4,103,112.5
4,104,137.0
4,105,228.4
4,106,175.8
4,107,173.2
4,108,74.4
4,109,137.0
4,110,257.2
4,111,154.4
4,112,92.0
4,113,50.2
4,114,503.1
4,115,26.3
4,116,263.8
4,117,684.3
4,118,108.5
4,119,56.4
4,120,17.9
4,121,31.5
4,122,114.9
4,123,262.1
4,124,196.6
4,125,111.4
4,126,31.1
4,127,102.8
4,128,88.1
4,129,44.0
4,130,35.2
4,131,31.5
4,132,365.6
4,133,233.9
4,134,315.8
4,135,1188.8
4,136,27.7
4,137,161.0
4,138,69.8
4,139,75.0
4,140,83.1
4,141,106.0
4,142,41.9
4,143,41.3
4,144,45.7
4,145,44.0
4,146,119.1
4,147,57.1
4,148,31.5
4,149,148.1
4,150,187.5
4,151,278.6
4,152,90.0
4,153,293.2
4,154,48.7
4,155,47.0
4,156,21.0
4,157,47.0
4,158,2.7
4,159,35.2
4,160,12.8
5,101,319.7
5,102,112.5
5,103,93.8
5,104,137.0
5,105,182.7
5,106,150.6
5,107,129.9
5,108,49.6
5,109,137.0
5,110,257.2
5,111,154.4
5,112,82.8
5,113,50.2
5,114,431.2
5,115,21.0
5,116,241.8
5,117,603.8
5,118,95.0
5,119,49.3
5,120,14.3
5,121,31.5
5,122,98.5
5,123,229.3
5,124,163.8
5,125,111.4
5,126,23.3
5,127,88.1
5,128,73.4
5,129,44.0
5,130,28.2
5,131,21.0
5,132,319.9
5,133,210.5
5,134,280.7
5,135,1046.1
5,136,23.8
5,137,140.9
5,138,52.3
5,139,75.0
5,140,62.4
5,141,106.0
5,142,31.5
5,143,27.5
5,144,34.3
5,145,44.0
5,146,104.2
5,147,57.1
5,148,21.0
5,149,148.1
5,150,168.8
5,151,255.4
5,152,60.0
5,153,244.3
5,154,48.7
5,155,47.0
5,156,21.0
5,157,47.0
5,158,1.8
5,159,28.2
5,160,12.8
6,101,274.1
6,102,93.8
6,103,75.0
6,104,91.4
6,105,182.7
6,106,125.5
6,107,129.9
6,108,49.6
6,109,91.4
6,110,205.8
6,111,102.9
6,112,64.4
6,113,50.2
6,114,359.3
6,115,21.0
6,116,197.8
6,117,462.9
6,118,81.4
6,119,35.2
6,120,14.3
6,121,21.0
6,122,82.1
6,123,196.6
6,124,131.0
6,125,83.6
6,126,23.3
6,127,73.4
6,128,58.7
6,129,29.4
6,130,21.1
6,131,21.0
6,132,251.3
6,133,163.7
6,134,222.2
6,135,824.2
6,136,19.8
6,137,120.8
6,138,52.3
6,139,56.2
6,140,62.4
6,141,70.6
6,142,31.5
6,143,27.5
6,144,34.3
6,145,44.0
6,146,74.5
6,147,45.7
6,148,21.0
6,149,111.0
6,150,131.2
6,151,209.0
6,152,60.0
6,153,195.4
6,154,48.7
6,155,47.0
6,156,21.0
6,157,47.0
6,158,1.8
6,159,21.1
6,160,8.6
7,101,274.1
7,102,112.5
7,103,93.8
7,104,91.4
7,105,182.7
7,106,125.5
7,107,129.9
7,108,49.6
7,109,137.0
7,110,205.8
7,111,154.4
7,112,73.6
7,113,50.2
7,114,431.2
7,115,21.0
7,116,219.8
7,117,543.4
7,118,95.0
7,119,42.3
7,120,14.3
7,121,21.0
7,122,98.5
7,123,229.3
7,124,163.8
7,125,83.6
7,126,23.3
7,127,73.4
7,128,73.4
7,129,44.0
7,130,28.2
7,131,21.0
7,132,285.6
7,133,187.1
7,134,245.6
7,135,935.2
7,136,19.8
7,137,140.9
7,138,52.3
7,139,56.2
7,140,62.4
7,141,106.0
7,142,31.5
7,143,27.5
7,144,34.3
7,145,44.0
7,146,89.4
7,147,45.7
7,148,21.0
7,149,111.0
7,150,150.0
7,151,232.2
7,152,60.0
7,153,244.3
7,154,48.7
7,155,47.0
7,156,21.0
7,157,47.0
7,158,1.8
7,159,28.2
7,160,12.8
8,101,319.7
8,102,112.5
8,103,93.8
8,104,91.4
8,105,182.7
8,106,150.6
8,107,129.9
8,108,49.6
8,109,137.0
8,110,205.8
8,111,154.4
8,112,82.8
8,113,50.2
8,114,431.2
8,115,21.0
8,116,219.8
8,117,563.5
8,118,95.0
8,119,42.3
8,120,14.3
8,121,21.0
8,122,98.5
8,123,229.3
8,124,163.8
8,125,83.6
8,126,23.3
8,127,88.1
8,128,73.4
8,129,44.0
8,130,28.2
8,131,21.0
8,132,297.0
8,133,198.8
8,134,257.3
8,135,966.9
8,136,23.8
8,137,140.9
8,138,52.3
8,139,56.2
8,140,62.4
8,141,106.0
8,142,31.5
8,143,27.5
8,144,34.3
8,145,44.0
8,146,89.4
8,147,45.7
8,148,21.0
8,149,111.0
8,150,150.0
8,151,232.2
8,152,60.0
8,153,244.3
8,154,48.7
8,155,47.0
8,156,21.0
8,157,47.0
8,158,1.8
8,159,28.2
8,160,12.8
