date,store_id,product_id,expected_demand,demand,sales,lost,waste,shrink,on_hand
2025-03-01,1,101,33.0245,20.55,20.55,0.0,2.58,0.26,87.4271
2025-03-01,1,102,39.6293,41.0,41.0,0.0,2.0,0.0,89.0
2025-03-01,1,103,20.4321,34.0,34.0,0.0,0.0,0.0,24.0
2025-03-01,1,104,10.5678,14.92,14.92,0.0,0.74,0.08,25.1371
2025-03-01,1,105,31.7035,20.14,20.14,0.0,0.44,0.2,65.79
2025-03-01,1,106,13.481,11.49,11.49,0.0,0.9,0.09,30.5329
2025-03-01,1,107,29.5899,27.0,27.0,0.0,2.0,1.0,57.0
2025-03-01,1,108,26.4196,28.0,28.0,0.0,3.0,0.0,80.0
2025-03-01,1,109,13.2098,18.0,18.0,0.0,0.0,0.0,28.0
2025-03-01,1,110,23.7776,17.72,17.72,0.0,0.0,0.24,78.4129
2025-03-01,1,111,13.2098,15.43,15.43,0.0,0.0,0.09,29.8186
2025-03-01,1,112,15.5401,17.0,17.0,0.0,2.0,0.0,31.0
2025-03-01,1,113,15.8517,17.0,17.0,0.0,1.0,0.0,73.0
2025-03-01,1,114,1.0493,0.0,0.0,0.0,0.0,0.0,18.0
2025-03-01,1,115,13.2098,20.0,20.0,0.0,0.0,0.0,21.0
2025-03-01,1,116,28.5435,34.0,34.0,0.0,1.0,0.0,42.0
2025-03-01,1,117,35.6794,17.0,17.0,0.0,1.0,0.0,81.0
2025-03-01,1,118,31.3978,29.0,29.0,0.0,0.0,0.0,65.0
2025-03-01,1,119,18.2678,8.0,8.0,0.0,0.0,0.0,45.0
2025-03-01,1,120,14.2717,7.0,7.0,0.0,0.0,0.0,38.0
2025-03-01,1,121,11.4174,15.0,15.0,0.0,0.0,0.0,18.0
2025-03-01,1,122,13.2098,14.0,14.0,0.0,1.0,0.0,29.0
2025-03-01,1,123,26.0438,35.0,35.0,0.0,2.0,0.0,43.0
2025-03-01,1,124,17.3625,16.0,16.0,0.0,2.0,0.0,37.0
2025-03-01,1,125,18.52,32.0,32.0,0.0,1.0,0.0,25.0
2025-03-01,1,126,21.7032,28.0,28.0,0.0,3.0,0.0,41.0
2025-03-01,1,127,16.2785,19.63,19.63,0.0,0.92,0.05,17.3771
2025-03-01,1,128,13.5654,13.79,13.79,0.0,1.38,0.06,19.27
2025-03-01,1,129,6.7827,8.15,8.15,0.0,0.56,0.03,10.63
2025-03-01,1,130,5.7087,4.79,4.79,0.0,0.95,0.04,13.2143
2025-03-01,1,131,6.8704,7.0,7.0,0.0,0.0,0.0,11.0
2025-03-01,1,132,11.4648,17.0,17.0,0.0,0.0,0.0,4.0
2025-03-01,1,133,19.8147,19.0,19.0,0.0,0.0,0.0,34.0
2025-03-01,1,134,21.1356,21.0,21.0,0.0,0.0,0.0,3.0
2025-03-01,1,135,12.3349,12.0,12.0,0.0,0.0,0.0,18.0
2025-03-01,1,136,10.3759,11.0,11.0,0.0,0.0,0.0,22.0
2025-03-01,1,137,4.4957,10.0,10.0,0.0,0.0,0.0,10.0
2025-03-01,1,138,17.7873,13.0,13.0,0.0,0.0,0.0,39.0
2025-03-01,1,139,11.8582,8.0,8.0,0.0,0.0,0.0,20.0
2025-03-01,1,140,10.3759,13.0,13.0,0.0,0.0,0.0,14.0
2025-03-01,1,141,5.9291,10.0,10.0,0.0,0.0,0.0,0.0
2025-03-01,1,142,10.3759,10.0,10.0,0.0,0.0,0.0,15.0
2025-03-01,1,143,22.4128,26.0,12.0,14.0,0.0,0.0,0.0
2025-03-01,1,144,10.3759,10.0,10.0,0.0,0.0,0.0,14.0
2025-03-01,1,145,5.9291,6.0,6.0,0.0,0.0,0.0,10.0
2025-03-01,1,146,5.0305,8.0,8.0,0.0,0.0,0.0,11.0
2025-03-01,1,147,12.3667,9.0,9.0,0.0,0.0,0.0,20.0
2025-03-01,1,148,6.8704,7.0,7.0,0.0,0.0,0.0,12.0
2025-03-01,1,149,2.0794,0.0,0.0,0.0,0.0,0.0,8.0
2025-03-01,1,150,9.9902,14.0,14.0,0.0,0.0,0.0,5.0
2025-03-01,1,151,12.8446,15.0,15.0,0.0,0.0,0.0,13.0
2025-03-01,1,152,7.1359,7.0,7.0,0.0,0.0,0.0,6.0
2025-03-01,1,153,5.7087,7.0,7.0,0.0,0.0,0.0,4.0
2025-03-01,1,154,8.563,7.14,7.14,0.0,0.0,0.07,22.2186
2025-03-01,1,155,4.2815,4.81,4.81,0.0,0.0,0.04,12.5686
2025-03-01,1,156,2.8543,1.48,1.48,0.0,0.0,0.08,25.7771
2025-03-01,1,157,5.7087,3.76,3.76,0.0,0.45,0.07,22.1214
2025-03-01,1,158,10.5678,9.0,9.0,0.0,1.0,0.0,19.0
2025-03-01,1,159,5.4262,7.54,7.54,0.0,0.28,0.03,9.6486
2025-03-01,1,160,8.563,9.0,9.0,0.0,0.0,0.0,21.0
2025-03-02,1,101,26.7085,32.73,32.73,0.0,1.56,0.16,52.9771
2025-03-02,1,102,32.0502,29.0,29.0,0.0,1.0,0.0,59.0
2025-03-02,1,103,16.4655,11.0,11.0,0.0,1.0,0.0,36.0
2025-03-02,1,104,8.5467,7.66,7.66,0.0,0.5,0.05,16.9271
2025-03-02,1,105,25.6401,19.32,19.32,0.0,0.31,0.14,46.02
2025-03-02,1,106,11.325,9.95,9.95,0.0,0.59,0.06,19.9329
2025-03-02,1,107,23.9308,29.0,29.0,0.0,2.0,0.0,50.0
2025-03-02,1,108,21.3668,21.0,21.0,0.0,2.0,0.0,57.0
2025-03-02,1,109,10.6834,6.0,6.0,0.0,0.0,0.0,22.0
2025-03-02,1,110,19.2301,13.46,13.46,0.0,0.0,0.19,64.7629
2025-03-02,1,111,10.6834,17.06,17.06,0.0,0.0,0.04,12.7186
2025-03-02,1,112,13.3052,13.0,13.0,0.0,1.0,0.0,41.0
2025-03-02,1,113,12.8201,15.0,15.0,0.0,0.0,0.0,58.0
2025-03-02,1,114,1.0197,0.0,0.0,0.0,0.0,0.0,18.0
2025-03-02,1,115,10.6834,9.0,9.0,0.0,1.0,0.0,35.0
2025-03-02,1,116,23.0556,33.0,33.0,0.0,0.0,0.0,45.0
2025-03-02,1,117,28.8195,28.0,28.0,0.0,1.0,0.0,52.0
2025-03-02,1,118,25.3612,23.0,23.0,0.0,0.0,0.0,57.0
2025-03-02,1,119,14.7556,29.0,29.0,0.0,0.0,0.0,16.0
2025-03-02,1,120,11.5278,9.0,9.0,0.0,0.0,0.0,29.0
2025-03-02,1,121,9.2222,8.0,8.0,0.0,0.0,0.0,28.0
2025-03-02,1,122,10.6834,12.0,12.0,0.0,0.0,0.0,25.0
2025-03-02,1,123,21.0193,10.0,10.0,0.0,3.0,0.0,66.0
2025-03-02,1,124,14.0129,14.0,14.0,0.0,1.0,0.0,22.0
2025-03-02,1,125,14.947,20.0,20.0,0.0,1.0,0.0,16.0
2025-03-02,1,126,17.5161,19.0,19.0,0.0,3.0,1.0,42.0
2025-03-02,1,127,13.1638,19.61,19.61,0.0,1.39,0.08,26.2971
2025-03-02,1,128,10.9698,13.82,13.82,0.0,1.03,0.04,14.38
2025-03-02,1,129,5.4849,7.78,7.78,0.0,0.64,0.04,12.17
2025-03-02,1,130,4.6111,6.3,6.3,0.0,0.79,0.03,11.0943
2025-03-02,1,131,5.5528,8.0,8.0,0.0,0.0,0.0,15.0
2025-03-02,1,132,10.0043,9.0,9.0,0.0,0.0,0.0,15.0
2025-03-02,1,133,16.0251,11.0,11.0,0.0,0.0,0.0,39.0
2025-03-02,1,134,17.0934,18.0,15.0,3.0,0.0,0.0,0.0
2025-03-02,1,135,10.97,11.0,11.0,0.0,0.0,0.0,19.0
2025-03-02,1,136,8.3765,9.0,9.0,0.0,0.0,0.0,25.0
2025-03-02,1,137,4.1531,1.0,1.0,0.0,0.0,1.0,8.0
2025-03-02,1,138,14.3598,16.0,16.0,0.0,0.0,0.0,23.0
2025-03-02,1,139,9.5732,8.0,8.0,0.0,0.0,0.0,12.0
2025-03-02,1,140,8.3765,7.0,7.0,0.0,0.0,1.0,18.0
2025-03-02,1,141,4.7866,4.0,0.0,4.0,0.0,0.0,0.0
2025-03-02,1,142,8.3765,5.0,5.0,0.0,0.0,0.0,22.0
2025-03-02,1,143,17.0546,19.0,0.0,19.0,0.0,0.0,0.0
2025-03-02,1,144,8.3765,11.0,11.0,0.0,0.0,0.0,27.0
2025-03-02,1,145,4.7866,5.0,5.0,0.0,0.0,0.0,17.0
2025-03-02,1,146,4.6622,3.0,3.0,0.0,0.0,1.0,25.0
2025-03-02,1,147,9.995,9.0,9.0,0.0,0.0,0.0,31.0
2025-03-02,1,148,5.5528,12.0,12.0,0.0,0.0,0.0,12.0
2025-03-02,1,149,2.111,4.0,4.0,0.0,0.0,0.0,4.0
2025-03-02,1,150,8.0695,9.0,9.0,0.0,0.0,0.0,4.0
2025-03-02,1,151,10.375,5.0,5.0,0.0,0.0,0.0,24.0
2025-03-02,1,152,5.7639,5.0,5.0,0.0,0.0,0.0,13.0
2025-03-02,1,153,4.6111,3.0,3.0,0.0,0.0,0.0,5.0
2025-03-02,1,154,6.9167,5.06,5.06,0.0,0.0,0.05,17.1086
2025-03-02,1,155,3.4583,4.48,4.48,0.0,0.0,0.02,8.0686
2025-03-02,1,156,2.3056,4.12,4.12,0.0,0.0,0.06,21.5971
2025-03-02,1,157,4.6111,3.37,3.37,0.0,0.38,0.06,18.3114
2025-03-02,1,158,8.5467,8.0,8.0,0.0,0.0,0.0,11.0
2025-03-02,1,159,4.3879,3.79,3.79,0.0,0.31,0.03,10.5186
2025-03-02,1,160,6.9167,5.0,5.0,0.0,1.0,0.0,27.0
2025-03-03,1,101,21.6499,14.69,14.69,0.0,3.15,0.32,106.8171
2025-03-03,1,102,25.9799,29.0,29.0,0.0,2.0,1.0,99.0
2025-03-03,1,103,13.2984,12.0,12.0,0.0,0.0,0.0,24.0
2025-03-03,1,104,6.928,7.18,7.18,0.0,1.31,0.13,44.3071
2025-03-03,1,105,12.9899,14.1,14.1,0.0,0.21,0.1,31.61
2025-03-03,1,106,9.2261,5.92,5.92,0.0,0.97,0.1,32.9429
2025-03-03,1,107,12.1239,10.0,10.0,0.0,1.0,0.0,39.0
2025-03-03,1,108,17.3199,8.0,8.0,0.0,2.0,0.0,47.0
2025-03-03,1,109,8.66,6.0,6.0,0.0,0.0,0.0,56.0
2025-03-03,1,110,15.5879,13.88,13.88,0.0,0.0,0.15,50.7329
2025-03-03,1,111,8.66,11.8,11.8,0.0,0.0,0.12,40.7986
2025-03-03,1,112,10.8664,11.0,11.0,0.0,1.0,1.0,28.0
2025-03-03,1,113,10.392,12.0,12.0,0.0,0.0,0.0,46.0
2025-03-03,1,114,0.8702,0.0,0.0,0.0,1.0,0.0,17.0
2025-03-03,1,115,8.66,5.0,5.0,0.0,1.0,0.0,29.0
2025-03-03,1,116,18.6651,22.0,22.0,0.0,1.0,0.0,49.0
2025-03-03,1,117,23.3313,22.0,22.0,0.0,1.0,0.0,73.0
2025-03-03,1,118,20.5316,23.0,23.0,0.0,0.0,0.0,34.0
2025-03-03,1,119,7.466,5.0,5.0,0.0,1.0,0.0,34.0
2025-03-03,1,120,9.3325,4.0,4.0,0.0,0.0,0.0,25.0
2025-03-03,1,121,7.466,10.0,10.0,0.0,0.0,0.0,18.0
2025-03-03,1,122,8.66,4.0,4.0,0.0,0.0,0.0,29.0
2025-03-03,1,123,17.0025,11.0,11.0,0.0,2.0,1.0,52.0
2025-03-03,1,124,11.335,7.0,7.0,0.0,2.0,0.0,37.0
2025-03-03,1,125,7.5567,8.0,8.0,0.0,1.0,0.0,31.0
2025-03-03,1,126,14.1688,10.0,10.0,0.0,2.0,0.0,30.0
2025-03-03,1,127,10.6693,6.12,6.12,0.0,1.51,0.09,28.5771
2025-03-03,1,128,8.8911,12.28,12.28,0.0,1.47,0.06,20.57
2025-03-03,1,129,4.4455,2.92,2.92,0.0,0.96,0.05,18.24
2025-03-03,1,130,3.733,3.74,3.74,0.0,0.49,0.02,6.8443
2025-03-03,1,131,4.4981,5.0,5.0,0.0,0.0,0.0,10.0
2025-03-03,1,132,8.191,9.0,9.0,0.0,0.0,1.0,23.0
2025-03-03,1,133,12.9899,8.0,8.0,0.0,0.0,0.0,47.0
2025-03-03,1,134,8.66,13.0,13.0,0.0,0.0,0.0,9.0
2025-03-03,1,135,9.0041,13.0,13.0,0.0,0.0,0.0,29.0
2025-03-03,1,136,6.7777,3.0,3.0,0.0,0.0,0.0,22.0
2025-03-03,1,137,3.426,2.0,2.0,0.0,0.0,0.0,10.0
2025-03-03,1,138,11.6189,9.0,9.0,0.0,0.0,0.0,34.0
2025-03-03,1,139,7.7459,8.0,8.0,0.0,0.0,0.0,16.0
2025-03-03,1,140,10.8443,7.0,7.0,0.0,0.0,0.0,35.0
2025-03-03,1,141,3.873,4.0,4.0,0.0,0.0,0.0,4.0
2025-03-03,1,142,6.7777,9.0,9.0,0.0,0.0,0.0,37.0
2025-03-03,1,143,13.6659,14.0,14.0,0.0,0.0,0.0,10.0
2025-03-03,1,144,6.7777,4.0,4.0,0.0,0.0,0.0,35.0
2025-03-03,1,145,3.873,7.0,7.0,0.0,0.0,0.0,22.0
2025-03-03,1,146,3.8584,5.0,5.0,0.0,0.0,0.0,20.0
2025-03-03,1,147,8.0966,5.0,5.0,0.0,0.0,0.0,36.0
2025-03-03,1,148,4.4981,9.0,9.0,0.0,0.0,0.0,15.0
2025-03-03,1,149,1.7621,1.0,1.0,0.0,0.0,0.0,9.0
2025-03-03,1,150,6.5328,4.0,4.0,0.0,0.0,0.0,12.0
2025-03-03,1,151,8.3993,4.0,4.0,0.0,0.0,0.0,32.0
2025-03-03,1,152,4.6663,5.0,5.0,0.0,0.0,0.0,20.0
2025-03-03,1,153,3.733,3.0,3.0,0.0,0.0,0.0,6.0
2025-03-03,1,154,8.9592,11.92,11.92,0.0,0.0,0.08,25.1086
2025-03-03,1,155,2.7998,3.44,3.44,0.0,0.0,0.07,24.5586
2025-03-03,1,156,1.8665,1.43,1.43,0.0,0.0,0.06,20.1071
2025-03-03,1,157,3.733,5.52,5.52,0.0,0.26,0.04,12.4914
2025-03-03,1,158,4.33,4.0,4.0,0.0,0.0,0.0,19.0
2025-03-03,1,159,3.5564,4.33,4.33,0.0,0.32,0.03,10.8386
2025-03-03,1,160,5.5995,15.0,15.0,0.0,0.0,0.0,12.0
2025-03-04,1,101,21.6792,20.37,20.37,0.0,2.47,0.25,83.7271
2025-03-04,1,102,26.015,28.0,28.0,0.0,1.0,1.0,69.0
2025-03-04,1,103,13.2669,9.0,9.0,0.0,0.0,0.0,39.0
2025-03-04,1,104,6.9373,6.24,6.24,0.0,1.09,0.11,36.8671
2025-03-04,1,105,13.0075,11.24,11.24,0.0,0.38,0.17,55.82
2025-03-04,1,106,8.8852,9.75,9.75,0.0,0.66,0.07,22.4629
2025-03-04,1,107,12.1403,14.0,14.0,0.0,1.0,0.0,24.0
2025-03-04,1,108,17.3433,21.0,21.0,0.0,2.0,0.0,24.0
2025-03-04,1,109,8.6717,8.0,8.0,0.0,1.0,0.0,47.0
2025-03-04,1,110,15.609,12.33,12.33,0.0,0.0,0.12,38.2829
2025-03-04,1,111,8.6717,8.52,8.52,0.0,0.0,0.1,32.1786
2025-03-04,1,112,10.2628,5.0,5.0,0.0,2.0,1.0,52.0
2025-03-04,1,113,10.406,16.0,16.0,0.0,0.0,0.0,30.0
2025-03-04,1,114,0.7689,0.0,0.0,0.0,1.0,0.0,16.0
2025-03-04,1,115,8.6717,10.0,10.0,0.0,0.0,0.0,19.0
2025-03-04,1,116,18.6661,18.0,18.0,0.0,0.0,0.0,31.0
2025-03-04,1,117,23.3326,25.0,25.0,0.0,1.0,0.0,47.0
2025-03-04,1,118,20.5327,24.0,24.0,0.0,0.0,0.0,55.0
2025-03-04,1,119,7.4664,10.0,10.0,0.0,0.0,0.0,24.0
2025-03-04,1,120,9.333,7.0,7.0,0.0,0.0,0.0,18.0
2025-03-04,1,121,7.4664,9.0,9.0,0.0,0.0,0.0,27.0
2025-03-04,1,122,8.6717,9.0,9.0,0.0,0.0,0.0,36.0
2025-03-04,1,123,16.9894,8.0,8.0,0.0,1.0,0.0,43.0
2025-03-04,1,124,11.3263,7.0,7.0,0.0,1.0,0.0,29.0
2025-03-04,1,125,7.5508,5.0,5.0,0.0,1.0,0.0,25.0
2025-03-04,1,126,14.1578,9.0,9.0,0.0,3.0,0.0,42.0
2025-03-04,1,127,10.6824,14.89,14.89,0.0,1.68,0.1,31.9071
2025-03-04,1,128,8.902,7.84,7.84,0.0,1.52,0.06,21.15
2025-03-04,1,129,4.451,5.61,5.61,0.0,0.63,0.04,11.96
2025-03-04,1,130,3.7332,1.76,1.76,0.0,1.01,0.04,14.0343
2025-03-04,1,131,4.5012,4.0,4.0,0.0,0.0,0.0,18.0
2025-03-04,1,132,7.5866,1.0,1.0,0.0,0.0,0.0,32.0
2025-03-04,1,133,13.0075,16.0,16.0,0.0,0.0,1.0,50.0
2025-03-04,1,134,8.6717,21.0,21.0,0.0,0.0,0.0,8.0
2025-03-04,1,135,8.1787,13.0,13.0,0.0,0.0,0.0,21.0
2025-03-04,1,136,6.7743,5.0,5.0,0.0,0.0,0.0,29.0
2025-03-04,1,137,2.9929,2.0,2.0,0.0,0.0,0.0,20.0
2025-03-04,1,138,11.6131,17.0,17.0,0.0,0.0,0.0,37.0
2025-03-04,1,139,7.7421,4.0,4.0,0.0,0.0,1.0,23.0
2025-03-04,1,140,10.8389,7.0,7.0,0.0,0.0,0.0,28.0
2025-03-04,1,141,3.871,8.0,8.0,0.0,0.0,0.0,4.0
2025-03-04,1,142,6.7743,9.0,9.0,0.0,0.0,0.0,28.0
2025-03-04,1,143,14.4492,14.0,14.0,0.0,0.0,0.0,20.0
2025-03-04,1,144,6.7743,5.0,5.0,0.0,0.0,0.0,30.0
2025-03-04,1,145,3.871,3.0,3.0,0.0,0.0,0.0,19.0
2025-03-04,1,146,3.3818,3.0,3.0,0.0,0.0,0.0,17.0
2025-03-04,1,147,8.1021,10.0,10.0,0.0,0.0,0.0,26.0
2025-03-04,1,148,4.5012,8.0,8.0,0.0,0.0,0.0,7.0
2025-03-04,1,149,1.3954,0.0,0.0,0.0,0.0,0.0,9.0
2025-03-04,1,150,6.5331,4.0,4.0,0.0,0.0,0.0,20.0
2025-03-04,1,151,8.3997,7.0,7.0,0.0,0.0,0.0,37.0
2025-03-04,1,152,4.6665,1.0,1.0,0.0,0.0,0.0,19.0
2025-03-04,1,153,3.7332,6.0,6.0,0.0,0.0,0.0,8.0
2025-03-04,1,154,8.9597,9.64,9.64,0.0,0.0,0.05,15.4186
2025-03-04,1,155,2.7999,2.85,2.85,0.0,0.0,0.07,21.6386
2025-03-04,1,156,1.8666,2.26,2.26,0.0,0.0,0.05,17.7971
2025-03-04,1,157,3.7332,3.96,3.96,0.0,0.17,0.03,8.3314
2025-03-04,1,158,4.3358,2.0,2.0,0.0,0.0,0.0,17.0
2025-03-04,1,159,3.5608,2.12,2.12,0.0,0.25,0.03,8.4386
2025-03-04,1,160,5.5998,6.0,6.0,0.0,0.0,0.0,6.0
2025-03-05,1,101,22.9859,29.4,29.4,0.0,1.55,0.16,52.6171
2025-03-05,1,102,27.5831,17.0,17.0,0.0,3.0,0.0,121.0
2025-03-05,1,103,14.0133,18.0,18.0,0.0,0.0,0.0,21.0
2025-03-05,1,104,7.3555,5.78,5.78,0.0,0.89,0.09,30.1071
2025-03-05,1,105,13.7915,11.54,11.54,0.0,0.3,0.13,43.85
2025-03-05,1,106,9.4964,6.66,6.66,0.0,1.02,0.1,34.6829
2025-03-05,1,107,12.8721,2.0,2.0,0.0,2.0,0.0,68.0
2025-03-05,1,108,18.3887,13.0,13.0,0.0,3.0,1.0,55.0
2025-03-05,1,109,9.1944,11.0,11.0,0.0,0.0,0.0,36.0
2025-03-05,1,110,16.5498,24.54,24.54,0.0,0.0,0.22,73.5229
2025-03-05,1,111,9.1944,7.39,7.39,0.0,0.0,0.07,24.7186
2025-03-05,1,112,11.0128,6.0,6.0,0.0,2.0,1.0,43.0
2025-03-05,1,113,11.0332,11.0,11.0,0.0,1.0,0.0,18.0
2025-03-05,1,114,0.8679,0.0,0.0,0.0,1.0,0.0,15.0
2025-03-05,1,115,9.1944,12.0,12.0,0.0,1.0,0.0,30.0
2025-03-05,1,116,19.7651,15.0,15.0,0.0,1.0,0.0,60.0
2025-03-05,1,117,24.7064,17.0,17.0,0.0,1.0,0.0,81.0
2025-03-05,1,118,21.7416,22.0,22.0,0.0,0.0,0.0,63.0
2025-03-05,1,119,7.906,3.0,3.0,0.0,0.0,1.0,20.0
2025-03-05,1,120,9.8826,8.0,8.0,0.0,0.0,0.0,34.0
2025-03-05,1,121,7.906,5.0,5.0,0.0,0.0,0.0,22.0
2025-03-05,1,122,9.1944,10.0,10.0,0.0,0.0,0.0,26.0
2025-03-05,1,123,17.9748,10.0,10.0,0.0,3.0,0.0,66.0
2025-03-05,1,124,11.9832,19.0,19.0,0.0,1.0,0.0,21.0
2025-03-05,1,125,7.9888,2.0,2.0,0.0,0.0,0.0,23.0
2025-03-05,1,126,14.979,25.0,25.0,0.0,2.0,0.0,15.0
2025-03-05,1,127,11.3248,10.22,10.22,0.0,1.08,0.06,20.5471
2025-03-05,1,128,9.4373,9.18,9.18,0.0,1.46,0.06,20.45
2025-03-05,1,129,4.7187,5.73,5.73,0.0,0.31,0.02,5.9
2025-03-05,1,130,3.953,4.04,4.04,0.0,0.67,0.03,9.2943
2025-03-05,1,131,4.7692,5.0,5.0,0.0,0.0,0.0,13.0
2025-03-05,1,132,8.1736,7.0,7.0,0.0,0.0,0.0,25.0
2025-03-05,1,133,13.7915,5.0,5.0,0.0,0.0,1.0,44.0
2025-03-05,1,134,9.1944,11.0,11.0,0.0,0.0,0.0,1.0
2025-03-05,1,135,8.8469,11.0,11.0,0.0,0.0,0.0,10.0
2025-03-05,1,136,7.1691,5.0,5.0,0.0,0.0,0.0,24.0
2025-03-05,1,137,3.2634,2.0,2.0,0.0,0.0,0.0,18.0
2025-03-05,1,138,12.2899,9.0,9.0,0.0,0.0,0.0,28.0
2025-03-05,1,139,8.1933,4.0,4.0,0.0,0.0,0.0,19.0
2025-03-05,1,140,11.4706,7.0,7.0,0.0,0.0,0.0,33.0
2025-03-05,1,141,4.0966,10.0,4.0,6.0,0.0,0.0,0.0
2025-03-05,1,142,7.1691,7.0,7.0,0.0,0.0,0.0,21.0
2025-03-05,1,143,15.0739,19.0,19.0,0.0,0.0,0.0,1.0
2025-03-05,1,144,7.1691,5.0,5.0,0.0,0.0,0.0,25.0
2025-03-05,1,145,4.0966,2.0,2.0,0.0,0.0,0.0,17.0
2025-03-05,1,146,3.6998,5.0,5.0,0.0,0.0,0.0,12.0
2025-03-05,1,147,8.5846,12.0,12.0,0.0,0.0,0.0,24.0
2025-03-05,1,148,4.7692,6.0,6.0,0.0,0.0,0.0,1.0
2025-03-05,1,149,1.5512,2.0,2.0,0.0,0.0,0.0,7.0
2025-03-05,1,150,6.9178,5.0,5.0,0.0,0.0,0.0,23.0
2025-03-05,1,151,8.8943,7.0,7.0,0.0,0.0,0.0,30.0
2025-03-05,1,152,4.9413,2.0,2.0,0.0,0.0,0.0,29.0
2025-03-05,1,153,3.953,6.0,6.0,0.0,0.0,0.0,6.0
2025-03-05,1,154,9.4873,7.35,7.35,0.0,0.0,0.08,27.9886
2025-03-05,1,155,2.9648,2.2,2.2,0.0,0.0,0.06,19.3786
2025-03-05,1,156,1.9765,3.28,3.28,0.0,0.0,0.04,14.4771
2025-03-05,1,157,3.953,5.39,5.39,0.0,0.46,0.07,22.4114
2025-03-05,1,158,4.5972,6.0,6.0,0.0,0.0,0.0,11.0
2025-03-05,1,159,3.7749,5.47,5.47,0.0,0.37,0.04,12.5586
2025-03-05,1,160,5.9295,6.0,6.0,0.0,0.0,0.0,12.0
2025-03-06,1,101,24.2967,41.06,41.06,0.0,2.39,0.24,80.9271
2025-03-06,1,102,29.156,23.0,23.0,0.0,2.0,0.0,96.0
2025-03-06,1,103,14.7552,17.0,17.0,0.0,0.0,0.0,40.0
2025-03-06,1,104,7.7749,7.26,7.26,0.0,0.65,0.07,22.1271
2025-03-06,1,105,14.578,14.52,14.52,0.0,0.2,0.09,29.04
2025-03-06,1,106,9.9281,10.25,10.25,0.0,0.7,0.07,23.6629
2025-03-06,1,107,13.6061,13.0,13.0,0.0,1.0,0.0,54.0
2025-03-06,1,108,19.4373,16.0,16.0,0.0,2.0,0.0,37.0
2025-03-06,1,109,9.7187,11.0,11.0,0.0,0.0,0.0,25.0
2025-03-06,1,110,17.4936,12.22,12.22,0.0,0.0,0.18,61.1229
2025-03-06,1,111,9.7187,14.21,14.21,0.0,0.0,0.09,30.4186
2025-03-06,1,112,11.4503,12.0,12.0,0.0,1.0,0.0,30.0
2025-03-06,1,113,11.6624,7.0,7.0,0.0,1.0,1.0,109.0
2025-03-06,1,114,0.9048,3.0,3.0,0.0,0.0,0.0,12.0
2025-03-06,1,115,9.7187,11.0,11.0,0.0,1.0,0.0,18.0
2025-03-06,1,116,20.8643,28.0,28.0,0.0,0.0,0.0,32.0
2025-03-06,1,117,26.0804,22.0,22.0,0.0,1.0,0.0,58.0
2025-03-06,1,118,22.9507,26.0,26.0,0.0,1.0,0.0,36.0
2025-03-06,1,119,8.3457,15.0,15.0,0.0,0.0,0.0,23.0
2025-03-06,1,120,10.4321,13.0,13.0,0.0,0.0,0.0,21.0
2025-03-06,1,121,8.3457,9.0,9.0,0.0,0.0,0.0,13.0
2025-03-06,1,122,9.7187,9.0,9.0,0.0,0.0,0.0,25.0
2025-03-06,1,123,18.9586,38.0,38.0,0.0,1.0,0.0,27.0
2025-03-06,1,124,12.639,10.0,10.0,0.0,1.0,0.0,34.0
2025-03-06,1,125,8.426,12.0,12.0,0.0,0.0,0.0,11.0
2025-03-06,1,126,15.7988,21.0,21.0,0.0,2.0,0.0,40.0
2025-03-06,1,127,11.9689,21.61,21.61,0.0,0.95,0.05,17.9371
2025-03-06,1,128,9.9741,10.44,10.44,0.0,1.33,0.06,18.62
2025-03-06,1,129,4.987,3.62,3.62,0.0,0.61,0.04,11.63
2025-03-06,1,130,4.1729,4.77,4.77,0.0,0.97,0.04,13.5143
2025-03-06,1,131,5.0377,3.0,3.0,0.0,0.0,0.0,22.0
2025-03-06,1,132,8.4517,12.0,12.0,0.0,0.0,0.0,27.0
2025-03-06,1,133,14.578,9.0,9.0,0.0,0.0,0.0,39.0
2025-03-06,1,134,9.7187,6.0,6.0,0.0,0.0,0.0,9.0
2025-03-06,1,135,9.0977,14.0,14.0,0.0,0.0,0.0,17.0
2025-03-06,1,136,7.5634,6.0,6.0,0.0,0.0,0.0,24.0
2025-03-06,1,137,3.3192,3.0,3.0,0.0,0.0,0.0,15.0
2025-03-06,1,138,12.9659,14.0,14.0,0.0,0.0,1.0,33.0
2025-03-06,1,139,8.6439,10.0,10.0,0.0,0.0,0.0,21.0
2025-03-06,1,140,12.1015,14.0,14.0,0.0,0.0,0.0,31.0
2025-03-06,1,141,4.322,1.0,0.0,1.0,0.0,0.0,0.0
2025-03-06,1,142,7.5634,5.0,5.0,0.0,0.0,0.0,16.0
2025-03-06,1,143,16.1294,13.0,13.0,0.0,0.0,0.0,12.0
2025-03-06,1,144,7.5634,8.0,8.0,0.0,0.0,0.0,29.0
2025-03-06,1,145,4.322,3.0,3.0,0.0,0.0,1.0,13.0
2025-03-06,1,146,3.7758,5.0,5.0,0.0,0.0,0.0,7.0
2025-03-06,1,147,9.0679,10.0,10.0,0.0,0.0,0.0,14.0
2025-03-06,1,148,5.0377,5.0,5.0,0.0,0.0,0.0,8.0
2025-03-06,1,149,1.5339,0.0,0.0,0.0,0.0,0.0,7.0
2025-03-06,1,150,7.3025,7.0,7.0,0.0,0.0,0.0,20.0
2025-03-06,1,151,9.3889,13.0,13.0,0.0,0.0,0.0,17.0
2025-03-06,1,152,5.2161,6.0,6.0,0.0,0.0,0.0,23.0
2025-03-06,1,153,4.1729,4.0,4.0,0.0,0.0,0.0,2.0
2025-03-06,1,154,10.0149,13.19,13.19,0.0,0.0,0.04,14.7586
2025-03-06,1,155,3.1296,3.38,3.38,0.0,0.0,0.05,15.9486
2025-03-06,1,156,2.0864,2.91,2.91,0.0,0.0,0.03,11.5371
2025-03-06,1,157,4.1729,3.2,3.2,0.0,0.38,0.06,18.7714
2025-03-06,1,158,4.8593,3.0,3.0,0.0,1.0,0.0,19.0
2025-03-06,1,159,3.9896,4.17,4.17,0.0,0.24,0.02,8.1286
2025-03-06,1,160,6.2593,4.0,4.0,0.0,1.0,0.0,19.0
2025-03-07,1,101,28.1727,27.55,27.55,0.0,1.53,0.16,51.6871
2025-03-07,1,102,33.8073,44.0,44.0,0.0,1.0,0.0,51.0
2025-03-07,1,103,17.0419,15.0,15.0,0.0,1.0,0.0,36.0
2025-03-07,1,104,9.0153,10.38,10.38,0.0,0.85,0.09,28.8071
2025-03-07,1,105,16.9036,14.43,14.43,0.0,0.34,0.15,50.12
2025-03-07,1,106,11.7445,7.33,7.33,0.0,1.04,0.11,35.1829
2025-03-07,1,107,15.7767,8.0,8.0,0.0,1.0,0.0,45.0
2025-03-07,1,108,22.5382,19.0,19.0,0.0,3.0,0.0,63.0
2025-03-07,1,109,11.2691,14.0,14.0,0.0,0.0,0.0,31.0
2025-03-07,1,110,20.2844,24.77,24.77,0.0,0.0,0.11,36.2429
2025-03-07,1,111,11.2691,6.38,6.38,0.0,0.0,0.07,23.9686
2025-03-07,1,112,13.6813,20.0,20.0,0.0,1.0,0.0,41.0
2025-03-07,1,113,13.5229,9.0,9.0,0.0,1.0,0.0,99.0
2025-03-07,1,114,1.1709,1.0,1.0,0.0,0.0,0.0,11.0
2025-03-07,1,115,11.2691,3.0,3.0,0.0,1.0,0.0,38.0
2025-03-07,1,116,24.1599,21.0,21.0,0.0,1.0,0.0,55.0
2025-03-07,1,117,30.1999,21.0,21.0,0.0,1.0,0.0,76.0
2025-03-07,1,118,26.5759,25.0,25.0,0.0,1.0,0.0,55.0
2025-03-07,1,119,9.664,10.0,10.0,0.0,1.0,0.0,24.0
2025-03-07,1,120,12.08,5.0,5.0,0.0,0.0,0.0,40.0
2025-03-07,1,121,9.664,11.0,11.0,0.0,0.0,0.0,38.0
2025-03-07,1,122,11.2691,3.0,3.0,0.0,0.0,0.0,30.0
2025-03-07,1,123,21.9348,22.0,22.0,0.0,2.0,0.0,51.0
2025-03-07,1,124,14.6232,13.0,13.0,0.0,1.0,0.0,32.0
2025-03-07,1,125,9.7488,6.0,6.0,0.0,2.0,0.0,39.0
2025-03-07,1,126,18.279,23.0,23.0,0.0,3.0,0.0,38.0
2025-03-07,1,127,13.8763,23.17,23.17,0.0,0.74,0.04,13.9871
2025-03-07,1,128,11.5636,10.39,10.39,0.0,1.22,0.05,16.96
2025-03-07,1,129,5.7818,3.17,3.17,0.0,0.92,0.05,17.49
2025-03-07,1,130,4.832,3.89,3.89,0.0,0.64,0.03,8.9543
2025-03-07,1,131,5.8373,3.0,3.0,0.0,0.0,0.0,19.0
2025-03-07,1,132,10.2,9.0,9.0,0.0,0.0,0.0,18.0
2025-03-07,1,133,16.9036,23.0,23.0,0.0,0.0,1.0,35.0
2025-03-07,1,134,11.2691,10.0,10.0,0.0,0.0,0.0,21.0
2025-03-07,1,135,11.0899,14.0,14.0,0.0,0.0,0.0,16.0
2025-03-07,1,136,8.753,11.0,11.0,0.0,0.0,1.0,18.0
2025-03-07,1,137,4.1278,6.0,6.0,0.0,0.0,0.0,9.0
2025-03-07,1,138,15.0052,21.0,21.0,0.0,0.0,0.0,32.0
2025-03-07,1,139,10.0034,10.0,10.0,0.0,0.0,0.0,11.0
2025-03-07,1,140,14.0048,15.0,15.0,0.0,0.0,0.0,28.0
2025-03-07,1,141,5.0017,2.0,2.0,0.0,0.0,0.0,6.0
2025-03-07,1,142,8.753,10.0,10.0,0.0,0.0,0.0,18.0
2025-03-07,1,143,18.0708,17.0,12.0,5.0,0.0,0.0,0.0
2025-03-07,1,144,8.753,10.0,10.0,0.0,0.0,0.0,19.0
2025-03-07,1,145,5.0017,4.0,4.0,0.0,0.0,0.0,21.0
2025-03-07,1,146,4.7116,2.0,2.0,0.0,0.0,0.0,29.0
2025-03-07,1,147,10.5071,4.0,4.0,0.0,0.0,0.0,20.0
2025-03-07,1,148,5.8373,13.0,13.0,0.0,0.0,0.0,7.0
2025-03-07,1,149,2.0039,2.0,2.0,0.0,0.0,0.0,5.0
2025-03-07,1,150,8.456,8.0,8.0,0.0,0.0,0.0,16.0
2025-03-07,1,151,10.872,8.0,8.0,0.0,0.0,0.0,21.0
2025-03-07,1,152,6.04,12.0,12.0,0.0,0.0,0.0,11.0
2025-03-07,1,153,4.832,4.0,4.0,0.0,0.0,0.0,6.0
2025-03-07,1,154,11.5968,3.75,3.75,0.0,0.0,0.09,30.9186
2025-03-07,1,155,3.624,4.24,4.24,0.0,0.0,0.04,11.6686
2025-03-07,1,156,2.416,3.46,3.46,0.0,0.0,0.02,8.0571
2025-03-07,1,157,4.832,5.38,5.38,0.0,0.27,0.04,13.0814
2025-03-07,1,158,5.6345,7.0,7.0,0.0,0.0,0.0,12.0
2025-03-07,1,159,4.6254,3.94,3.94,0.0,0.41,0.04,13.7386
2025-03-07,1,160,7.248,9.0,9.0,0.0,0.0,0.0,22.0
2025-03-08,1,101,33.3427,30.13,30.13,0.0,2.67,0.27,90.6171
2025-03-08,1,102,40.0113,33.0,33.0,0.0,2.0,1.0,87.0
2025-03-08,1,103,20.0886,16.0,16.0,0.0,1.0,0.0,43.0
2025-03-08,1,104,10.6697,6.63,6.63,0.0,0.63,0.06,21.4871
2025-03-08,1,105,20.0056,14.74,14.74,0.0,0.36,0.16,52.86
2025-03-08,1,106,13.7752,16.59,16.59,0.0,0.53,0.05,18.0129
2025-03-08,1,107,18.6719,20.0,20.0,0.0,3.0,1.0,69.0
2025-03-08,1,108,26.6742,42.0,42.0,0.0,3.0,0.0,66.0
2025-03-08,1,109,13.3371,14.0,14.0,0.0,0.0,0.0,37.0
2025-03-08,1,110,24.0068,27.62,27.62,0.0,0.0,0.21,68.4129
2025-03-08,1,111,13.3371,13.61,13.61,0.0,0.0,0.09,30.2686
2025-03-08,1,112,15.9748,12.0,12.0,0.0,2.0,0.0,43.0
2025-03-08,1,113,16.0045,6.0,6.0,0.0,0.0,0.0,93.0
2025-03-08,1,114,1.3767,0.0,0.0,0.0,0.0,0.0,11.0
2025-03-08,1,115,13.3371,8.0,8.0,0.0,1.0,0.0,29.0
2025-03-08,1,116,28.5542,18.0,18.0,0.0,1.0,0.0,63.0
2025-03-08,1,117,35.6927,29.0,29.0,0.0,1.0,1.0,65.0
2025-03-08,1,118,31.4096,25.0,25.0,0.0,1.0,0.0,59.0
2025-03-08,1,119,11.4217,5.0,5.0,0.0,1.0,0.0,30.0
2025-03-08,1,120,14.2771,20.0,20.0,0.0,0.0,0.0,20.0
2025-03-08,1,121,11.4217,10.0,10.0,0.0,0.0,0.0,28.0
2025-03-08,1,122,13.3371,10.0,10.0,0.0,0.0,0.0,36.0
2025-03-08,1,123,25.9025,27.0,27.0,0.0,2.0,0.0,46.0
2025-03-08,1,124,17.2683,31.0,31.0,0.0,1.0,0.0,24.0
2025-03-08,1,125,11.5122,6.0,6.0,0.0,1.0,0.0,32.0
2025-03-08,1,126,21.5854,24.0,24.0,0.0,3.0,0.0,35.0
2025-03-08,1,127,16.4202,11.03,11.03,0.0,1.15,0.07,21.7371
2025-03-08,1,128,13.6835,17.33,17.33,0.0,1.31,0.05,18.27
2025-03-08,1,129,6.8417,6.07,6.07,0.0,1.07,0.06,20.29
2025-03-08,1,130,5.7108,3.8,3.8,0.0,1.01,0.04,14.1043
2025-03-08,1,131,6.9035,5.0,5.0,0.0,0.0,1.0,25.0
2025-03-08,1,132,11.8564,9.0,9.0,0.0,0.0,0.0,17.0
2025-03-08,1,133,20.0056,11.0,11.0,0.0,0.0,0.0,32.0
2025-03-08,1,134,13.3371,9.0,9.0,0.0,0.0,0.0,26.0
2025-03-08,1,135,12.833,12.0,12.0,0.0,0.0,0.0,15.0
2025-03-08,1,136,10.3388,5.0,5.0,0.0,0.0,0.0,19.0
2025-03-08,1,137,4.7338,4.0,4.0,0.0,0.0,0.0,5.0
2025-03-08,1,138,17.7237,18.0,18.0,0.0,0.0,0.0,14.0
2025-03-08,1,139,11.8158,5.0,5.0,0.0,0.0,0.0,18.0
2025-03-08,1,140,16.5422,14.0,14.0,0.0,0.0,0.0,14.0
2025-03-08,1,141,5.9079,11.0,11.0,0.0,0.0,0.0,3.0
2025-03-08,1,142,10.3388,18.0,18.0,0.0,0.0,0.0,12.0
2025-03-08,1,143,21.5815,19.0,19.0,0.0,0.0,0.0,5.0
2025-03-08,1,144,10.3388,12.0,12.0,0.0,0.0,0.0,19.0
2025-03-08,1,145,5.9079,8.0,8.0,0.0,0.0,0.0,13.0
2025-03-08,1,146,5.422,1.0,1.0,0.0,0.0,0.0,28.0
2025-03-08,1,147,12.4264,10.0,10.0,0.0,0.0,0.0,30.0
2025-03-08,1,148,6.9035,5.0,5.0,0.0,0.0,0.0,14.0
2025-03-08,1,149,2.2454,2.0,2.0,0.0,0.0,0.0,9.0
2025-03-08,1,150,9.994,3.0,3.0,0.0,0.0,0.0,21.0
2025-03-08,1,151,12.8494,14.0,14.0,0.0,0.0,0.0,15.0
2025-03-08,1,152,7.1385,7.0,7.0,0.0,0.0,0.0,16.0
2025-03-08,1,153,5.7108,9.0,9.0,0.0,0.0,0.0,1.0
2025-03-08,1,154,13.706,12.88,12.88,0.0,0.0,0.05,17.9886
2025-03-08,1,155,4.2831,3.84,3.84,0.0,0.0,0.02,7.8086
2025-03-08,1,156,2.8554,3.35,3.35,0.0,0.0,0.01,4.6971
2025-03-08,1,157,5.7108,2.91,2.91,0.0,0.2,0.03,9.9414
2025-03-08,1,158,6.6685,12.0,12.0,0.0,1.0,0.0,11.0
2025-03-08,1,159,5.4734,4.53,4.53,0.0,0.26,0.03,8.9186
2025-03-08,1,160,8.5663,10.0,10.0,0.0,0.0,0.0,12.0
2025-03-09,1,101,26.9697,29.7,29.7,0.0,1.74,0.18,58.9971
2025-03-09,1,102,32.3637,27.0,27.0,0.0,2.0,0.0,58.0
2025-03-09,1,103,16.1828,23.0,23.0,0.0,1.0,0.0,19.0
2025-03-09,1,104,8.6303,9.69,9.69,0.0,0.85,0.09,28.8571
2025-03-09,1,105,16.1818,9.44,9.44,0.0,0.29,0.13,43.0
2025-03-09,1,106,10.813,10.17,10.17,0.0,1.08,0.11,36.6529
2025-03-09,1,107,15.1031,9.0,9.0,0.0,2.0,0.0,58.0
2025-03-09,1,108,21.5758,18.0,18.0,0.0,2.0,0.0,46.0
2025-03-09,1,109,10.7879,8.0,8.0,0.0,0.0,0.0,29.0
2025-03-09,1,110,19.4182,19.71,19.71,0.0,0.0,0.15,48.5529
2025-03-09,1,111,10.7879,12.16,12.16,0.0,0.0,0.05,18.0586
2025-03-09,1,112,12.3529,15.0,15.0,0.0,1.0,0.0,27.0
2025-03-09,1,113,12.9455,13.0,13.0,0.0,1.0,0.0,79.0
2025-03-09,1,114,1.0167,1.0,1.0,0.0,0.0,0.0,10.0
2025-03-09,1,115,10.7879,21.0,21.0,0.0,1.0,0.0,7.0
2025-03-09,1,116,23.0642,28.0,28.0,0.0,0.0,0.0,35.0
2025-03-09,1,117,28.8303,24.0,24.0,0.0,1.0,0.0,72.0
2025-03-09,1,118,25.3707,34.0,34.0,0.0,1.0,0.0,54.0
2025-03-09,1,119,9.2257,15.0,15.0,0.0,0.0,0.0,15.0
2025-03-09,1,120,11.5321,10.0,10.0,0.0,0.0,0.0,34.0
2025-03-09,1,121,9.2257,13.0,13.0,0.0,0.0,0.0,15.0
2025-03-09,1,122,10.7879,11.0,11.0,0.0,0.0,0.0,41.0
2025-03-09,1,123,20.9047,19.0,19.0,0.0,2.0,1.0,60.0
2025-03-09,1,124,13.9365,9.0,9.0,0.0,1.0,0.0,38.0
2025-03-09,1,125,9.291,10.0,10.0,0.0,1.0,0.0,21.0
2025-03-09,1,126,17.4206,26.0,26.0,0.0,2.0,0.0,31.0
2025-03-09,1,127,13.2795,12.11,12.11,0.0,2.48,0.14,47.0071
2025-03-09,1,128,11.0663,10.58,10.58,0.0,1.18,0.05,16.46
2025-03-09,1,129,5.5331,4.77,4.77,0.0,0.78,0.04,14.7
2025-03-09,1,130,4.6128,2.77,2.77,0.0,1.09,0.05,15.1943
2025-03-09,1,131,5.58,5.0,5.0,0.0,0.0,0.0,20.0
2025-03-09,1,132,9.0318,9.0,9.0,0.0,0.0,0.0,26.0
2025-03-09,1,133,16.1818,15.0,15.0,0.0,0.0,1.0,32.0
2025-03-09,1,134,10.7879,15.0,15.0,0.0,0.0,0.0,23.0
2025-03-09,1,135,9.6301,11.0,11.0,0.0,0.0,0.0,21.0
2025-03-09,1,136,8.346,12.0,12.0,0.0,0.0,0.0,19.0
2025-03-09,1,137,3.4473,3.0,3.0,0.0,0.0,0.0,14.0
2025-03-09,1,138,14.3074,16.0,16.0,0.0,0.0,0.0,18.0
2025-03-09,1,139,9.5383,8.0,8.0,0.0,0.0,0.0,22.0
2025-03-09,1,140,13.3536,8.0,8.0,0.0,0.0,0.0,18.0
2025-03-09,1,141,4.7691,3.0,3.0,0.0,0.0,0.0,0.0
2025-03-09,1,142,8.346,5.0,5.0,0.0,0.0,0.0,19.0
2025-03-09,1,143,18.1776,14.0,5.0,9.0,0.0,0.0,0.0
2025-03-09,1,144,8.346,6.0,6.0,0.0,0.0,0.0,25.0
2025-03-09,1,145,4.7691,7.0,7.0,0.0,0.0,0.0,18.0
2025-03-09,1,146,3.9622,4.0,4.0,0.0,0.0,0.0,24.0
2025-03-09,1,147,10.044,14.0,14.0,0.0,0.0,0.0,36.0
2025-03-09,1,148,5.58,5.0,5.0,0.0,0.0,0.0,9.0
2025-03-09,1,149,1.516,2.0,2.0,0.0,0.0,0.0,7.0
2025-03-09,1,150,8.0725,11.0,11.0,0.0,0.0,0.0,14.0
2025-03-09,1,151,10.3789,14.0,14.0,0.0,0.0,0.0,21.0
2025-03-09,1,152,5.7661,2.0,2.0,0.0,0.0,0.0,14.0
2025-03-09,1,153,4.6128,3.0,3.0,0.0,0.0,0.0,2.0
2025-03-09,1,154,11.0708,7.01,7.01,0.0,0.0,0.03,10.9486
2025-03-09,1,155,3.4596,3.86,3.86,0.0,0.0,0.07,23.8786
2025-03-09,1,156,2.3064,1.53,1.53,0.0,0.0,0.07,23.0971
2025-03-09,1,157,4.6128,5.59,5.59,0.0,0.49,0.07,23.7914
2025-03-09,1,158,5.3939,6.0,6.0,0.0,1.0,1.0,15.0
2025-03-09,1,159,4.4265,3.08,3.08,0.0,0.45,0.05,15.3386
2025-03-09,1,160,6.9193,5.0,5.0,0.0,0.0,0.0,19.0
2025-03-10,1,101,34.9836,22.85,22.85,0.0,2.58,0.26,87.3071
2025-03-10,1,102,26.2377,33.0,33.0,0.0,2.0,0.0,95.0
2025-03-10,1,103,13.0654,13.0,13.0,0.0,1.0,0.0,41.0
2025-03-10,1,104,6.9967,7.33,7.33,0.0,0.62,0.06,20.8471
2025-03-10,1,105,13.1188,13.54,13.54,0.0,0.2,0.09,29.17
2025-03-10,1,106,9.0242,5.22,5.22,0.0,0.9,0.09,30.4429
2025-03-10,1,107,12.2442,14.0,14.0,0.0,1.0,0.0,43.0
2025-03-10,1,108,17.4918,18.0,18.0,0.0,2.0,0.0,26.0
2025-03-10,1,109,8.7459,10.0,10.0,0.0,0.0,0.0,19.0
2025-03-10,1,110,15.7426,20.02,20.02,0.0,0.0,0.09,28.4429
2025-03-10,1,111,8.7459,6.4,6.4,0.0,0.0,0.15,51.5086
2025-03-10,1,112,16.7358,13.0,13.0,0.0,2.0,1.0,43.0
2025-03-10,1,113,10.4951,15.0,15.0,0.0,0.0,1.0,63.0
2025-03-10,1,114,0.9524,1.0,1.0,0.0,0.0,0.0,9.0
2025-03-10,1,115,8.7459,8.0,8.0,0.0,1.0,0.0,34.0
2025-03-10,1,116,18.672,14.0,14.0,0.0,1.0,0.0,65.0
2025-03-10,1,117,23.3401,38.0,38.0,0.0,1.0,1.0,32.0
2025-03-10,1,118,20.5393,16.0,16.0,0.0,1.0,1.0,66.0
2025-03-10,1,119,7.4688,5.0,5.0,0.0,1.0,0.0,33.0
2025-03-10,1,120,9.336,14.0,14.0,0.0,0.0,0.0,20.0
2025-03-10,1,121,7.4688,4.0,4.0,0.0,0.0,0.0,47.0
2025-03-10,1,122,8.7459,10.0,10.0,0.0,0.0,0.0,31.0
2025-03-10,1,123,16.9094,21.0,21.0,0.0,2.0,0.0,37.0
2025-03-10,1,124,11.273,21.0,21.0,0.0,1.0,0.0,16.0
2025-03-10,1,125,12.0245,8.0,8.0,0.0,2.0,0.0,35.0
2025-03-10,1,126,14.0912,22.0,22.0,0.0,2.0,0.0,31.0
2025-03-10,1,127,17.2225,14.59,14.59,0.0,1.62,0.09,30.7071
2025-03-10,1,128,8.97,12.32,12.32,0.0,1.61,0.07,22.46
2025-03-10,1,129,4.485,4.51,4.51,0.0,1.01,0.06,19.12
2025-03-10,1,130,3.7344,4.28,4.28,0.0,0.73,0.03,10.1543
2025-03-10,1,131,7.2328,9.0,9.0,0.0,0.0,0.0,11.0
2025-03-10,1,132,7.7594,5.0,5.0,0.0,0.0,0.0,39.0
2025-03-10,1,133,13.1188,11.0,11.0,0.0,0.0,0.0,45.0
2025-03-10,1,134,8.7459,15.0,15.0,0.0,0.0,0.0,18.0
2025-03-10,1,135,8.3943,12.0,12.0,0.0,0.0,0.0,32.0
2025-03-10,1,136,6.7525,3.0,3.0,0.0,0.0,0.0,28.0
2025-03-10,1,137,3.0934,1.0,1.0,0.0,0.0,0.0,17.0
2025-03-10,1,138,11.5757,10.0,10.0,0.0,0.0,0.0,28.0
2025-03-10,1,139,12.3474,6.0,6.0,0.0,0.0,0.0,16.0
2025-03-10,1,140,6.7525,10.0,10.0,0.0,0.0,0.0,32.0
2025-03-10,1,141,3.8586,6.0,0.0,6.0,0.0,0.0,0.0
2025-03-10,1,142,6.7525,10.0,10.0,0.0,0.0,0.0,21.0
2025-03-10,1,143,22.4716,34.0,24.0,10.0,0.0,0.0,0.0
2025-03-10,1,144,6.7525,7.0,7.0,0.0,0.0,0.0,30.0
2025-03-10,1,145,3.8586,2.0,2.0,0.0,0.0,0.0,16.0
2025-03-10,1,146,3.5679,3.0,3.0,0.0,0.0,0.0,21.0
2025-03-10,1,147,8.1369,6.0,6.0,0.0,0.0,0.0,30.0
2025-03-10,1,148,4.5205,5.0,5.0,0.0,0.0,0.0,28.0
2025-03-10,1,149,1.4615,5.0,5.0,0.0,0.0,0.0,8.0
2025-03-10,1,150,6.5352,7.0,7.0,0.0,0.0,0.0,15.0
2025-03-10,1,151,8.4024,6.0,6.0,0.0,0.0,0.0,23.0
2025-03-10,1,152,4.668,6.0,6.0,0.0,0.0,0.0,32.0
2025-03-10,1,153,3.7344,4.0,4.0,0.0,0.0,0.0,2.0
2025-03-10,1,154,5.6016,3.18,3.18,0.0,0.0,0.08,27.6886
2025-03-10,1,155,2.8008,1.64,1.64,0.0,0.0,0.07,22.1686
2025-03-10,1,156,1.8672,1.61,1.61,0.0,0.0,0.06,21.4271
2025-03-10,1,157,3.7344,4.53,4.53,0.0,0.39,0.06,18.8114
2025-03-10,1,158,4.3729,4.0,4.0,0.0,0.0,0.0,11.0
2025-03-10,1,159,3.588,3.84,3.84,0.0,0.33,0.03,11.1386
2025-03-10,1,160,5.6016,2.0,2.0,0.0,0.0,0.0,29.0
2025-03-11,1,101,35.0356,51.7,51.7,0.0,2.05,0.21,69.3471
2025-03-11,1,102,26.2767,30.0,30.0,0.0,1.0,0.0,64.0
2025-03-11,1,103,13.0298,13.0,13.0,0.0,1.0,0.0,27.0
2025-03-11,1,104,7.0071,3.43,3.43,0.0,0.5,0.05,16.8671
2025-03-11,1,105,13.1383,17.35,17.35,0.0,0.32,0.14,47.36
2025-03-11,1,106,9.2756,6.01,6.01,0.0,0.7,0.07,23.6629
2025-03-11,1,107,12.2625,23.0,23.0,0.0,1.0,0.0,19.0
2025-03-11,1,108,17.5178,21.0,21.0,0.0,2.0,0.0,51.0
2025-03-11,1,109,8.7589,15.0,15.0,0.0,0.0,0.0,44.0
2025-03-11,1,110,15.766,18.96,18.96,0.0,0.0,0.21,69.2729
2025-03-11,1,111,8.7589,7.73,7.73,0.0,0.0,0.13,43.6486
2025-03-11,1,112,17.4273,9.0,9.0,0.0,2.0,0.0,48.0
2025-03-11,1,113,10.5107,11.0,11.0,0.0,0.0,0.0,52.0
2025-03-11,1,114,1.0886,1.0,1.0,0.0,0.0,0.0,8.0
2025-03-11,1,115,8.7589,6.0,6.0,0.0,0.0,0.0,28.0
2025-03-11,1,116,18.673,8.0,8.0,0.0,1.0,0.0,56.0
2025-03-11,1,117,23.3413,20.0,20.0,0.0,1.0,0.0,75.0
2025-03-11,1,118,20.5404,17.0,17.0,0.0,0.0,0.0,49.0
2025-03-11,1,119,7.4692,7.0,7.0,0.0,0.0,0.0,26.0
2025-03-11,1,120,9.3365,9.0,9.0,0.0,0.0,0.0,35.0
2025-03-11,1,121,7.4692,10.0,10.0,0.0,0.0,0.0,37.0
2025-03-11,1,122,8.7589,7.0,7.0,0.0,1.0,0.0,31.0
2025-03-11,1,123,16.896,22.0,22.0,0.0,2.0,0.0,49.0
2025-03-11,1,124,11.264,12.0,12.0,0.0,1.0,0.0,27.0
2025-03-11,1,125,12.0149,18.0,18.0,0.0,1.0,0.0,16.0
2025-03-11,1,126,14.08,16.0,16.0,0.0,3.0,0.0,36.0
2025-03-11,1,127,17.245,20.87,20.87,0.0,1.49,0.09,28.2571
2025-03-11,1,128,8.9818,3.21,3.21,0.0,1.28,0.05,17.92
2025-03-11,1,129,4.4909,3.31,3.31,0.0,0.79,0.05,14.97
2025-03-11,1,130,3.7346,3.71,3.71,0.0,0.43,0.02,5.9943
2025-03-11,1,131,7.2382,11.0,11.0,0.0,0.0,0.0,12.0
2025-03-11,1,132,8.1857,7.0,7.0,0.0,0.0,0.0,32.0
2025-03-11,1,133,13.1383,7.0,7.0,0.0,0.0,0.0,50.0
2025-03-11,1,134,8.7589,5.0,5.0,0.0,0.0,0.0,23.0
2025-03-11,1,135,8.9714,6.0,6.0,0.0,0.0,0.0,26.0
2025-03-11,1,136,6.7486,3.0,3.0,0.0,0.0,0.0,25.0
2025-03-11,1,137,3.3931,7.0,7.0,0.0,0.0,0.0,10.0
2025-03-11,1,138,11.569,17.0,17.0,0.0,0.0,0.0,31.0
2025-03-11,1,139,12.3403,7.0,7.0,0.0,0.0,0.0,21.0
2025-03-11,1,140,6.7486,8.0,8.0,0.0,0.0,0.0,36.0
2025-03-11,1,141,3.8563,5.0,5.0,0.0,0.0,0.0,11.0
2025-03-11,1,142,6.7486,11.0,11.0,0.0,0.0,0.0,22.0
2025-03-11,1,143,21.5432,24.0,24.0,0.0,0.0,0.0,0.0
2025-03-11,1,144,6.7486,7.0,7.0,0.0,0.0,0.0,35.0
2025-03-11,1,145,3.8563,2.0,2.0,0.0,0.0,0.0,14.0
2025-03-11,1,146,3.9274,6.0,6.0,0.0,0.0,0.0,15.0
2025-03-11,1,147,8.1429,8.0,8.0,0.0,0.0,0.0,32.0
2025-03-11,1,148,4.5239,2.0,2.0,0.0,0.0,0.0,26.0
2025-03-11,1,149,1.7095,1.0,1.0,0.0,0.0,0.0,7.0
2025-03-11,1,150,6.5356,5.0,5.0,0.0,0.0,0.0,14.0
2025-03-11,1,151,8.4029,5.0,5.0,0.0,0.0,0.0,30.0
2025-03-11,1,152,4.6683,1.0,1.0,0.0,0.0,0.0,31.0
2025-03-11,1,153,3.7346,1.0,1.0,0.0,0.0,0.0,13.0
2025-03-11,1,154,5.6019,6.12,6.12,0.0,0.0,0.06,21.5086
2025-03-11,1,155,2.801,3.1,3.1,0.0,0.0,0.06,19.0086
2025-03-11,1,156,1.8673,1.4,1.4,0.0,0.0,0.06,19.9671
2025-03-11,1,157,3.7346,2.18,2.18,0.0,0.33,0.05,16.2514
2025-03-11,1,158,4.3794,6.0,6.0,0.0,1.0,0.0,16.0
2025-03-11,1,159,3.5927,4.61,4.61,0.0,0.19,0.02,6.3186
2025-03-11,1,160,5.6019,1.0,1.0,0.0,0.0,0.0,28.0
2025-03-12,1,101,37.1523,19.68,19.68,0.0,2.96,0.3,100.4071
2025-03-12,1,102,27.8643,34.0,34.0,0.0,2.0,0.0,100.0
2025-03-12,1,103,13.758,16.0,16.0,0.0,0.0,0.0,35.0
2025-03-12,1,104,7.4305,11.24,11.24,0.0,1.19,0.12,40.3171
2025-03-12,1,105,13.9321,8.23,8.23,0.0,0.26,0.12,38.75
2025-03-12,1,106,9.9448,12.83,12.83,0.0,0.88,0.09,29.8629
2025-03-12,1,107,13.0033,12.0,12.0,0.0,2.0,0.0,77.0
2025-03-12,1,108,18.5762,12.0,12.0,0.0,2.0,0.0,37.0
2025-03-12,1,109,9.2881,6.0,6.0,0.0,1.0,0.0,37.0
2025-03-12,1,110,16.7186,24.16,24.16,0.0,0.0,0.14,44.9729
2025-03-12,1,111,9.2881,7.89,7.89,0.0,0.0,0.11,35.6486
2025-03-12,1,112,18.7877,30.0,30.0,0.0,0.0,0.0,18.0
2025-03-12,1,113,11.1457,10.0,10.0,0.0,0.0,0.0,42.0
2025-03-12,1,114,1.2403,0.0,0.0,0.0,0.0,0.0,8.0
2025-03-12,1,115,9.2881,10.0,10.0,0.0,0.0,0.0,18.0
2025-03-12,1,116,19.7725,38.0,38.0,0.0,1.0,0.0,17.0
2025-03-12,1,117,24.7157,25.0,25.0,0.0,1.0,1.0,48.0
2025-03-12,1,118,21.7498,14.0,14.0,0.0,0.0,0.0,65.0
2025-03-12,1,119,7.909,7.0,7.0,0.0,0.0,0.0,19.0
2025-03-12,1,120,9.8863,5.0,5.0,0.0,0.0,1.0,29.0
2025-03-12,1,121,7.909,9.0,9.0,0.0,0.0,0.0,28.0
2025-03-12,1,122,9.2881,7.0,7.0,0.0,1.0,0.0,23.0
2025-03-12,1,123,17.8756,18.0,18.0,0.0,1.0,0.0,30.0
2025-03-12,1,124,11.917,8.0,8.0,0.0,1.0,0.0,30.0
2025-03-12,1,125,12.7115,23.0,23.0,0.0,1.0,0.0,16.0
2025-03-12,1,126,14.8963,20.0,20.0,0.0,3.0,0.0,37.0
2025-03-12,1,127,18.2835,20.98,20.98,0.0,1.36,0.08,25.8371
2025-03-12,1,128,9.5227,5.42,5.42,0.0,2.17,0.09,30.24
2025-03-12,1,129,4.7613,5.92,5.92,0.0,0.45,0.03,8.57
2025-03-12,1,130,3.9545,1.88,1.88,0.0,0.94,0.04,13.1343
2025-03-12,1,131,7.6697,8.0,8.0,0.0,0.0,0.0,16.0
2025-03-12,1,132,8.8734,8.0,8.0,0.0,0.0,1.0,23.0
2025-03-12,1,133,13.9321,14.0,14.0,0.0,0.0,0.0,40.0
2025-03-12,1,134,9.2881,4.0,4.0,0.0,0.0,0.0,23.0
2025-03-12,1,135,9.7787,11.0,11.0,0.0,0.0,0.0,15.0
2025-03-12,1,136,7.1414,6.0,6.0,0.0,0.0,0.0,25.0
2025-03-12,1,137,3.7393,3.0,3.0,0.0,0.0,0.0,7.0
2025-03-12,1,138,12.2424,6.0,6.0,0.0,0.0,1.0,44.0
2025-03-12,1,139,13.0586,9.0,9.0,0.0,0.0,0.0,24.0
2025-03-12,1,140,7.1414,11.0,11.0,0.0,0.0,0.0,25.0
2025-03-12,1,141,4.0808,4.0,4.0,0.0,0.0,0.0,7.0
2025-03-12,1,142,7.1414,3.0,3.0,0.0,0.0,0.0,19.0
2025-03-12,1,143,22.3643,23.0,0.0,23.0,0.0,0.0,0.0
2025-03-12,1,144,7.1414,6.0,6.0,0.0,0.0,0.0,29.0
2025-03-12,1,145,4.0808,10.0,10.0,0.0,0.0,0.0,16.0
2025-03-12,1,146,4.3436,1.0,1.0,0.0,0.0,0.0,14.0
2025-03-12,1,147,8.6285,4.0,4.0,0.0,0.0,0.0,28.0
2025-03-12,1,148,4.7936,8.0,8.0,0.0,0.0,0.0,18.0
2025-03-12,1,149,1.9351,2.0,2.0,0.0,0.0,0.0,5.0
2025-03-12,1,150,6.9204,8.0,8.0,0.0,0.0,0.0,14.0
2025-03-12,1,151,8.8976,6.0,6.0,0.0,0.0,0.0,28.0
2025-03-12,1,152,4.9431,10.0,10.0,0.0,0.0,0.0,21.0
2025-03-12,1,153,3.9545,1.0,1.0,0.0,0.0,0.0,12.0
2025-03-12,1,154,5.9318,6.81,6.81,0.0,0.0,0.04,14.6586
2025-03-12,1,155,2.9659,2.48,2.48,0.0,0.0,0.05,16.4786
2025-03-12,1,156,1.9773,2.55,2.55,0.0,0.0,0.05,17.3671
2025-03-12,1,157,3.9545,4.42,4.42,0.0,0.24,0.03,11.5614
2025-03-12,1,158,4.644,3.0,3.0,0.0,1.0,0.0,12.0
2025-03-12,1,159,3.8091,3.23,3.23,0.0,0.37,0.04,12.6786
2025-03-12,1,160,5.9318,7.0,7.0,0.0,0.0,1.0,20.0
2025-03-13,1,101,39.276,47.25,47.25,0.0,2.03,0.21,68.9171
2025-03-13,1,102,29.457,32.0,32.0,0.0,2.0,0.0,66.0
2025-03-13,1,103,14.4813,8.0,8.0,0.0,1.0,0.0,50.0
2025-03-13,1,104,7.8552,8.86,8.86,0.0,0.9,0.09,30.4671
2025-03-13,1,105,14.7285,12.41,12.41,0.0,0.3,0.13,43.91
2025-03-13,1,106,10.2537,5.46,5.46,0.0,0.7,0.07,23.6329
2025-03-13,1,107,13.7466,22.0,22.0,0.0,1.0,0.0,54.0
2025-03-13,1,108,19.638,17.0,17.0,0.0,2.0,0.0,66.0
2025-03-13,1,109,9.819,15.0,15.0,0.0,0.0,0.0,22.0
2025-03-13,1,110,17.6742,16.49,16.49,0.0,0.0,0.21,68.2729
2025-03-13,1,111,9.819,10.22,10.22,0.0,0.0,0.08,25.3486
2025-03-13,1,112,19.1306,22.0,22.0,0.0,1.0,0.0,35.0
2025-03-13,1,113,11.7828,13.0,13.0,0.0,0.0,0.0,29.0
2025-03-13,1,114,1.2193,1.0,1.0,0.0,0.0,0.0,7.0
2025-03-13,1,115,9.819,10.0,10.0,0.0,1.0,0.0,31.0
2025-03-13,1,116,20.8721,25.0,25.0,0.0,1.0,0.0,54.0
2025-03-13,1,117,26.0901,35.0,35.0,0.0,1.0,1.0,59.0
2025-03-13,1,118,22.9593,20.0,20.0,0.0,1.0,0.0,44.0
2025-03-13,1,119,8.3488,9.0,9.0,0.0,0.0,0.0,28.0
2025-03-13,1,120,10.4361,10.0,10.0,0.0,0.0,0.0,19.0
2025-03-13,1,121,8.3488,9.0,9.0,0.0,0.0,0.0,19.0
2025-03-13,1,122,9.819,9.0,9.0,0.0,0.0,0.0,22.0
2025-03-13,1,123,18.8536,13.0,13.0,0.0,3.0,0.0,62.0
2025-03-13,1,124,12.569,8.0,8.0,0.0,1.0,0.0,33.0
2025-03-13,1,125,13.407,19.0,19.0,0.0,1.0,0.0,20.0
2025-03-13,1,126,15.7113,21.0,21.0,0.0,3.0,0.0,37.0
2025-03-13,1,127,19.3249,25.31,25.31,0.0,1.53,0.09,28.9071
2025-03-13,1,128,10.0651,5.88,5.88,0.0,1.62,0.07,22.67
2025-03-13,1,129,5.0325,4.81,4.81,0.0,0.69,0.04,13.03
2025-03-13,1,130,4.1744,3.04,3.04,0.0,0.67,0.03,9.3943
2025-03-13,1,131,8.102,8.0,8.0,0.0,0.0,0.0,20.0
2025-03-13,1,132,8.9231,14.0,14.0,0.0,0.0,0.0,19.0
2025-03-13,1,133,14.7285,15.0,15.0,0.0,0.0,0.0,33.0
2025-03-13,1,134,9.819,16.0,16.0,0.0,0.0,0.0,21.0
2025-03-13,1,135,9.7113,6.0,6.0,0.0,0.0,0.0,32.0
2025-03-13,1,136,7.5337,15.0,15.0,0.0,0.0,0.0,16.0
2025-03-13,1,137,3.6219,2.0,2.0,0.0,0.0,0.0,13.0
2025-03-13,1,138,12.9149,13.0,13.0,0.0,0.0,0.0,31.0
2025-03-13,1,139,13.7759,18.0,18.0,0.0,0.0,0.0,6.0
2025-03-13,1,140,7.5337,15.0,15.0,0.0,0.0,0.0,10.0
2025-03-13,1,141,4.305,2.0,2.0,0.0,0.0,0.0,5.0
2025-03-13,1,142,7.5337,6.0,6.0,0.0,0.0,0.0,25.0
2025-03-13,1,143,24.4279,17.0,17.0,0.0,0.0,0.0,7.0
2025-03-13,1,144,7.5337,6.0,6.0,0.0,0.0,0.0,23.0
2025-03-13,1,145,4.305,6.0,6.0,0.0,0.0,0.0,10.0
2025-03-13,1,146,4.2222,4.0,4.0,0.0,0.0,0.0,28.0
2025-03-13,1,147,9.1148,7.0,7.0,0.0,0.0,1.0,30.0
2025-03-13,1,148,5.0638,6.0,6.0,0.0,0.0,0.0,12.0
2025-03-13,1,149,1.7594,1.0,1.0,0.0,0.0,0.0,10.0
2025-03-13,1,150,7.3052,8.0,8.0,0.0,0.0,0.0,14.0
2025-03-13,1,151,9.3924,15.0,15.0,0.0,0.0,0.0,21.0
2025-03-13,1,152,5.218,2.0,2.0,0.0,0.0,0.0,19.0
2025-03-13,1,153,4.1744,5.0,5.0,0.0,0.0,1.0,10.0
2025-03-13,1,154,6.2616,4.74,4.74,0.0,0.0,0.09,29.8286
2025-03-13,1,155,3.1308,1.09,1.09,0.0,0.0,0.05,15.3386
2025-03-13,1,156,2.0872,2.61,2.61,0.0,0.0,0.04,14.7171
2025-03-13,1,157,4.1744,4.96,4.96,0.0,0.13,0.02,6.4514
2025-03-13,1,158,4.9095,3.0,3.0,0.0,0.0,0.0,21.0
2025-03-13,1,159,4.026,2.43,2.43,0.0,0.29,0.03,9.9286
2025-03-13,1,160,6.2616,5.0,5.0,0.0,0.0,0.0,15.0
2025-03-14,1,101,45.5475,38.96,38.96,0.0,2.4,0.24,81.3171
2025-03-14,1,102,34.1606,43.0,43.0,0.0,2.0,1.0,92.0
2025-03-14,1,103,16.7197,13.0,13.0,0.0,1.0,0.0,36.0
2025-03-14,1,104,9.1095,7.22,7.22,0.0,0.66,0.07,22.5171
2025-03-14,1,105,17.0803,11.43,11.43,0.0,0.34,0.15,49.99
2025-03-14,1,106,11.8081,9.82,9.82,0.0,0.97,0.1,32.7429
2025-03-14,1,107,15.9416,15.0,15.0,0.0,1.0,0.0,38.0
2025-03-14,1,108,22.7737,28.0,28.0,0.0,1.0,0.0,37.0
2025-03-14,1,109,11.3869,11.0,11.0,0.0,0.0,0.0,31.0
2025-03-14,1,110,20.4964,32.68,32.68,0.0,0.0,0.11,35.4829
2025-03-14,1,111,11.3869,10.57,10.57,0.0,0.0,0.1,34.6786
2025-03-14,1,112,21.9536,27.0,27.0,0.0,2.0,0.0,30.0
2025-03-14,1,113,13.6642,10.0,10.0,0.0,1.0,1.0,117.0
2025-03-14,1,114,1.4125,4.0,4.0,0.0,0.0,0.0,3.0
2025-03-14,1,115,11.3869,13.0,13.0,0.0,1.0,0.0,17.0
2025-03-14,1,116,24.169,27.0,27.0,0.0,1.0,0.0,44.0
2025-03-14,1,117,30.2113,31.0,31.0,0.0,1.0,0.0,63.0
2025-03-14,1,118,26.5859,33.0,33.0,0.0,0.0,0.0,56.0
2025-03-14,1,119,9.6676,19.0,19.0,0.0,0.0,0.0,9.0
2025-03-14,1,120,12.0845,8.0,8.0,0.0,0.0,0.0,35.0
2025-03-14,1,121,9.6676,8.0,8.0,0.0,0.0,0.0,29.0
2025-03-14,1,122,11.3869,9.0,9.0,0.0,0.0,0.0,29.0
2025-03-14,1,123,21.8129,29.0,29.0,0.0,1.0,0.0,32.0
2025-03-14,1,124,14.5419,9.0,9.0,0.0,2.0,1.0,33.0
2025-03-14,1,125,15.5114,14.0,14.0,0.0,1.0,0.0,29.0
2025-03-14,1,126,18.1774,21.0,21.0,0.0,2.0,0.0,38.0
2025-03-14,1,127,22.4061,26.09,26.09,0.0,1.14,0.07,21.6071
2025-03-14,1,128,11.6699,9.14,9.14,0.0,1.57,0.07,21.89
2025-03-14,1,129,5.8349,3.37,3.37,0.0,0.98,0.06,18.62
2025-03-14,1,130,4.8338,5.77,5.77,0.0,0.91,0.04,12.6743
2025-03-14,1,131,9.3885,6.0,6.0,0.0,0.0,0.0,26.0
2025-03-14,1,132,10.204,9.0,9.0,0.0,0.0,0.0,16.0
2025-03-14,1,133,17.0803,28.0,28.0,0.0,0.0,0.0,17.0
2025-03-14,1,134,11.3869,10.0,10.0,0.0,0.0,0.0,19.0
2025-03-14,1,135,11.0666,12.0,12.0,0.0,0.0,0.0,26.0
2025-03-14,1,136,8.718,2.0,2.0,0.0,0.0,1.0,19.0
2025-03-14,1,137,4.0986,1.0,1.0,0.0,0.0,1.0,19.0
2025-03-14,1,138,14.9451,13.0,13.0,0.0,0.0,0.0,38.0
2025-03-14,1,139,15.9414,20.0,18.0,2.0,0.0,0.0,0.0
2025-03-14,1,140,8.718,9.0,9.0,0.0,0.0,0.0,13.0
2025-03-14,1,141,4.9817,11.0,11.0,0.0,0.0,0.0,2.0
2025-03-14,1,142,8.718,5.0,5.0,0.0,0.0,0.0,32.0
2025-03-14,1,143,28.4873,57.0,31.0,26.0,0.0,0.0,0.0
2025-03-14,1,144,8.718,8.0,8.0,0.0,0.0,0.0,27.0
2025-03-14,1,145,4.9817,4.0,4.0,0.0,0.0,0.0,6.0
2025-03-14,1,146,4.7951,6.0,6.0,0.0,0.0,0.0,22.0
2025-03-14,1,147,10.5621,8.0,8.0,0.0,0.0,0.0,32.0
2025-03-14,1,148,5.8678,4.0,4.0,0.0,0.0,0.0,8.0
2025-03-14,1,149,1.9549,2.0,2.0,0.0,0.0,0.0,8.0
2025-03-14,1,150,8.4592,11.0,11.0,0.0,0.0,0.0,11.0
2025-03-14,1,151,10.8761,17.0,17.0,0.0,0.0,1.0,11.0
2025-03-14,1,152,6.0423,3.0,3.0,0.0,0.0,0.0,16.0
2025-03-14,1,153,4.8338,2.0,2.0,0.0,0.0,0.0,12.0
2025-03-14,1,154,7.2507,5.65,5.65,0.0,0.0,0.07,24.1086
2025-03-14,1,155,3.6254,3.92,3.92,0.0,0.0,0.03,11.3886
2025-03-14,1,156,2.4169,2.4,2.4,0.0,0.0,0.04,12.2771
2025-03-14,1,157,4.8338,6.67,6.67,0.0,0.4,0.06,19.3214
2025-03-14,1,158,5.6934,6.0,6.0,0.0,1.0,1.0,13.0
2025-03-14,1,159,4.6679,2.97,2.97,0.0,0.48,0.05,16.4286
2025-03-14,1,160,7.2507,3.0,3.0,0.0,1.0,0.0,23.0
2025-03-15,1,101,53.9125,28.6,28.6,0.0,3.56,0.36,120.7971
2025-03-15,1,102,40.4344,35.0,35.0,0.0,2.0,0.0,103.0
2025-03-15,1,103,19.702,19.0,19.0,0.0,1.0,0.0,40.0
2025-03-15,1,104,10.7825,9.17,9.17,0.0,0.9,0.09,30.3571
2025-03-15,1,105,20.2172,21.08,21.08,0.0,0.31,0.14,46.46
2025-03-15,1,106,14.0889,14.37,14.37,0.0,0.81,0.08,27.4829
2025-03-15,1,107,18.8694,16.0,16.0,0.0,2.0,0.0,68.0
2025-03-15,1,108,26.9563,24.0,24.0,0.0,2.0,0.0,59.0
2025-03-15,1,109,13.4781,17.0,17.0,0.0,0.0,0.0,34.0
2025-03-15,1,110,24.2606,19.8,19.8,0.0,0.0,0.23,75.4529
2025-03-15,1,111,13.4781,21.18,21.18,0.0,0.0,0.04,13.4586
2025-03-15,1,112,26.2992,23.0,23.0,0.0,2.0,0.0,45.0
2025-03-15,1,113,16.1738,14.0,14.0,0.0,1.0,0.0,102.0
2025-03-15,1,114,1.7727,2.0,2.0,0.0,0.0,0.0,17.0
2025-03-15,1,115,13.4781,21.0,21.0,0.0,0.0,0.0,20.0
2025-03-15,1,116,28.5649,31.0,31.0,0.0,0.0,0.0,49.0
2025-03-15,1,117,35.7061,46.0,46.0,0.0,1.0,0.0,48.0
2025-03-15,1,118,31.4214,22.0,22.0,0.0,0.0,0.0,64.0
2025-03-15,1,119,11.426,10.0,10.0,0.0,0.0,1.0,28.0
2025-03-15,1,120,14.2824,12.0,12.0,0.0,0.0,0.0,35.0
2025-03-15,1,121,11.426,13.0,13.0,0.0,0.0,0.0,34.0
2025-03-15,1,122,13.4781,16.0,16.0,0.0,0.0,0.0,21.0
2025-03-15,1,123,25.7582,18.0,18.0,0.0,3.0,0.0,59.0
2025-03-15,1,124,17.1721,23.0,23.0,0.0,1.0,0.0,21.0
2025-03-15,1,125,18.3169,15.0,15.0,0.0,1.0,0.0,37.0
2025-03-15,1,126,21.4651,13.0,13.0,0.0,3.0,0.0,46.0
2025-03-15,1,127,26.5157,19.79,19.79,0.0,1.59,0.09,30.1371
2025-03-15,1,128,13.8102,10.92,10.92,0.0,2.06,0.09,28.82
2025-03-15,1,129,6.9051,5.64,5.64,0.0,1.15,0.07,21.76
2025-03-15,1,130,5.713,9.06,9.06,0.0,0.24,0.01,3.3643
2025-03-15,1,131,11.1042,17.0,17.0,0.0,0.0,0.0,21.0
2025-03-15,1,132,12.2729,13.0,13.0,0.0,0.0,1.0,10.0
2025-03-15,1,133,20.2172,20.0,20.0,0.0,0.0,0.0,17.0
2025-03-15,1,134,13.4781,10.0,10.0,0.0,0.0,1.0,16.0
2025-03-15,1,135,13.3637,16.0,16.0,0.0,0.0,0.0,21.0
2025-03-15,1,136,10.2967,9.0,9.0,0.0,0.0,0.0,16.0
2025-03-15,1,137,4.989,6.0,6.0,0.0,0.0,0.0,13.0
2025-03-15,1,138,17.6515,17.0,17.0,0.0,0.0,1.0,20.0
2025-03-15,1,139,18.8283,7.0,0.0,7.0,0.0,0.0,0.0
2025-03-15,1,140,10.2967,5.0,5.0,0.0,0.0,0.0,20.0
2025-03-15,1,141,5.8838,4.0,2.0,2.0,0.0,0.0,0.0
2025-03-15,1,142,10.2967,9.0,9.0,0.0,0.0,0.0,23.0
2025-03-15,1,143,33.1515,43.0,0.0,43.0,0.0,0.0,0.0
2025-03-15,1,144,10.2967,13.0,13.0,0.0,0.0,0.0,14.0
2025-03-15,1,145,5.8838,8.0,8.0,0.0,0.0,0.0,10.0
2025-03-15,1,146,5.8581,6.0,6.0,0.0,0.0,0.0,16.0
2025-03-15,1,147,12.4923,10.0,10.0,0.0,0.0,0.0,22.0
2025-03-15,1,148,6.9401,7.0,7.0,0.0,0.0,0.0,13.0
2025-03-15,1,149,2.4258,2.0,2.0,0.0,0.0,0.0,6.0
2025-03-15,1,150,9.9977,16.0,16.0,0.0,0.0,0.0,3.0
2025-03-15,1,151,12.8542,9.0,9.0,0.0,0.0,0.0,10.0
2025-03-15,1,152,7.1412,10.0,10.0,0.0,0.0,0.0,18.0
2025-03-15,1,153,5.713,6.0,6.0,0.0,0.0,0.0,6.0
2025-03-15,1,154,8.5695,4.7,4.7,0.0,0.0,0.06,19.3486
2025-03-15,1,155,4.2847,5.05,5.05,0.0,0.0,0.02,6.3186
2025-03-15,1,156,2.8565,3.2,3.2,0.0,0.0,0.03,9.0471
2025-03-15,1,157,5.713,4.37,4.37,0.0,0.3,0.04,14.6114
2025-03-15,1,158,6.7391,1.0,1.0,0.0,1.0,0.0,23.0
2025-03-15,1,159,5.5241,3.73,3.73,0.0,0.36,0.04,12.2986
2025-03-15,1,160,8.5695,14.0,14.0,0.0,0.0,0.0,21.0
2025-03-16,1,101,43.6131,25.5,25.5,0.0,2.72,0.28,92.2971
2025-03-16,1,102,32.7098,50.0,50.0,0.0,1.0,0.0,52.0
2025-03-16,1,103,15.8659,6.0,6.0,0.0,1.0,0.0,45.0
2025-03-16,1,104,8.7226,12.62,12.62,0.0,0.51,0.05,17.1771
2025-03-16,1,105,16.3549,11.63,11.63,0.0,0.23,0.1,34.5
2025-03-16,1,106,11.2614,6.05,6.05,0.0,1.18,0.12,40.1329
2025-03-16,1,107,15.2646,24.0,24.0,0.0,1.0,0.0,43.0
2025-03-16,1,108,21.8065,21.0,21.0,0.0,2.0,1.0,35.0
2025-03-16,1,109,10.9033,15.0,15.0,0.0,0.0,0.0,19.0
2025-03-16,1,110,19.6259,11.87,11.87,0.0,0.0,0.19,63.3929
2025-03-16,1,111,10.9033,10.81,10.81,0.0,0.0,0.13,42.5186
2025-03-16,1,112,20.8955,24.0,24.0,0.0,2.0,0.0,35.0
2025-03-16,1,113,13.0839,9.0,9.0,0.0,0.0,0.0,93.0
2025-03-16,1,114,1.403,2.0,2.0,0.0,1.0,0.0,14.0
2025-03-16,1,115,10.9033,17.0,17.0,0.0,1.0,0.0,26.0
2025-03-16,1,116,23.0729,22.0,22.0,0.0,1.0,0.0,53.0
2025-03-16,1,117,28.8411,40.0,40.0,0.0,1.0,0.0,55.0
2025-03-16,1,118,25.3802,24.0,24.0,0.0,1.0,0.0,54.0
2025-03-16,1,119,9.2292,6.0,6.0,0.0,0.0,0.0,22.0
2025-03-16,1,120,11.5364,8.0,8.0,0.0,0.0,1.0,26.0
2025-03-16,1,121,9.2292,6.0,6.0,0.0,0.0,0.0,28.0
2025-03-16,1,122,10.9033,9.0,9.0,0.0,0.0,0.0,28.0
2025-03-16,1,123,20.7879,10.0,10.0,0.0,2.0,1.0,46.0
2025-03-16,1,124,13.8586,10.0,10.0,0.0,2.0,0.0,33.0
2025-03-16,1,125,14.7825,10.0,10.0,0.0,1.0,0.0,38.0
2025-03-16,1,126,17.3233,22.0,22.0,0.0,2.0,0.0,22.0
2025-03-16,1,127,21.4455,21.62,21.62,0.0,1.93,0.11,36.4771
2025-03-16,1,128,11.1695,8.62,8.62,0.0,2.01,0.08,28.11
2025-03-16,1,129,5.5848,4.05,4.05,0.0,0.89,0.05,16.77
2025-03-16,1,130,4.6146,3.33,3.33,0.0,0.67,0.03,9.3343
2025-03-16,1,131,8.9759,13.0,13.0,0.0,0.0,0.0,20.0
2025-03-16,1,132,9.6928,11.0,11.0,0.0,0.0,0.0,19.0
2025-03-16,1,133,16.3549,20.0,20.0,0.0,0.0,0.0,17.0
2025-03-16,1,134,10.9033,14.0,14.0,0.0,0.0,0.0,22.0
2025-03-16,1,135,10.4912,22.0,22.0,0.0,0.0,0.0,8.0
2025-03-16,1,136,8.3114,11.0,11.0,0.0,0.0,0.0,23.0
2025-03-16,1,137,3.8699,5.0,5.0,0.0,0.0,0.0,12.0
2025-03-16,1,138,14.2482,14.0,14.0,0.0,0.0,0.0,26.0
2025-03-16,1,139,15.198,11.0,11.0,0.0,0.0,0.0,13.0
2025-03-16,1,140,8.3114,5.0,5.0,0.0,0.0,0.0,27.0
2025-03-16,1,141,4.7494,7.0,0.0,7.0,0.0,0.0,0.0
2025-03-16,1,142,8.3114,8.0,8.0,0.0,0.0,0.0,27.0
2025-03-16,1,143,27.1677,20.0,20.0,0.0,0.0,0.0,4.0
2025-03-16,1,144,8.3114,3.0,3.0,0.0,0.0,0.0,23.0
2025-03-16,1,145,4.7494,8.0,8.0,0.0,0.0,0.0,14.0
2025-03-16,1,146,4.5606,9.0,9.0,0.0,0.0,0.0,7.0
2025-03-16,1,147,10.0979,9.0,9.0,0.0,0.0,0.0,33.0
2025-03-16,1,148,5.6099,7.0,7.0,0.0,0.0,0.0,18.0
2025-03-16,1,149,1.8247,2.0,2.0,0.0,0.0,0.0,10.0
2025-03-16,1,150,8.0755,8.0,8.0,0.0,0.0,0.0,3.0
2025-03-16,1,151,10.3828,10.0,10.0,0.0,0.0,0.0,20.0
2025-03-16,1,152,5.7682,8.0,8.0,0.0,0.0,0.0,22.0
2025-03-16,1,153,4.6146,5.0,5.0,0.0,0.0,0.0,5.0
2025-03-16,1,154,6.9219,10.34,10.34,0.0,0.0,0.09,28.9186
2025-03-16,1,155,3.4609,1.26,1.26,0.0,0.0,0.08,24.9786
2025-03-16,1,156,2.3073,2.56,2.56,0.0,0.0,0.02,6.4671
2025-03-16,1,157,4.6146,4.17,4.17,0.0,0.61,0.09,29.7414
2025-03-16,1,158,5.4516,5.0,5.0,0.0,1.0,0.0,17.0
2025-03-16,1,159,4.4678,3.91,3.91,0.0,0.38,0.04,12.9686
2025-03-16,1,160,6.9219,11.0,11.0,0.0,0.0,0.0,10.0
2025-03-17,1,101,22.1011,11.68,11.68,0.0,2.3,0.23,78.0871
2025-03-17,1,102,26.5213,24.0,24.0,0.0,2.0,0.0,98.0
2025-03-17,1,103,12.8052,5.0,5.0,0.0,0.0,0.0,40.0
2025-03-17,1,104,7.0724,6.47,6.47,0.0,1.33,0.14,45.2371
2025-03-17,1,105,21.2171,40.07,40.07,0.0,0.2,0.09,30.14
2025-03-17,1,106,9.3246,5.98,5.98,0.0,0.98,0.1,33.0729
2025-03-17,1,107,12.3766,24.0,24.0,0.0,0.0,0.0,19.0
2025-03-17,1,108,28.2894,29.0,29.0,0.0,2.0,0.0,52.0
2025-03-17,1,109,8.8404,11.0,11.0,0.0,0.0,0.0,48.0
2025-03-17,1,110,25.4605,59.47,59.47,0.0,0.0,0.07,23.8529
2025-03-17,1,111,8.8404,8.91,8.91,0.0,0.0,0.1,33.5086
2025-03-17,1,112,17.4843,16.0,16.0,0.0,2.0,0.0,41.0
2025-03-17,1,113,10.6085,17.0,17.0,0.0,1.0,0.0,75.0
2025-03-17,1,114,1.2695,2.0,2.0,0.0,1.0,0.0,11.0
2025-03-17,1,115,8.8404,7.0,7.0,0.0,1.0,0.0,18.0
2025-03-17,1,116,18.679,18.0,18.0,0.0,0.0,0.0,35.0
2025-03-17,1,117,23.3488,20.0,20.0,0.0,1.0,0.0,78.0
2025-03-17,1,118,20.5469,19.0,19.0,0.0,0.0,0.0,35.0
2025-03-17,1,119,7.4716,4.0,4.0,0.0,0.0,0.0,18.0
2025-03-17,1,120,9.3395,3.0,3.0,0.0,0.0,0.0,23.0
2025-03-17,1,121,7.4716,7.0,7.0,0.0,0.0,0.0,21.0
2025-03-17,1,122,8.8404,4.0,4.0,0.0,1.0,0.0,31.0
2025-03-17,1,123,16.8148,11.0,11.0,0.0,1.0,0.0,34.0
2025-03-17,1,124,11.2098,9.0,9.0,0.0,1.0,0.0,23.0
2025-03-17,1,125,7.4732,10.0,10.0,0.0,1.0,1.0,26.0
2025-03-17,1,126,14.0123,14.0,14.0,0.0,4.0,0.0,52.0
2025-03-17,1,127,10.8652,11.67,11.67,0.0,2.24,0.13,42.4371
2025-03-17,1,128,9.0543,9.56,9.56,0.0,1.9,0.08,26.57
2025-03-17,1,129,4.5272,4.1,4.1,0.0,1.13,0.06,21.48
2025-03-17,1,130,3.7358,3.95,3.95,0.0,1.03,0.04,14.3143
2025-03-17,1,131,4.545,3.0,3.0,0.0,0.0,0.0,29.0
2025-03-17,1,132,8.1961,9.0,9.0,0.0,0.0,0.0,30.0
2025-03-17,1,133,13.2607,23.0,23.0,0.0,0.0,0.0,22.0
2025-03-17,1,134,8.8404,6.0,6.0,0.0,0.0,0.0,26.0
2025-03-17,1,135,8.9648,7.0,7.0,0.0,0.0,0.0,25.0
2025-03-17,1,136,6.7241,11.0,11.0,0.0,0.0,0.0,18.0
2025-03-17,1,137,3.3771,3.0,3.0,0.0,0.0,0.0,13.0
2025-03-17,1,138,11.527,12.0,12.0,0.0,0.0,0.0,34.0
2025-03-17,1,139,7.6846,6.0,6.0,0.0,0.0,0.0,19.0
2025-03-17,1,140,6.7241,6.0,6.0,0.0,0.0,0.0,45.0
2025-03-17,1,141,3.8423,7.0,7.0,0.0,0.0,0.0,9.0
2025-03-17,1,142,6.7241,7.0,7.0,0.0,0.0,0.0,32.0
2025-03-17,1,143,13.2722,7.0,7.0,0.0,0.0,0.0,21.0
2025-03-17,1,144,6.7241,4.0,4.0,0.0,0.0,0.0,43.0
2025-03-17,1,145,3.8423,2.0,2.0,0.0,0.0,0.0,24.0
2025-03-17,1,146,3.9944,1.0,1.0,0.0,0.0,0.0,24.0
2025-03-17,1,147,8.181,1.0,1.0,0.0,0.0,0.0,42.0
2025-03-17,1,148,4.545,3.0,3.0,0.0,0.0,0.0,27.0
2025-03-17,1,149,1.6768,2.0,2.0,0.0,0.0,0.0,8.0
2025-03-17,1,150,6.5377,6.0,6.0,0.0,0.0,0.0,9.0
2025-03-17,1,151,13.4489,8.0,8.0,0.0,0.0,0.0,28.0
2025-03-17,1,152,4.6698,6.0,6.0,0.0,0.0,0.0,16.0
2025-03-17,1,153,3.7358,1.0,1.0,0.0,0.0,0.0,8.0
2025-03-17,1,154,5.6037,3.07,3.07,0.0,0.0,0.08,25.7686
2025-03-17,1,155,2.8019,2.64,2.64,0.0,0.0,0.07,22.2686
2025-03-17,1,156,1.8679,1.78,1.78,0.0,0.0,0.01,4.6771
2025-03-17,1,157,3.7358,2.79,2.79,0.0,0.54,0.08,26.3314
2025-03-17,1,158,4.4202,2.0,2.0,0.0,1.0,0.0,14.0
2025-03-17,1,159,3.6217,2.16,2.16,0.0,0.31,0.03,10.4686
2025-03-17,1,160,5.6037,3.0,3.0,0.0,0.0,0.0,19.0
2025-03-18,1,101,22.1364,29.26,29.26,0.0,1.4,0.14,47.2871
2025-03-18,1,102,26.5637,36.0,36.0,0.0,1.0,0.0,61.0
2025-03-18,1,103,12.766,9.0,9.0,0.0,1.0,0.0,30.0
2025-03-18,1,104,7.0837,6.14,6.14,0.0,1.12,0.11,37.8671
2025-03-18,1,105,21.251,31.57,31.57,0.0,0.23,0.1,34.24
2025-03-18,1,106,9.3957,10.17,10.17,0.0,0.65,0.07,22.1829
2025-03-18,1,107,12.3964,6.0,6.0,0.0,2.0,0.0,83.0
2025-03-18,1,108,28.3347,35.0,35.0,0.0,2.0,0.0,63.0
2025-03-18,1,109,8.8546,8.0,8.0,0.0,1.0,0.0,39.0
2025-03-18,1,110,25.5012,34.84,34.84,0.0,0.0,0.15,48.8629
2025-03-18,1,111,8.8546,12.08,12.08,0.0,0.0,0.06,21.3686
2025-03-18,1,112,17.6706,14.0,14.0,0.0,1.0,0.0,42.0
2025-03-18,1,113,10.6255,5.0,5.0,0.0,0.0,0.0,70.0
2025-03-18,1,114,1.3359,1.0,1.0,0.0,0.0,0.0,10.0
2025-03-18,1,115,8.8546,7.0,7.0,0.0,1.0,0.0,34.0
2025-03-18,1,116,18.68,15.0,15.0,0.0,1.0,1.0,63.0
2025-03-18,1,117,23.3501,19.0,19.0,0.0,1.0,0.0,58.0
2025-03-18,1,118,20.548,15.0,15.0,0.0,0.0,0.0,65.0
2025-03-18,1,119,7.472,5.0,5.0,0.0,0.0,0.0,31.0
2025-03-18,1,120,9.34,12.0,12.0,0.0,0.0,0.0,35.0
2025-03-18,1,121,7.472,12.0,12.0,0.0,0.0,0.0,9.0
2025-03-18,1,122,8.8546,8.0,8.0,0.0,0.0,0.0,39.0
2025-03-18,1,123,16.8012,9.0,9.0,0.0,3.0,1.0,69.0
2025-03-18,1,124,11.2008,6.0,6.0,0.0,2.0,0.0,39.0
2025-03-18,1,125,7.4672,17.0,17.0,0.0,1.0,0.0,8.0
2025-03-18,1,126,14.001,7.0,7.0,0.0,3.0,0.0,42.0
2025-03-18,1,127,10.8801,14.38,14.38,0.0,1.4,0.08,26.5771
2025-03-18,1,128,9.0668,10.15,10.15,0.0,1.09,0.05,15.28
2025-03-18,1,129,4.5334,5.99,5.99,0.0,0.77,0.04,14.68
2025-03-18,1,130,3.736,4.52,4.52,0.0,0.65,0.03,9.1143
2025-03-18,1,131,4.5487,9.0,9.0,0.0,0.0,0.0,20.0
2025-03-18,1,132,8.3083,5.0,5.0,0.0,0.0,0.0,25.0
2025-03-18,1,133,13.2819,11.0,11.0,0.0,0.0,0.0,31.0
2025-03-18,1,134,8.8546,9.0,9.0,0.0,0.0,0.0,27.0
2025-03-18,1,135,9.1149,11.0,11.0,0.0,0.0,0.0,15.0
2025-03-18,1,136,6.7198,6.0,6.0,0.0,0.0,0.0,18.0
2025-03-18,1,137,3.4543,4.0,4.0,0.0,0.0,0.0,9.0
2025-03-18,1,138,11.5196,11.0,11.0,0.0,0.0,1.0,22.0
2025-03-18,1,139,7.6797,9.0,9.0,0.0,0.0,0.0,10.0
2025-03-18,1,140,6.7198,13.0,13.0,0.0,0.0,0.0,32.0
2025-03-18,1,141,3.8399,8.0,8.0,0.0,0.0,0.0,1.0
2025-03-18,1,142,6.7198,3.0,3.0,0.0,0.0,0.0,29.0
2025-03-18,1,143,13.1061,7.0,7.0,0.0,0.0,0.0,14.0
2025-03-18,1,144,6.7198,4.0,4.0,0.0,0.0,0.0,39.0
2025-03-18,1,145,3.8399,2.0,2.0,0.0,0.0,0.0,22.0
2025-03-18,1,146,4.1007,3.0,3.0,0.0,0.0,0.0,21.0
2025-03-18,1,147,8.1876,7.0,7.0,0.0,0.0,1.0,34.0
2025-03-18,1,148,4.5487,3.0,3.0,0.0,0.0,0.0,24.0
2025-03-18,1,149,1.7397,0.0,0.0,0.0,0.0,0.0,8.0
2025-03-18,1,150,6.538,9.0,9.0,0.0,0.0,0.0,16.0
2025-03-18,1,151,13.4496,13.0,13.0,0.0,0.0,0.0,23.0
2025-03-18,1,152,4.67,4.0,4.0,0.0,0.0,0.0,12.0
2025-03-18,1,153,3.736,0.0,0.0,0.0,0.0,0.0,12.0
2025-03-18,1,154,5.604,4.3,4.3,0.0,0.0,0.06,21.4086
2025-03-18,1,155,2.802,2.93,2.93,0.0,0.0,0.06,19.2786
2025-03-18,1,156,1.868,1.89,1.89,0.0,0.0,0.07,22.7171
2025-03-18,1,157,3.736,5.43,5.43,0.0,0.42,0.06,20.4214
2025-03-18,1,158,4.4273,6.0,6.0,0.0,0.0,0.0,8.0
2025-03-18,1,159,3.6267,2.86,2.86,0.0,0.5,0.05,17.0586
2025-03-18,1,160,5.604,9.0,9.0,0.0,0.0,0.0,10.0
2025-03-19,1,101,23.4764,17.2,17.2,0.0,2.92,0.3,98.8671
2025-03-19,1,102,28.1717,31.0,31.0,0.0,2.0,1.0,99.0
2025-03-19,1,103,13.475,9.0,9.0,0.0,1.0,0.0,44.0
2025-03-19,1,104,7.5124,7.79,7.79,0.0,0.86,0.09,29.1271
2025-03-19,1,105,22.5373,23.94,23.94,0.0,0.31,0.14,45.85
2025-03-19,1,106,10.2885,3.97,3.97,0.0,1.09,0.11,37.0129
2025-03-19,1,107,13.1468,9.0,9.0,0.0,3.0,1.0,70.0
2025-03-19,1,108,30.0498,51.0,51.0,0.0,3.0,1.0,56.0
2025-03-19,1,109,9.3906,10.0,10.0,0.0,1.0,0.0,28.0
2025-03-19,1,110,27.0448,33.23,33.23,0.0,0.0,0.17,55.4629
2025-03-19,1,111,9.3906,7.57,7.57,0.0,0.0,0.1,33.6986
2025-03-19,1,112,19.6617,19.0,19.0,0.0,2.0,0.0,37.0
2025-03-19,1,113,11.2687,14.0,14.0,0.0,0.0,0.0,56.0
2025-03-19,1,114,1.6509,4.0,4.0,0.0,0.0,0.0,6.0
2025-03-19,1,115,9.3906,10.0,10.0,0.0,0.0,0.0,24.0
2025-03-19,1,116,19.7799,21.0,21.0,0.0,1.0,0.0,41.0
2025-03-19,1,117,24.7249,26.0,26.0,0.0,1.0,1.0,70.0
2025-03-19,1,118,21.7579,26.0,26.0,0.0,1.0,0.0,38.0
2025-03-19,1,119,7.912,13.0,13.0,0.0,1.0,0.0,17.0
2025-03-19,1,120,9.89,10.0,10.0,0.0,0.0,0.0,25.0
2025-03-19,1,121,7.912,8.0,8.0,0.0,0.0,0.0,37.0
2025-03-19,1,122,9.3906,20.0,20.0,0.0,0.0,0.0,19.0
2025-03-19,1,123,17.7751,17.0,17.0,0.0,2.0,0.0,50.0
2025-03-19,1,124,11.8501,15.0,15.0,0.0,1.0,0.0,23.0
2025-03-19,1,125,7.9001,14.0,14.0,0.0,1.0,0.0,17.0
2025-03-19,1,126,14.8126,11.0,11.0,0.0,2.0,0.0,29.0
2025-03-19,1,127,11.536,10.21,10.21,0.0,1.32,0.08,24.9671
2025-03-19,1,128,9.6133,8.96,8.96,0.0,1.09,0.05,15.18
2025-03-19,1,129,4.8067,6.16,6.16,0.0,0.43,0.02,8.07
2025-03-19,1,130,3.956,2.72,2.72,0.0,1.09,0.05,15.2543
2025-03-19,1,131,4.8201,1.0,1.0,0.0,0.0,0.0,19.0
2025-03-19,1,132,9.3936,4.0,4.0,0.0,0.0,0.0,31.0
2025-03-19,1,133,14.0858,13.0,13.0,0.0,0.0,0.0,22.0
2025-03-19,1,134,9.3906,6.0,6.0,0.0,0.0,0.0,25.0
2025-03-19,1,135,10.4717,8.0,8.0,0.0,0.0,0.0,29.0
2025-03-19,1,136,7.1105,4.0,4.0,0.0,0.0,0.0,14.0
2025-03-19,1,137,4.0975,7.0,7.0,0.0,0.0,0.0,10.0
2025-03-19,1,138,12.1894,7.0,7.0,0.0,0.0,0.0,35.0
2025-03-19,1,139,8.1262,9.0,9.0,0.0,0.0,0.0,13.0
2025-03-19,1,140,7.1105,8.0,8.0,0.0,0.0,0.0,24.0
2025-03-19,1,141,4.0631,3.0,1.0,2.0,0.0,0.0,0.0
2025-03-19,1,142,7.1105,9.0,9.0,0.0,0.0,0.0,20.0
2025-03-19,1,143,13.1785,10.0,10.0,0.0,0.0,1.0,27.0
2025-03-19,1,144,7.1105,12.0,12.0,0.0,0.0,0.0,27.0
2025-03-19,1,145,4.0631,2.0,2.0,0.0,0.0,0.0,20.0
2025-03-19,1,146,4.8822,4.0,4.0,0.0,0.0,0.0,17.0
2025-03-19,1,147,8.6762,16.0,16.0,0.0,0.0,1.0,17.0
2025-03-19,1,148,4.8201,5.0,5.0,0.0,0.0,0.0,19.0
2025-03-19,1,149,2.2337,3.0,3.0,0.0,0.0,0.0,5.0
2025-03-19,1,150,6.923,8.0,8.0,0.0,0.0,0.0,12.0
2025-03-19,1,151,14.2415,20.0,20.0,0.0,0.0,0.0,15.0
2025-03-19,1,152,4.945,8.0,8.0,0.0,0.0,0.0,16.0
2025-03-19,1,153,3.956,5.0,5.0,0.0,0.0,0.0,15.0
2025-03-19,1,154,5.934,5.35,5.35,0.0,0.0,0.05,16.0086
2025-03-19,1,155,2.967,3.63,3.63,0.0,0.0,0.05,15.5986
2025-03-19,1,156,1.978,2.25,2.25,0.0,0.0,0.06,20.4071
2025-03-19,1,157,3.956,7.16,7.16,0.0,0.27,0.04,12.9514
2025-03-19,1,158,4.6953,6.0,6.0,0.0,1.0,0.0,13.0
2025-03-19,1,159,3.8453,3.06,3.06,0.0,0.4,0.04,13.5586
2025-03-19,1,160,5.934,9.0,9.0,0.0,0.0,0.0,13.0
2025-03-20,1,101,24.8209,10.74,10.74,0.0,2.52,0.26,85.3471
2025-03-20,1,102,29.7851,20.0,20.0,0.0,2.0,1.0,76.0
2025-03-20,1,103,14.1788,16.0,16.0,0.0,0.0,0.0,28.0
2025-03-20,1,104,7.9427,11.84,11.84,0.0,0.49,0.05,16.7471
2025-03-20,1,105,23.8281,29.56,29.56,0.0,0.23,0.1,33.96
2025-03-20,1,106,10.6304,9.7,9.7,0.0,0.78,0.08,26.4529
2025-03-20,1,107,13.8997,15.0,15.0,0.0,2.0,0.0,53.0
2025-03-20,1,108,31.7708,44.0,44.0,0.0,2.0,0.0,58.0
2025-03-20,1,109,9.9284,14.0,14.0,0.0,0.0,0.0,14.0
2025-03-20,1,110,28.5937,36.4,36.4,0.0,0.0,0.18,58.8829
2025-03-20,1,111,9.9284,12.11,12.11,0.0,0.0,0.06,21.5286
2025-03-20,1,112,20.0828,35.0,35.0,0.0,1.0,0.0,25.0
2025-03-20,1,113,11.9141,18.0,18.0,0.0,0.0,0.0,38.0
2025-03-20,1,114,1.6316,2.0,2.0,0.0,1.0,0.0,3.0
2025-03-20,1,115,9.9284,11.0,11.0,0.0,1.0,0.0,24.0
2025-03-20,1,116,20.8799,21.0,21.0,0.0,1.0,1.0,54.0
2025-03-20,1,117,26.0999,20.0,20.0,0.0,1.0,0.0,49.0
2025-03-20,1,118,22.9679,16.0,16.0,0.0,0.0,0.0,67.0
2025-03-20,1,119,8.352,9.0,9.0,0.0,1.0,0.0,31.0
2025-03-20,1,120,10.44,7.0,7.0,0.0,0.0,0.0,30.0
2025-03-20,1,121,8.352,9.0,9.0,0.0,0.0,0.0,28.0
2025-03-20,1,122,9.9284,8.0,8.0,0.0,0.0,0.0,19.0
2025-03-20,1,123,18.7475,23.0,23.0,0.0,1.0,0.0,26.0
2025-03-20,1,124,12.4983,11.0,11.0,0.0,1.0,0.0,35.0
2025-03-20,1,125,8.3322,6.0,6.0,0.0,1.0,0.0,34.0
2025-03-20,1,126,15.6229,21.0,21.0,0.0,2.0,0.0,30.0
2025-03-20,1,127,12.1937,9.58,9.58,0.0,1.77,0.1,33.5171
2025-03-20,1,128,10.1615,13.01,13.01,0.0,1.48,0.06,20.63
2025-03-20,1,129,5.0807,5.3,5.3,0.0,0.64,0.04,12.09
2025-03-20,1,130,4.176,5.46,5.46,0.0,0.65,0.03,9.1143
2025-03-20,1,131,5.0921,7.0,7.0,0.0,0.0,0.0,12.0
2025-03-20,1,132,9.4851,12.0,12.0,0.0,0.0,0.0,27.0
2025-03-20,1,133,14.8926,24.0,24.0,0.0,0.0,0.0,22.0
2025-03-20,1,134,9.9284,11.0,11.0,0.0,0.0,0.0,22.0
2025-03-20,1,135,10.4528,8.0,8.0,0.0,0.0,0.0,21.0
2025-03-20,1,136,7.5006,16.0,16.0,0.0,0.0,0.0,10.0
2025-03-20,1,137,3.9971,6.0,6.0,0.0,0.0,0.0,4.0
2025-03-20,1,138,12.8581,11.0,11.0,0.0,0.0,0.0,44.0
2025-03-20,1,139,8.5721,7.0,7.0,0.0,0.0,0.0,18.0
2025-03-20,1,140,7.5006,8.0,8.0,0.0,0.0,0.0,16.0
2025-03-20,1,141,4.286,5.0,5.0,0.0,0.0,0.0,3.0
2025-03-20,1,142,7.5006,12.0,12.0,0.0,0.0,0.0,20.0
2025-03-20,1,143,14.3456,19.0,19.0,0.0,0.0,0.0,8.0
2025-03-20,1,144,7.5006,7.0,7.0,0.0,0.0,0.0,20.0
2025-03-20,1,145,4.286,5.0,5.0,0.0,0.0,0.0,15.0
2025-03-20,1,146,4.7802,10.0,10.0,0.0,0.0,0.0,7.0
2025-03-20,1,147,9.1658,6.0,6.0,0.0,0.0,0.0,21.0
2025-03-20,1,148,5.0921,3.0,3.0,0.0,0.0,0.0,16.0
2025-03-20,1,149,2.0556,2.0,2.0,0.0,0.0,0.0,9.0
2025-03-20,1,150,7.308,5.0,5.0,0.0,0.0,0.0,15.0
2025-03-20,1,151,15.0335,15.0,15.0,0.0,0.0,0.0,8.0
2025-03-20,1,152,5.22,14.0,14.0,0.0,0.0,0.0,2.0
2025-03-20,1,153,4.176,3.0,3.0,0.0,0.0,0.0,12.0
2025-03-20,1,154,6.264,7.28,7.28,0.0,0.0,0.09,28.6386
2025-03-20,1,155,3.132,3.77,3.77,0.0,0.0,0.04,11.7886
2025-03-20,1,156,2.088,1.54,1.54,0.0,0.0,0.06,18.8071
2025-03-20,1,157,4.176,5.39,5.39,0.0,0.15,0.02,7.3914
2025-03-20,1,158,4.9642,3.0,3.0,0.0,0.0,0.0,10.0
2025-03-20,1,159,4.0646,1.89,1.89,0.0,0.33,0.03,11.3086
2025-03-20,1,160,6.264,7.0,7.0,0.0,0.0,0.0,18.0
2025-03-21,1,101,28.7871,31.63,31.63,0.0,1.53,0.16,52.0271
2025-03-21,1,102,34.5446,30.0,30.0,0.0,2.0,0.0,92.0
2025-03-21,1,103,16.3651,22.0,22.0,0.0,0.0,0.0,30.0
2025-03-21,1,104,9.2119,8.71,8.71,0.0,1.26,0.13,42.6471
2025-03-21,1,105,27.6357,23.99,23.99,0.0,0.43,0.19,63.35
2025-03-21,1,106,12.0126,8.15,8.15,0.0,1.09,0.11,37.1029
2025-03-21,1,107,16.1208,9.0,9.0,0.0,1.0,0.0,43.0
2025-03-21,1,108,36.8475,37.0,37.0,0.0,3.0,1.0,65.0
2025-03-21,1,109,11.5149,13.0,13.0,0.0,0.0,0.0,41.0
2025-03-21,1,110,33.1628,42.65,42.65,0.0,0.0,0.17,56.0629
2025-03-21,1,111,11.5149,8.7,8.7,0.0,0.0,0.1,32.7286
2025-03-21,1,112,22.401,20.0,20.0,0.0,2.0,0.0,43.0
2025-03-21,1,113,13.8178,23.0,23.0,0.0,0.0,0.0,15.0
2025-03-21,1,114,1.7472,3.0,3.0,0.0,1.0,0.0,15.0
2025-03-21,1,115,11.5149,8.0,8.0,0.0,1.0,0.0,27.0
2025-03-21,1,116,24.1781,18.0,18.0,0.0,1.0,1.0,52.0
2025-03-21,1,117,30.2226,39.0,39.0,0.0,1.0,1.0,56.0
2025-03-21,1,118,26.5959,15.0,15.0,0.0,1.0,1.0,65.0
2025-03-21,1,119,9.6712,11.0,11.0,0.0,0.0,0.0,20.0
2025-03-21,1,120,12.089,20.0,20.0,0.0,0.0,0.0,22.0
2025-03-21,1,121,9.6712,9.0,9.0,0.0,0.0,0.0,19.0
2025-03-21,1,122,11.5149,9.0,9.0,0.0,0.0,0.0,18.0
2025-03-21,1,123,21.6901,14.0,14.0,0.0,2.0,0.0,58.0
2025-03-21,1,124,14.46,20.0,20.0,0.0,1.0,0.0,26.0
2025-03-21,1,125,9.64,17.0,17.0,0.0,0.0,0.0,17.0
2025-03-21,1,126,18.0751,13.0,13.0,0.0,3.0,1.0,37.0
2025-03-21,1,127,14.1387,12.58,12.58,0.0,1.55,0.09,29.2971
2025-03-21,1,128,11.7823,15.11,15.11,0.0,1.03,0.04,14.45
2025-03-21,1,129,5.8911,4.23,4.23,0.0,0.89,0.05,16.92
2025-03-21,1,130,4.8356,6.97,6.97,0.0,0.48,0.02,6.6443
2025-03-21,1,131,5.901,9.0,9.0,0.0,0.0,0.0,15.0
2025-03-21,1,132,10.4433,9.0,9.0,0.0,0.0,0.0,24.0
2025-03-21,1,133,17.2723,17.0,17.0,0.0,0.0,0.0,21.0
2025-03-21,1,134,11.5149,10.0,10.0,0.0,0.0,0.0,22.0
2025-03-21,1,135,11.3601,3.0,3.0,0.0,0.0,0.0,36.0
2025-03-21,1,136,8.6791,7.0,7.0,0.0,0.0,0.0,15.0
2025-03-21,1,137,4.2326,3.0,3.0,0.0,0.0,0.0,9.0
2025-03-21,1,138,14.8785,12.0,12.0,0.0,0.0,0.0,32.0
2025-03-21,1,139,9.919,10.0,10.0,0.0,0.0,0.0,20.0
2025-03-21,1,140,8.6791,9.0,9.0,0.0,0.0,0.0,19.0
2025-03-21,1,141,4.9595,4.0,4.0,0.0,0.0,0.0,7.0
2025-03-21,1,142,8.6791,12.0,12.0,0.0,0.0,0.0,8.0
2025-03-21,1,143,17.2064,15.0,8.0,7.0,0.0,0.0,0.0
2025-03-21,1,144,8.6791,15.0,15.0,0.0,0.0,0.0,5.0
2025-03-21,1,145,4.9595,5.0,5.0,0.0,0.0,0.0,10.0
2025-03-21,1,146,5.0806,9.0,9.0,0.0,0.0,0.0,16.0
2025-03-21,1,147,10.6217,7.0,7.0,0.0,0.0,0.0,24.0
2025-03-21,1,148,5.901,8.0,8.0,0.0,0.0,0.0,20.0
2025-03-21,1,149,2.038,2.0,2.0,0.0,0.0,0.0,7.0
2025-03-21,1,150,8.4623,15.0,15.0,0.0,0.0,0.0,8.0
2025-03-21,1,151,17.4082,29.0,20.0,9.0,0.0,0.0,0.0
2025-03-21,1,152,6.0445,9.0,9.0,0.0,0.0,0.0,5.0
2025-03-21,1,153,4.8356,7.0,7.0,0.0,0.0,0.0,5.0
2025-03-21,1,154,7.2534,8.1,8.1,0.0,0.0,0.06,20.4786
2025-03-21,1,155,3.6267,2.54,2.54,0.0,0.0,0.03,9.2186
2025-03-21,1,156,2.4178,3.44,3.44,0.0,0.0,0.05,15.3171
2025-03-21,1,157,4.8356,5.38,5.38,0.0,0.44,0.06,21.5114
2025-03-21,1,158,5.7574,7.0,7.0,0.0,1.0,0.0,14.0
2025-03-21,1,159,4.7129,6.36,6.36,0.0,0.43,0.04,14.4786
2025-03-21,1,160,7.2534,6.0,6.0,0.0,0.0,0.0,12.0
2025-03-22,1,101,34.0773,38.5,38.5,0.0,1.93,0.2,65.3971
2025-03-22,1,102,40.8928,33.0,33.0,0.0,2.0,1.0,104.0
2025-03-22,1,103,19.2779,14.0,14.0,0.0,1.0,0.0,39.0
2025-03-22,1,104,10.9048,7.94,7.94,0.0,0.99,0.1,33.6171
2025-03-22,1,105,32.7143,24.64,24.64,0.0,0.38,0.17,56.16
2025-03-22,1,106,14.7415,22.14,22.14,0.0,0.71,0.07,24.1829
2025-03-22,1,107,19.0833,14.0,14.0,0.0,2.0,0.0,75.0
2025-03-22,1,108,43.619,56.0,56.0,0.0,2.0,0.0,55.0
2025-03-22,1,109,13.6309,19.0,19.0,0.0,0.0,0.0,22.0
2025-03-22,1,110,39.2571,52.43,52.43,0.0,0.0,0.19,63.4429
2025-03-22,1,111,13.6309,17.25,17.25,0.0,0.0,0.11,35.3686
2025-03-22,1,112,27.989,26.0,26.0,0.0,2.0,0.0,47.0
2025-03-22,1,113,16.3571,16.0,16.0,0.0,1.0,0.0,98.0
2025-03-22,1,114,2.4462,2.0,2.0,0.0,0.0,0.0,13.0
2025-03-22,1,115,13.6309,5.0,5.0,0.0,1.0,0.0,33.0
2025-03-22,1,116,28.5756,31.0,31.0,0.0,1.0,0.0,47.0
2025-03-22,1,117,35.7195,28.0,28.0,0.0,1.0,1.0,66.0
2025-03-22,1,118,31.4332,36.0,36.0,0.0,0.0,0.0,59.0
2025-03-22,1,119,11.4302,19.0,19.0,0.0,1.0,0.0,18.0
2025-03-22,1,120,14.2878,12.0,12.0,0.0,0.0,0.0,34.0
2025-03-22,1,121,11.4302,9.0,9.0,0.0,0.0,0.0,28.0
2025-03-22,1,122,13.6309,19.0,19.0,0.0,0.0,0.0,23.0
2025-03-22,1,123,25.613,25.0,25.0,0.0,3.0,0.0,54.0
2025-03-22,1,124,17.0753,22.0,22.0,0.0,1.0,0.0,27.0
2025-03-22,1,125,11.3836,16.0,16.0,0.0,1.0,0.0,24.0
2025-03-22,1,126,21.3442,20.0,20.0,0.0,3.0,0.0,38.0
2025-03-22,1,127,16.7327,20.14,20.14,0.0,1.46,0.08,27.6171
2025-03-22,1,128,13.944,16.6,16.6,0.0,1.19,0.05,16.61
2025-03-22,1,129,6.972,6.58,6.58,0.0,0.52,0.03,9.79
2025-03-22,1,130,5.7151,5.94,5.94,0.0,0.71,0.03,9.9643
2025-03-22,1,131,6.9797,10.0,10.0,0.0,0.0,0.0,5.0
2025-03-22,1,132,13.2854,16.0,16.0,0.0,0.0,0.0,14.0
2025-03-22,1,133,20.4464,22.0,22.0,0.0,0.0,0.0,15.0
2025-03-22,1,134,13.6309,16.0,16.0,0.0,0.0,0.0,16.0
2025-03-22,1,135,14.7142,8.0,8.0,0.0,0.0,0.0,36.0
2025-03-22,1,136,10.2503,13.0,13.0,0.0,0.0,0.0,8.0
2025-03-22,1,137,5.6832,3.0,3.0,0.0,0.0,0.0,14.0
2025-03-22,1,138,17.5719,9.0,9.0,0.0,0.0,0.0,43.0
2025-03-22,1,139,11.7146,14.0,14.0,0.0,0.0,1.0,5.0
2025-03-22,1,140,10.2503,13.0,13.0,0.0,0.0,0.0,18.0
2025-03-22,1,141,5.8573,4.0,4.0,0.0,0.0,0.0,3.0
2025-03-22,1,142,10.2503,10.0,10.0,0.0,0.0,0.0,10.0
2025-03-22,1,143,19.1925,25.0,24.0,1.0,0.0,0.0,0.0
2025-03-22,1,144,10.2503,9.0,9.0,0.0,0.0,0.0,20.0
2025-03-22,1,145,5.8573,4.0,4.0,0.0,0.0,0.0,18.0
2025-03-22,1,146,6.8473,8.0,8.0,0.0,0.0,0.0,8.0
2025-03-22,1,147,12.5634,15.0,15.0,0.0,0.0,0.0,19.0
2025-03-22,1,148,6.9797,2.0,2.0,0.0,0.0,0.0,18.0
2025-03-22,1,149,2.9918,1.0,1.0,0.0,0.0,0.0,6.0
2025-03-22,1,150,10.0015,14.0,14.0,0.0,0.0,0.0,2.0
2025-03-22,1,151,20.5744,12.0,12.0,0.0,0.0,0.0,8.0
2025-03-22,1,152,7.1439,11.0,5.0,6.0,0.0,0.0,0.0
2025-03-22,1,153,5.7151,5.0,5.0,0.0,0.0,0.0,4.0
2025-03-22,1,154,8.5727,9.34,9.34,0.0,0.0,0.03,11.1086
2025-03-22,1,155,4.2863,3.8,3.8,0.0,0.0,0.08,25.3386
2025-03-22,1,156,2.8576,1.71,1.71,0.0,0.0,0.04,13.5671
2025-03-22,1,157,5.7151,3.73,3.73,0.0,0.36,0.05,17.3714
2025-03-22,1,158,6.8155,4.0,4.0,0.0,1.0,1.0,20.0
2025-03-22,1,159,5.5776,4.32,4.32,0.0,0.29,0.03,9.8386
2025-03-22,1,160,8.5727,10.0,10.0,0.0,0.0,0.0,14.0
2025-03-23,1,101,27.5698,22.28,22.28,0.0,2.77,0.28,94.0671
2025-03-23,1,102,33.0837,27.0,27.0,0.0,2.0,1.0,74.0
2025-03-23,1,103,15.5195,13.0,13.0,0.0,1.0,0.0,37.0
2025-03-23,1,104,8.8223,7.67,7.67,0.0,0.74,0.08,25.1271
2025-03-23,1,105,26.467,31.19,31.19,0.0,0.29,0.13,42.55
2025-03-23,1,106,11.9502,19.78,19.78,0.0,0.7,0.07,23.6329
2025-03-23,1,107,15.4391,14.0,14.0,0.0,1.0,0.0,60.0
2025-03-23,1,108,35.2893,29.0,29.0,0.0,3.0,0.0,71.0
2025-03-23,1,109,11.0279,6.0,6.0,0.0,0.0,0.0,36.0
2025-03-23,1,110,31.7604,38.66,38.66,0.0,0.0,0.13,44.6529
2025-03-23,1,111,11.0279,13.61,13.61,0.0,0.0,0.07,21.6886
2025-03-23,1,112,22.7121,27.0,27.0,0.0,2.0,0.0,34.0
2025-03-23,1,113,13.2335,13.0,13.0,0.0,1.0,0.0,84.0
2025-03-23,1,114,2.0423,2.0,2.0,0.0,0.0,0.0,11.0
2025-03-23,1,115,11.0279,5.0,5.0,0.0,1.0,0.0,27.0
2025-03-23,1,116,23.0815,12.0,12.0,0.0,0.0,0.0,62.0
2025-03-23,1,117,28.8519,29.0,29.0,0.0,1.0,0.0,64.0
2025-03-23,1,118,25.3897,20.0,20.0,0.0,0.0,1.0,53.0
2025-03-23,1,119,9.2326,11.0,11.0,0.0,1.0,0.0,24.0
2025-03-23,1,120,11.5408,16.0,16.0,0.0,0.0,0.0,18.0
2025-03-23,1,121,9.2326,12.0,12.0,0.0,0.0,0.0,16.0
2025-03-23,1,122,11.0279,13.0,13.0,0.0,0.0,0.0,26.0
2025-03-23,1,123,20.6707,18.0,18.0,0.0,1.0,0.0,35.0
2025-03-23,1,124,13.7805,16.0,16.0,0.0,1.0,0.0,22.0
2025-03-23,1,125,9.187,8.0,8.0,0.0,0.0,0.0,16.0
2025-03-23,1,126,17.2256,14.0,14.0,0.0,3.0,0.0,45.0
2025-03-23,1,127,13.5339,12.7,12.7,0.0,1.75,0.1,33.0671
2025-03-23,1,128,11.2782,7.89,7.89,0.0,1.91,0.08,26.73
2025-03-23,1,129,5.6391,6.64,6.64,0.0,0.66,0.04,12.45
2025-03-23,1,130,4.6163,3.14,3.14,0.0,1.12,0.05,15.6543
2025-03-23,1,131,5.6422,7.0,7.0,0.0,0.0,0.0,22.0
2025-03-23,1,132,10.7914,10.0,10.0,0.0,0.0,0.0,20.0
2025-03-23,1,133,16.5419,6.0,6.0,0.0,0.0,0.0,41.0
2025-03-23,1,134,11.0279,17.0,17.0,0.0,0.0,0.0,15.0
2025-03-23,1,135,11.964,9.0,9.0,0.0,0.0,0.0,40.0
2025-03-23,1,136,8.2734,5.0,5.0,0.0,0.0,0.0,21.0
2025-03-23,1,137,4.6302,1.0,1.0,0.0,0.0,0.0,17.0
2025-03-23,1,138,14.183,23.0,23.0,0.0,0.0,1.0,19.0
2025-03-23,1,139,9.4553,7.0,7.0,0.0,0.0,0.0,10.0
2025-03-23,1,140,8.2734,7.0,7.0,0.0,0.0,0.0,23.0
2025-03-23,1,141,4.7277,9.0,9.0,0.0,0.0,0.0,2.0
2025-03-23,1,142,8.2734,10.0,10.0,0.0,0.0,0.0,24.0
2025-03-23,1,143,15.3955,21.0,21.0,0.0,0.0,0.0,3.0
2025-03-23,1,144,8.2734,6.0,6.0,0.0,0.0,0.0,26.0
2025-03-23,1,145,4.7277,10.0,10.0,0.0,0.0,0.0,8.0
2025-03-23,1,146,5.5994,3.0,3.0,0.0,0.0,0.0,17.0
2025-03-23,1,147,10.1559,16.0,16.0,0.0,0.0,0.0,23.0
2025-03-23,1,148,5.6422,8.0,8.0,0.0,0.0,1.0,21.0
2025-03-23,1,149,2.4476,6.0,6.0,0.0,0.0,0.0,6.0
2025-03-23,1,150,8.0785,12.0,10.0,2.0,0.0,0.0,0.0
2025-03-23,1,151,16.6187,26.0,24.0,2.0,0.0,0.0,0.0
2025-03-23,1,152,5.7704,5.0,5.0,0.0,0.0,0.0,19.0
2025-03-23,1,153,4.6163,6.0,6.0,0.0,0.0,0.0,2.0
2025-03-23,1,154,6.9245,5.42,5.42,0.0,0.0,0.08,25.6086
2025-03-23,1,155,3.4622,2.53,2.53,0.0,0.0,0.07,22.7386
2025-03-23,1,156,2.3082,2.47,2.47,0.0,0.0,0.03,11.0671
2025-03-23,1,157,4.6163,4.62,4.62,0.0,0.66,0.1,31.9914
2025-03-23,1,158,5.514,4.0,4.0,0.0,1.0,0.0,15.0
2025-03-23,1,159,4.5113,4.42,4.42,0.0,0.44,0.04,14.9386
2025-03-23,1,160,6.9245,5.0,5.0,0.0,0.0,0.0,21.0
2025-03-24,1,101,22.3558,18.96,18.96,0.0,2.15,0.22,72.7371
2025-03-24,1,102,26.8269,29.0,29.0,0.0,0.0,1.0,44.0
2025-03-24,1,103,12.5216,19.0,19.0,0.0,1.0,0.0,17.0
2025-03-24,1,104,7.1538,8.53,8.53,0.0,0.47,0.05,16.0771
2025-03-24,1,105,13.4135,10.84,10.84,0.0,0.21,0.09,31.41
2025-03-24,1,106,9.9554,10.27,10.27,0.0,0.95,0.1,32.3129
2025-03-24,1,107,12.5192,8.0,8.0,0.0,2.0,1.0,49.0
2025-03-24,1,108,17.8846,21.0,21.0,0.0,2.0,0.0,48.0
2025-03-24,1,109,8.9423,14.0,14.0,0.0,0.0,0.0,22.0
2025-03-24,1,110,16.0961,12.21,12.21,0.0,0.0,0.1,32.3429
2025-03-24,1,111,8.9423,11.19,11.19,0.0,0.0,0.09,30.4086
2025-03-24,1,112,11.9862,9.0,9.0,0.0,1.0,0.0,24.0
2025-03-24,1,113,10.7308,13.0,13.0,0.0,1.0,0.0,70.0
2025-03-24,1,114,1.888,1.0,1.0,0.0,0.0,0.0,10.0
2025-03-24,1,115,8.9423,7.0,7.0,0.0,1.0,0.0,19.0
2025-03-24,1,116,18.686,15.0,15.0,0.0,0.0,0.0,47.0
2025-03-24,1,117,23.3575,17.0,17.0,0.0,1.0,0.0,46.0
2025-03-24,1,118,20.5546,25.0,25.0,0.0,1.0,1.0,56.0
2025-03-24,1,119,7.4744,6.0,6.0,0.0,1.0,0.0,17.0
2025-03-24,1,120,14.9488,15.0,15.0,0.0,0.0,0.0,27.0
2025-03-24,1,121,7.4744,8.0,8.0,0.0,0.0,0.0,44.0
2025-03-24,1,122,8.9423,3.0,3.0,0.0,0.0,0.0,31.0
2025-03-24,1,123,16.7199,12.0,12.0,0.0,3.0,0.0,68.0
2025-03-24,1,124,17.8346,21.0,21.0,0.0,1.0,0.0,36.0
2025-03-24,1,125,7.4311,6.0,6.0,0.0,1.0,0.0,33.0
2025-03-24,1,126,13.9333,9.0,9.0,0.0,2.0,0.0,34.0
2025-03-24,1,127,10.9714,9.73,9.73,0.0,1.67,0.1,31.5671
2025-03-24,1,128,9.1428,14.4,14.4,0.0,1.49,0.06,20.78
2025-03-24,1,129,4.5714,4.76,4.76,0.0,0.88,0.05,16.76
2025-03-24,1,130,3.7372,5.02,5.02,0.0,0.71,0.03,9.8943
2025-03-24,1,131,4.5713,5.0,5.0,0.0,0.0,0.0,17.0
2025-03-24,1,132,9.2361,11.0,11.0,0.0,0.0,0.0,33.0
2025-03-24,1,133,13.4135,20.0,20.0,0.0,0.0,0.0,37.0
2025-03-24,1,134,8.9423,7.0,7.0,0.0,0.0,0.0,18.0
2025-03-24,1,135,10.3788,14.0,14.0,0.0,0.0,0.0,46.0
2025-03-24,1,136,6.6929,4.0,4.0,0.0,0.0,0.0,23.0
2025-03-24,1,137,4.1267,6.0,6.0,0.0,0.0,0.0,23.0
2025-03-24,1,138,11.4736,19.0,19.0,0.0,0.0,0.0,20.0
2025-03-24,1,139,7.6491,8.0,8.0,0.0,0.0,0.0,14.0
2025-03-24,1,140,6.6929,9.0,9.0,0.0,0.0,1.0,25.0
2025-03-24,1,141,3.8245,5.0,2.0,3.0,0.0,0.0,0.0
2025-03-24,1,142,6.6929,6.0,6.0,0.0,0.0,0.0,30.0
2025-03-24,1,143,11.9215,8.0,3.0,5.0,0.0,0.0,0.0
2025-03-24,1,144,6.6929,5.0,5.0,0.0,0.0,0.0,45.0
2025-03-24,1,145,3.8245,2.0,2.0,0.0,0.0,0.0,18.0
2025-03-24,1,146,5.0091,6.0,6.0,0.0,0.0,0.0,23.0
2025-03-24,1,147,8.2284,11.0,11.0,0.0,0.0,1.0,21.0
2025-03-24,1,148,4.5713,6.0,6.0,0.0,0.0,1.0,26.0
2025-03-24,1,149,2.3318,1.0,1.0,0.0,0.0,1.0,10.0
2025-03-24,1,150,6.5401,5.0,5.0,0.0,0.0,0.0,7.0
2025-03-24,1,151,8.4087,6.0,6.0,0.0,0.0,0.0,14.0
2025-03-24,1,152,4.6715,4.0,4.0,0.0,0.0,0.0,27.0
2025-03-24,1,153,3.7372,2.0,2.0,0.0,0.0,0.0,8.0
2025-03-24,1,154,5.6058,2.82,2.82,0.0,0.0,0.07,22.7186
2025-03-24,1,155,2.8029,3.74,3.74,0.0,0.0,0.06,18.9386
2025-03-24,1,156,1.8686,3.24,3.24,0.0,0.0,0.02,7.8071
2025-03-24,1,157,3.7372,4.16,4.16,0.0,0.56,0.08,27.1914
2025-03-24,1,158,4.4712,3.0,3.0,0.0,0.0,0.0,12.0
2025-03-24,1,159,3.6571,2.29,2.29,0.0,0.36,0.04,12.2486
2025-03-24,1,160,5.6058,6.0,6.0,0.0,0.0,0.0,27.0
2025-03-25,1,101,22.3934,26.73,26.73,0.0,1.31,0.13,44.5671
2025-03-25,1,102,26.8721,20.0,20.0,0.0,2.0,1.0,117.0
2025-03-25,1,103,12.4794,11.0,11.0,0.0,1.0,0.0,41.0
2025-03-25,1,104,7.1659,8.17,8.17,0.0,1.25,0.13,42.5271
2025-03-25,1,105,13.4361,15.29,15.29,0.0,0.35,0.16,51.61
2025-03-25,1,106,9.8631,9.59,9.59,0.0,0.65,0.07,22.0029
2025-03-25,1,107,12.5403,10.0,10.0,0.0,2.0,0.0,37.0
2025-03-25,1,108,17.9147,22.0,22.0,0.0,1.0,0.0,25.0
2025-03-25,1,109,8.9574,14.0,14.0,0.0,0.0,0.0,28.0
2025-03-25,1,110,16.1233,16.69,16.69,0.0,0.0,0.23,75.4229
2025-03-25,1,111,8.9574,11.33,11.33,0.0,0.0,0.06,19.0186
2025-03-25,1,112,11.8099,13.0,13.0,0.0,2.0,0.0,41.0
2025-03-25,1,113,10.7488,8.0,8.0,0.0,1.0,0.0,61.0
2025-03-25,1,114,1.8513,3.0,3.0,0.0,0.0,0.0,7.0
2025-03-25,1,115,8.9574,10.0,10.0,0.0,1.0,0.0,32.0
2025-03-25,1,116,18.687,34.0,34.0,0.0,0.0,0.0,40.0
2025-03-25,1,117,23.3588,26.0,26.0,0.0,1.0,0.0,71.0
2025-03-25,1,118,20.5557,13.0,13.0,0.0,0.0,0.0,43.0
2025-03-25,1,119,7.4748,12.0,12.0,0.0,0.0,0.0,29.0
2025-03-25,1,120,14.9496,15.0,15.0,0.0,0.0,0.0,24.0
2025-03-25,1,121,7.4748,5.0,5.0,0.0,0.0,0.0,39.0
2025-03-25,1,122,8.9574,10.0,10.0,0.0,0.0,0.0,37.0
2025-03-25,1,123,16.7065,20.0,20.0,0.0,2.0,0.0,46.0
2025-03-25,1,124,17.8202,18.0,18.0,0.0,1.0,0.0,29.0
2025-03-25,1,125,7.4251,7.0,7.0,0.0,1.0,0.0,25.0
2025-03-25,1,126,13.9221,18.0,18.0,0.0,3.0,0.0,37.0
2025-03-25,1,127,10.9869,15.85,15.85,0.0,0.79,0.04,14.8871
2025-03-25,1,128,9.1558,15.69,15.69,0.0,0.34,0.01,4.74
2025-03-25,1,129,4.5779,7.01,7.01,0.0,0.49,0.03,9.23
2025-03-25,1,130,3.7374,5.81,5.81,0.0,0.27,0.01,3.8043
2025-03-25,1,131,4.5752,6.0,6.0,0.0,0.0,0.0,11.0
2025-03-25,1,132,9.0503,12.0,12.0,0.0,0.0,0.0,25.0
2025-03-25,1,133,13.4361,11.0,11.0,0.0,0.0,1.0,49.0
2025-03-25,1,134,8.9574,7.0,7.0,0.0,0.0,0.0,27.0
2025-03-25,1,135,10.1143,11.0,11.0,0.0,0.0,1.0,34.0
2025-03-25,1,136,6.6883,3.0,3.0,0.0,0.0,0.0,32.0
2025-03-25,1,137,3.9775,8.0,8.0,0.0,0.0,0.0,15.0
2025-03-25,1,138,11.4657,11.0,11.0,0.0,0.0,0.0,9.0
2025-03-25,1,139,7.6438,8.0,8.0,0.0,0.0,0.0,18.0
2025-03-25,1,140,6.6883,3.0,3.0,0.0,0.0,0.0,34.0
2025-03-25,1,141,3.8219,3.0,3.0,0.0,0.0,1.0,4.0
2025-03-25,1,142,6.6883,8.0,8.0,0.0,0.0,0.0,22.0
2025-03-25,1,143,12.0717,19.0,19.0,0.0,0.0,0.0,5.0
2025-03-25,1,144,6.6883,8.0,8.0,0.0,0.0,0.0,37.0
2025-03-25,1,145,3.8219,5.0,5.0,0.0,0.0,0.0,13.0
2025-03-25,1,146,4.8461,4.0,4.0,0.0,0.0,0.0,19.0
2025-03-25,1,147,8.2354,6.0,6.0,0.0,0.0,0.0,25.0
2025-03-25,1,148,4.5752,3.0,3.0,0.0,0.0,0.0,23.0
2025-03-25,1,149,2.1848,2.0,2.0,0.0,0.0,0.0,8.0
2025-03-25,1,150,6.5405,7.0,7.0,0.0,0.0,0.0,16.0
2025-03-25,1,151,8.4092,16.0,16.0,0.0,0.0,0.0,10.0
2025-03-25,1,152,4.6718,3.0,3.0,0.0,0.0,0.0,24.0
2025-03-25,1,153,3.7374,3.0,3.0,0.0,0.0,0.0,9.0
2025-03-25,1,154,5.6061,6.37,6.37,0.0,0.0,0.05,16.2986
2025-03-25,1,155,2.8031,3.22,3.22,0.0,0.0,0.05,15.6686
2025-03-25,1,156,1.8687,1.53,1.53,0.0,0.0,0.02,6.2571
2025-03-25,1,157,3.7374,5.78,5.78,0.0,0.43,0.06,20.9214
2025-03-25,1,158,4.4787,6.0,6.0,0.0,0.0,0.0,6.0
2025-03-25,1,159,3.6623,4.15,4.15,0.0,0.23,0.02,7.8486
2025-03-25,1,160,5.6061,3.0,3.0,0.0,1.0,0.0,23.0
2025-03-26,1,101,23.7509,28.97,28.97,0.0,2.5,0.26,84.8371
2025-03-26,1,102,28.5011,27.0,27.0,0.0,2.0,1.0,87.0
2025-03-26,1,103,13.1684,29.0,29.0,0.0,0.0,0.0,12.0
2025-03-26,1,104,7.6003,6.22,6.22,0.0,1.04,0.11,35.1571
2025-03-26,1,105,14.2505,10.86,10.86,0.0,0.27,0.12,40.36
2025-03-26,1,106,10.5344,8.4,8.4,0.0,0.96,0.1,32.5429
2025-03-26,1,107,13.3005,6.0,6.0,0.0,1.0,0.0,30.0
2025-03-26,1,108,19.0007,35.0,35.0,0.0,2.0,0.0,36.0
2025-03-26,1,109,9.5004,14.0,14.0,0.0,0.0,0.0,14.0
2025-03-26,1,110,17.1006,16.38,16.38,0.0,0.0,0.18,58.8629
2025-03-26,1,111,9.5004,11.52,11.52,0.0,0.0,0.08,27.4186
2025-03-26,1,112,12.6581,14.0,14.0,0.0,1.0,0.0,26.0
2025-03-26,1,113,11.4004,12.0,12.0,0.0,0.0,0.0,49.0
2025-03-26,1,114,2.0649,1.0,1.0,0.0,0.0,0.0,6.0
2025-03-26,1,115,9.5004,6.0,6.0,0.0,1.0,0.0,25.0
2025-03-26,1,116,19.7873,29.0,29.0,0.0,0.0,0.0,47.0
2025-03-26,1,117,24.7342,25.0,25.0,0.0,0.0,0.0,46.0
2025-03-26,1,118,21.7661,22.0,22.0,0.0,0.0,0.0,66.0
2025-03-26,1,119,7.9149,8.0,8.0,0.0,1.0,0.0,20.0
2025-03-26,1,120,15.8299,21.0,21.0,0.0,0.0,0.0,27.0
2025-03-26,1,121,7.9149,9.0,9.0,0.0,0.0,1.0,29.0
2025-03-26,1,122,9.5004,10.0,10.0,0.0,1.0,0.0,26.0
2025-03-26,1,123,17.675,15.0,15.0,0.0,1.0,0.0,30.0
2025-03-26,1,124,18.8533,17.0,17.0,0.0,2.0,0.0,34.0
2025-03-26,1,125,7.8555,6.0,6.0,0.0,1.0,0.0,18.0
2025-03-26,1,126,14.7292,15.0,15.0,0.0,3.0,0.0,43.0
2025-03-26,1,127,11.6497,5.95,5.95,0.0,1.45,0.08,27.4071
2025-03-26,1,128,9.7081,9.77,9.77,0.0,1.0,0.04,13.93
2025-03-26,1,129,4.854,4.06,4.06,0.0,0.76,0.04,14.37
2025-03-26,1,130,3.9575,2.69,2.69,0.0,1.07,0.05,14.9943
2025-03-26,1,131,4.8485,5.0,5.0,0.0,0.0,0.0,18.0
2025-03-26,1,132,9.7342,7.0,7.0,0.0,0.0,0.0,20.0
2025-03-26,1,133,14.2505,11.0,11.0,0.0,0.0,0.0,38.0
2025-03-26,1,134,9.5004,7.0,7.0,0.0,0.0,0.0,26.0
2025-03-26,1,135,10.9168,6.0,6.0,0.0,0.0,0.0,28.0
2025-03-26,1,136,7.0768,9.0,9.0,0.0,0.0,0.0,23.0
2025-03-26,1,137,4.3232,3.0,3.0,0.0,0.0,0.0,12.0
2025-03-26,1,138,12.1316,12.0,12.0,0.0,0.0,0.0,37.0
2025-03-26,1,139,8.0877,8.0,8.0,0.0,0.0,0.0,22.0
2025-03-26,1,140,7.0768,7.0,7.0,0.0,0.0,0.0,27.0
2025-03-26,1,141,4.0439,2.0,2.0,0.0,0.0,1.0,9.0
2025-03-26,1,142,7.0768,9.0,9.0,0.0,0.0,0.0,13.0
2025-03-26,1,143,12.5974,12.0,12.0,0.0,0.0,0.0,17.0
2025-03-26,1,144,7.0768,14.0,14.0,0.0,0.0,0.0,23.0
2025-03-26,1,145,4.0439,6.0,6.0,0.0,0.0,0.0,7.0
2025-03-26,1,146,5.287,4.0,4.0,0.0,0.0,0.0,15.0
2025-03-26,1,147,8.7273,8.0,8.0,0.0,0.0,0.0,17.0
2025-03-26,1,148,4.8485,7.0,7.0,0.0,0.0,0.0,16.0
2025-03-26,1,149,2.4146,5.0,5.0,0.0,0.0,0.0,9.0
2025-03-26,1,150,6.9256,6.0,6.0,0.0,0.0,0.0,18.0
2025-03-26,1,151,8.9043,6.0,6.0,0.0,0.0,0.0,16.0
2025-03-26,1,152,4.9468,3.0,3.0,0.0,0.0,0.0,21.0
2025-03-26,1,153,3.9575,4.0,4.0,0.0,0.0,0.0,9.0
2025-03-26,1,154,5.9362,4.09,4.09,0.0,0.0,0.04,12.1686
2025-03-26,1,155,2.9681,2.21,2.21,0.0,0.0,0.04,13.4186
2025-03-26,1,156,1.9787,2.23,2.23,0.0,0.0,0.01,4.0171
2025-03-26,1,157,3.9575,2.63,2.63,0.0,0.37,0.05,17.8714
2025-03-26,1,158,4.7502,3.0,3.0,0.0,0.0,0.0,15.0
2025-03-26,1,159,3.8832,4.99,4.99,0.0,0.37,0.04,12.4486
2025-03-26,1,160,5.9362,7.0,7.0,0.0,0.0,0.0,16.0
2025-03-27,1,101,25.1131,34.88,34.88,0.0,1.43,0.15,48.3771
2025-03-27,1,102,30.1357,45.0,45.0,0.0,1.0,0.0,41.0
2025-03-27,1,103,13.852,14.0,14.0,0.0,1.0,0.0,33.0
2025-03-27,1,104,8.0362,12.21,12.21,0.0,0.66,0.07,22.2171
2025-03-27,1,105,15.0679,11.26,11.26,0.0,0.31,0.14,46.65
2025-03-27,1,106,11.0942,7.74,7.74,0.0,0.71,0.07,24.0229
2025-03-27,1,107,14.0633,18.0,18.0,0.0,2.0,0.0,58.0
2025-03-27,1,108,20.0905,25.0,25.0,0.0,2.0,0.0,57.0
2025-03-27,1,109,10.0452,9.0,9.0,0.0,0.0,0.0,45.0
2025-03-27,1,110,18.0814,16.79,16.79,0.0,0.0,0.13,41.9429
2025-03-27,1,111,10.0452,6.47,6.47,0.0,0.0,0.06,20.8886
2025-03-27,1,112,13.304,2.0,2.0,0.0,2.0,0.0,54.0
2025-03-27,1,113,12.0543,11.0,11.0,0.0,0.0,0.0,38.0
2025-03-27,1,114,2.1965,2.0,2.0,0.0,0.0,0.0,16.0
2025-03-27,1,115,10.0452,10.0,10.0,0.0,1.0,0.0,26.0
2025-03-27,1,116,20.8877,18.0,18.0,0.0,1.0,1.0,54.0
2025-03-27,1,117,26.1097,16.0,16.0,0.0,1.0,0.0,81.0
2025-03-27,1,118,22.9765,28.0,28.0,0.0,1.0,0.0,37.0
2025-03-27,1,119,8.3551,19.0,19.0,0.0,0.0,0.0,19.0
2025-03-27,1,120,16.7102,30.0,30.0,0.0,0.0,0.0,21.0
2025-03-27,1,121,8.3551,8.0,8.0,0.0,0.0,0.0,21.0
2025-03-27,1,122,10.0452,10.0,10.0,0.0,0.0,0.0,16.0
2025-03-27,1,123,18.642,15.0,15.0,0.0,2.0,1.0,60.0
2025-03-27,1,124,19.8848,23.0,23.0,0.0,1.0,0.0,34.0
2025-03-27,1,125,8.2853,6.0,6.0,0.0,1.0,0.0,35.0
2025-03-27,1,126,15.535,11.0,11.0,0.0,3.0,0.0,29.0
2025-03-27,1,127,12.3144,14.13,14.13,0.0,1.66,0.09,31.5271
2025-03-27,1,128,10.262,8.11,8.11,0.0,1.72,0.07,24.03
2025-03-27,1,129,5.131,5.06,5.06,0.0,0.47,0.03,8.81
2025-03-27,1,130,4.1775,3.18,3.18,0.0,0.79,0.03,10.9943
2025-03-27,1,131,5.1223,2.0,2.0,0.0,0.0,0.0,16.0
2025-03-27,1,132,10.2105,9.0,9.0,0.0,0.0,0.0,21.0
2025-03-27,1,133,15.0679,17.0,17.0,0.0,0.0,0.0,33.0
2025-03-27,1,134,10.0452,11.0,11.0,0.0,0.0,0.0,23.0
2025-03-27,1,135,11.4281,7.0,7.0,0.0,0.0,0.0,30.0
2025-03-27,1,136,7.4646,8.0,8.0,0.0,0.0,0.0,15.0
2025-03-27,1,137,4.5076,5.0,5.0,0.0,0.0,0.0,7.0
2025-03-27,1,138,12.7965,10.0,10.0,0.0,0.0,0.0,27.0
2025-03-27,1,139,8.531,8.0,8.0,0.0,0.0,0.0,14.0
2025-03-27,1,140,7.4646,5.0,5.0,0.0,0.0,0.0,22.0
2025-03-27,1,141,4.2655,8.0,8.0,0.0,0.0,0.0,1.0
2025-03-27,1,142,7.4646,11.0,11.0,0.0,0.0,0.0,14.0
2025-03-27,1,143,13.3228,8.0,8.0,0.0,0.0,0.0,9.0
2025-03-27,1,144,7.4646,8.0,8.0,0.0,0.0,0.0,15.0
2025-03-27,1,145,4.2655,5.0,5.0,0.0,0.0,0.0,14.0
2025-03-27,1,146,5.5332,3.0,3.0,0.0,0.0,0.0,30.0
2025-03-27,1,147,9.2201,11.0,11.0,0.0,0.0,0.0,26.0
2025-03-27,1,148,5.1223,6.0,6.0,0.0,0.0,0.0,10.0
2025-03-27,1,149,2.4904,0.0,0.0,0.0,0.0,0.0,9.0
2025-03-27,1,150,7.3107,10.0,10.0,0.0,0.0,0.0,12.0
2025-03-27,1,151,9.3995,14.0,14.0,0.0,0.0,0.0,10.0
2025-03-27,1,152,5.2219,5.0,5.0,0.0,0.0,0.0,16.0
2025-03-27,1,153,4.1775,2.0,2.0,0.0,0.0,0.0,11.0
2025-03-27,1,154,6.2663,8.17,8.17,0.0,0.0,0.07,23.9286
2025-03-27,1,155,3.1332,2.97,2.97,0.0,0.0,0.03,10.4186
2025-03-27,1,156,2.0888,1.24,1.24,0.0,0.0,0.07,22.7071
2025-03-27,1,157,4.1775,5.6,5.6,0.0,0.25,0.04,11.9814
2025-03-27,1,158,5.0226,8.0,8.0,0.0,0.0,0.0,7.0
2025-03-27,1,159,4.1048,7.15,7.15,0.0,0.15,0.02,5.1286
2025-03-27,1,160,6.2663,5.0,5.0,0.0,0.0,0.0,11.0
2025-03-28,1,101,29.1282,26.62,26.62,0.0,2.68,0.27,90.8071
2025-03-28,1,102,34.9538,24.0,24.0,0.0,2.0,0.0,111.0
2025-03-28,1,103,15.9832,16.0,16.0,0.0,1.0,0.0,40.0
2025-03-28,1,104,9.321,6.99,6.99,0.0,0.95,0.1,32.1771
2025-03-28,1,105,17.4769,14.14,14.14,0.0,0.34,0.15,50.02
2025-03-28,1,106,13.4065,15.15,15.15,0.0,0.82,0.08,27.9729
2025-03-28,1,107,16.3118,17.0,17.0,0.0,1.0,0.0,40.0
2025-03-28,1,108,23.3025,33.0,33.0,0.0,3.0,1.0,68.0
2025-03-28,1,109,11.6513,14.0,14.0,0.0,0.0,0.0,31.0
2025-03-28,1,110,20.9723,24.96,24.96,0.0,0.0,0.17,56.8129
2025-03-28,1,111,11.6513,13.0,13.0,0.0,0.0,0.08,27.8086
2025-03-28,1,112,16.4098,20.0,20.0,0.0,1.0,0.0,33.0
2025-03-28,1,113,13.9815,22.0,22.0,0.0,0.0,0.0,16.0
2025-03-28,1,114,3.0673,4.0,4.0,0.0,0.0,0.0,12.0
2025-03-28,1,115,11.6513,9.0,9.0,0.0,1.0,0.0,28.0
2025-03-28,1,116,24.1871,33.0,33.0,0.0,1.0,0.0,38.0
2025-03-28,1,117,30.2339,35.0,35.0,0.0,1.0,0.0,45.0
2025-03-28,1,118,26.6058,33.0,33.0,0.0,1.0,0.0,48.0
2025-03-28,1,119,9.6748,13.0,13.0,0.0,0.0,0.0,24.0
2025-03-28,1,120,19.3497,15.0,15.0,0.0,0.0,0.0,42.0
2025-03-28,1,121,9.6748,12.0,12.0,0.0,0.0,0.0,27.0
2025-03-28,1,122,11.6513,8.0,8.0,0.0,0.0,0.0,24.0
2025-03-28,1,123,21.5681,15.0,15.0,0.0,2.0,0.0,43.0
2025-03-28,1,124,23.006,23.0,23.0,0.0,1.0,0.0,34.0
2025-03-28,1,125,9.5858,4.0,4.0,0.0,1.0,0.0,30.0
2025-03-28,1,126,17.9734,25.0,25.0,0.0,1.0,0.0,27.0
2025-03-28,1,127,14.279,16.13,16.13,0.0,0.77,0.04,14.5871
2025-03-28,1,128,11.8992,7.77,7.77,0.0,1.75,0.07,24.44
2025-03-28,1,129,5.9496,3.36,3.36,0.0,0.77,0.04,14.64
2025-03-28,1,130,4.8374,4.61,4.61,0.0,1.09,0.05,15.2443
2025-03-28,1,131,5.9362,7.0,7.0,0.0,0.0,0.0,21.0
2025-03-28,1,132,12.855,13.0,13.0,0.0,0.0,0.0,22.0
2025-03-28,1,133,17.4769,22.0,22.0,0.0,0.0,0.0,27.0
2025-03-28,1,134,11.6513,7.0,7.0,0.0,0.0,0.0,26.0
2025-03-28,1,135,14.6859,20.0,20.0,0.0,0.0,0.0,23.0
2025-03-28,1,136,8.6371,17.0,17.0,0.0,0.0,0.0,4.0
2025-03-28,1,137,6.0351,2.0,2.0,0.0,0.0,1.0,16.0
2025-03-28,1,138,14.8064,8.0,8.0,0.0,0.0,1.0,38.0
2025-03-28,1,139,9.871,4.0,4.0,0.0,0.0,0.0,22.0
2025-03-28,1,140,8.6371,4.0,4.0,0.0,0.0,0.0,30.0
2025-03-28,1,141,4.9355,5.0,1.0,4.0,0.0,0.0,0.0
2025-03-28,1,142,8.6371,8.0,8.0,0.0,0.0,0.0,18.0
2025-03-28,1,143,14.4465,11.0,11.0,0.0,0.0,0.0,22.0
2025-03-28,1,144,8.6371,11.0,11.0,0.0,0.0,0.0,16.0
2025-03-28,1,145,4.9355,7.0,7.0,0.0,0.0,0.0,7.0
2025-03-28,1,146,7.4359,20.0,20.0,0.0,0.0,0.0,10.0
2025-03-28,1,147,10.6852,17.0,17.0,0.0,0.0,0.0,9.0
2025-03-28,1,148,5.9362,7.0,7.0,0.0,0.0,0.0,15.0
2025-03-28,1,149,3.6911,1.0,1.0,0.0,0.0,0.0,8.0
2025-03-28,1,150,8.4655,9.0,9.0,0.0,0.0,0.0,11.0
2025-03-28,1,151,10.8842,15.0,15.0,0.0,0.0,0.0,15.0
2025-03-28,1,152,6.0468,8.0,8.0,0.0,0.0,0.0,20.0
2025-03-28,1,153,4.8374,1.0,1.0,0.0,0.0,0.0,14.0
2025-03-28,1,154,7.2561,5.92,5.92,0.0,0.0,0.05,17.9586
2025-03-28,1,155,3.6281,4.59,4.59,0.0,0.0,0.02,5.8086
2025-03-28,1,156,2.4187,1.89,1.89,0.0,0.0,0.06,20.7571
2025-03-28,1,157,4.8374,5.42,5.42,0.0,0.13,0.02,6.4114
2025-03-28,1,158,5.8256,5.0,5.0,0.0,1.0,0.0,13.0
2025-03-28,1,159,4.7597,2.59,2.59,0.0,0.36,0.04,12.1386
2025-03-28,1,160,7.2561,5.0,5.0,0.0,1.0,1.0,16.0
2025-03-29,1,101,34.4835,48.7,48.7,0.0,2.23,0.23,75.6471
2025-03-29,1,102,41.3802,48.0,48.0,0.0,2.0,0.0,61.0
2025-03-29,1,103,18.8225,15.0,15.0,0.0,1.0,0.0,36.0
2025-03-29,1,104,11.0347,8.52,8.52,0.0,0.68,0.07,22.9071
2025-03-29,1,105,20.6901,31.11,31.11,0.0,0.25,0.11,36.55
2025-03-29,1,106,16.2731,21.35,21.35,0.0,0.76,0.08,25.7829
2025-03-29,1,107,19.3107,21.0,21.0,0.0,2.0,0.0,65.0
2025-03-29,1,108,27.5868,30.0,30.0,0.0,3.0,0.0,83.0
2025-03-29,1,109,13.7934,14.0,14.0,0.0,1.0,0.0,36.0
2025-03-29,1,110,24.8281,21.61,21.61,0.0,0.0,0.23,74.9729
2025-03-29,1,111,13.7934,16.79,16.79,0.0,0.0,0.09,30.9286
2025-03-29,1,112,20.1692,18.0,18.0,0.0,2.0,0.0,37.0
2025-03-29,1,113,16.5521,24.0,24.0,0.0,1.0,0.0,91.0
2025-03-29,1,114,4.0995,4.0,4.0,0.0,0.0,0.0,8.0
2025-03-29,1,115,13.7934,12.0,12.0,0.0,1.0,0.0,27.0
2025-03-29,1,116,28.5863,34.0,34.0,0.0,1.0,0.0,39.0
2025-03-29,1,117,35.7329,31.0,31.0,0.0,1.0,1.0,64.0
2025-03-29,1,118,31.4449,30.0,30.0,0.0,0.0,0.0,63.0
2025-03-29,1,119,11.4345,21.0,21.0,0.0,0.0,0.0,15.0
2025-03-29,1,120,22.869,23.0,23.0,0.0,0.0,0.0,31.0
2025-03-29,1,121,11.4345,13.0,13.0,0.0,0.0,0.0,32.0
2025-03-29,1,122,13.7934,19.0,19.0,0.0,0.0,1.0,20.0
2025-03-29,1,123,25.4692,26.0,26.0,0.0,2.0,0.0,51.0
2025-03-29,1,124,27.1672,33.0,33.0,0.0,1.0,0.0,24.0
2025-03-29,1,125,11.3197,10.0,10.0,0.0,1.0,0.0,19.0
2025-03-29,1,126,21.2244,21.0,21.0,0.0,4.0,0.0,50.0
2025-03-29,1,127,16.8993,14.38,14.38,0.0,1.51,0.09,28.6071
2025-03-29,1,128,14.0828,14.49,14.49,0.0,2.0,0.08,27.87
2025-03-29,1,129,7.0414,6.42,6.42,0.0,0.91,0.05,17.26
2025-03-29,1,130,5.7173,7.76,7.76,0.0,0.5,0.02,6.9643
2025-03-29,1,131,7.0216,7.0,7.0,0.0,0.0,0.0,14.0
2025-03-29,1,132,15.9988,19.0,19.0,0.0,0.0,0.0,13.0
2025-03-29,1,133,20.6901,25.0,25.0,0.0,0.0,0.0,14.0
2025-03-29,1,134,13.7934,22.0,22.0,0.0,0.0,0.0,14.0
2025-03-29,1,135,18.5072,28.0,28.0,0.0,0.0,0.0,4.0
2025-03-29,1,136,10.2001,7.0,7.0,0.0,0.0,0.0,9.0
2025-03-29,1,137,7.798,12.0,12.0,0.0,0.0,0.0,4.0
2025-03-29,1,138,17.4859,15.0,15.0,0.0,0.0,0.0,43.0
2025-03-29,1,139,11.6573,17.0,17.0,0.0,0.0,0.0,17.0
2025-03-29,1,140,10.2001,5.0,5.0,0.0,0.0,0.0,25.0
2025-03-29,1,141,5.8286,9.0,8.0,1.0,0.0,0.0,0.0
2025-03-29,1,142,10.2001,8.0,8.0,0.0,0.0,0.0,22.0
2025-03-29,1,143,16.3762,9.0,9.0,0.0,0.0,0.0,13.0
2025-03-29,1,144,10.2001,7.0,7.0,0.0,0.0,1.0,20.0
2025-03-29,1,145,5.8286,9.0,9.0,0.0,0.0,0.0,10.0
2025-03-29,1,146,9.6439,6.0,6.0,0.0,0.0,0.0,4.0
2025-03-29,1,147,12.6389,10.0,10.0,0.0,0.0,0.0,9.0
2025-03-29,1,148,7.0216,11.0,11.0,0.0,0.0,0.0,4.0
2025-03-29,1,149,5.0726,4.0,4.0,0.0,0.0,0.0,10.0
2025-03-29,1,150,10.0052,9.0,9.0,0.0,0.0,0.0,10.0
2025-03-29,1,151,12.8638,17.0,17.0,0.0,0.0,0.0,6.0
2025-03-29,1,152,7.1466,4.0,4.0,0.0,0.0,0.0,16.0
2025-03-29,1,153,5.7173,4.0,4.0,0.0,0.0,0.0,14.0
2025-03-29,1,154,8.5759,6.75,6.75,0.0,0.0,0.09,31.1186
2025-03-29,1,155,4.2879,3.49,3.49,0.0,0.0,0.07,22.2486
2025-03-29,1,156,2.8586,2.53,2.53,0.0,0.0,0.05,18.1771
2025-03-29,1,157,5.7173,2.28,2.28,0.0,0.48,0.07,23.5814
2025-03-29,1,158,6.8967,4.0,4.0,0.0,1.0,0.0,20.0
2025-03-29,1,159,5.6331,3.97,3.97,0.0,0.52,0.05,17.5986
2025-03-29,1,160,8.5759,13.0,13.0,0.0,0.0,0.0,15.0
2025-03-30,1,101,27.9002,27.18,27.18,0.0,2.41,0.25,81.8071
2025-03-30,1,102,33.4803,36.0,36.0,0.0,2.0,0.0,95.0
2025-03-30,1,103,15.1485,16.0,16.0,0.0,1.0,0.0,31.0
2025-03-30,1,104,8.9281,8.58,8.58,0.0,0.92,0.09,31.3171
2025-03-30,1,105,16.7401,10.07,10.07,0.0,0.42,0.19,61.87
2025-03-30,1,106,12.7645,9.01,9.01,0.0,1.05,0.11,35.6129
2025-03-30,1,107,15.6241,22.0,22.0,0.0,1.0,0.0,42.0
2025-03-30,1,108,22.3202,17.0,17.0,0.0,3.0,0.0,63.0
2025-03-30,1,109,11.1601,6.0,6.0,0.0,0.0,0.0,30.0
2025-03-30,1,110,20.0882,31.96,31.96,0.0,0.0,0.13,42.8829
2025-03-30,1,111,11.1601,9.59,9.59,0.0,0.0,0.06,21.2786
2025-03-30,1,112,15.5772,18.0,18.0,0.0,2.0,0.0,41.0
2025-03-30,1,113,13.3921,10.0,10.0,0.0,1.0,0.0,80.0
2025-03-30,1,114,2.9921,1.0,1.0,0.0,1.0,0.0,18.0
2025-03-30,1,115,11.1601,8.0,8.0,0.0,0.0,0.0,31.0
2025-03-30,1,116,23.0902,23.0,23.0,0.0,0.0,1.0,51.0
2025-03-30,1,117,28.8627,20.0,20.0,0.0,1.0,0.0,75.0
2025-03-30,1,118,25.3992,27.0,27.0,0.0,1.0,0.0,50.0
2025-03-30,1,119,9.2361,10.0,10.0,0.0,0.0,0.0,29.0
2025-03-30,1,120,18.4721,15.0,15.0,0.0,0.0,1.0,39.0
2025-03-30,1,121,9.2361,9.0,9.0,0.0,0.0,0.0,23.0
2025-03-30,1,122,11.1601,16.0,16.0,0.0,0.0,1.0,19.0
2025-03-30,1,123,20.5549,19.0,19.0,0.0,2.0,0.0,54.0
2025-03-30,1,124,21.9252,30.0,30.0,0.0,1.0,0.0,29.0
2025-03-30,1,125,9.1355,11.0,11.0,0.0,2.0,0.0,30.0
2025-03-30,1,126,17.1291,8.0,8.0,0.0,3.0,0.0,39.0
2025-03-30,1,127,13.6689,9.01,9.01,0.0,2.48,0.14,46.9771
2025-03-30,1,128,11.3908,13.03,13.03,0.0,1.66,0.07,23.11
2025-03-30,1,129,5.6954,4.87,4.87,0.0,1.12,0.06,21.21
2025-03-30,1,130,4.618,5.54,5.54,0.0,0.76,0.03,10.6343
2025-03-30,1,131,5.6763,9.0,9.0,0.0,0.0,0.0,17.0
2025-03-30,1,132,12.1662,19.0,19.0,0.0,0.0,0.0,16.0
2025-03-30,1,133,16.7401,20.0,20.0,0.0,0.0,0.0,18.0
2025-03-30,1,134,11.1601,9.0,9.0,0.0,0.0,0.0,19.0
2025-03-30,1,135,13.8574,15.0,15.0,0.0,0.0,0.0,13.0
2025-03-30,1,136,8.2326,8.0,8.0,0.0,0.0,0.0,13.0
2025-03-30,1,137,5.6605,7.0,7.0,0.0,0.0,1.0,12.0
2025-03-30,1,138,14.113,10.0,10.0,0.0,0.0,0.0,33.0
2025-03-30,1,139,9.4086,6.0,6.0,0.0,0.0,0.0,11.0
2025-03-30,1,140,8.2326,6.0,6.0,0.0,0.0,0.0,31.0
2025-03-30,1,141,4.7043,4.0,4.0,0.0,0.0,0.0,4.0
2025-03-30,1,142,8.2326,5.0,5.0,0.0,0.0,0.0,29.0
2025-03-30,1,143,13.798,15.0,15.0,0.0,0.0,0.0,22.0
2025-03-30,1,144,8.2326,11.0,11.0,0.0,0.0,1.0,20.0
2025-03-30,1,145,4.7043,5.0,5.0,0.0,0.0,0.0,5.0
2025-03-30,1,146,7.0267,4.0,4.0,0.0,0.0,0.0,12.0
2025-03-30,1,147,10.2173,13.0,13.0,0.0,0.0,0.0,16.0
2025-03-30,1,148,5.6763,2.0,2.0,0.0,0.0,0.0,14.0
2025-03-30,1,149,3.4047,1.0,1.0,0.0,0.0,0.0,15.0
2025-03-30,1,150,8.0816,13.0,13.0,0.0,0.0,0.0,5.0
2025-03-30,1,151,10.3906,10.0,10.0,0.0,0.0,0.0,12.0
2025-03-30,1,152,5.7725,9.0,9.0,0.0,0.0,0.0,19.0
2025-03-30,1,153,4.618,4.0,4.0,0.0,0.0,0.0,10.0
2025-03-30,1,154,6.927,6.01,6.01,0.0,0.0,0.08,25.0286
2025-03-30,1,155,3.4635,3.26,3.26,0.0,0.0,0.06,18.9286
2025-03-30,1,156,2.309,3.46,3.46,0.0,0.0,0.04,14.6771
2025-03-30,1,157,4.618,3.67,3.67,0.0,0.4,0.06,19.4514
2025-03-30,1,158,5.58,4.0,4.0,0.0,0.0,0.0,16.0
2025-03-30,1,159,4.5563,3.81,3.81,0.0,0.39,0.04,13.3586
2025-03-30,1,160,6.927,14.0,14.0,0.0,0.0,0.0,13.0
2025-03-31,1,101,22.6251,26.58,26.58,0.0,1.58,0.16,53.4871
2025-03-31,1,102,27.1502,30.0,30.0,0.0,1.0,0.0,64.0
2025-03-31,1,103,12.2188,4.0,4.0,0.0,1.0,0.0,50.0
2025-03-31,1,104,11.5841,10.17,10.17,0.0,0.6,0.06,20.4871
2025-03-31,1,105,21.7201,40.65,40.65,0.0,0.14,0.06,21.02
2025-03-31,1,106,10.2686,10.14,10.14,0.0,0.73,0.07,24.6729
2025-03-31,1,107,12.6701,11.0,11.0,0.0,1.0,0.0,30.0
2025-03-31,1,108,18.1001,16.0,16.0,0.0,2.0,1.0,44.0
2025-03-31,1,109,9.0501,5.0,5.0,0.0,0.0,0.0,25.0
2025-03-31,1,110,16.2901,16.97,16.97,0.0,0.0,0.08,25.8329
2025-03-31,1,111,9.0501,9.03,9.03,0.0,0.0,0.1,32.1486
2025-03-31,1,112,12.4814,8.0,8.0,0.0,2.0,0.0,31.0
2025-03-31,1,113,10.8601,11.0,11.0,0.0,1.0,0.0,68.0
2025-03-31,1,114,2.3989,2.0,2.0,0.0,1.0,0.0,15.0
2025-03-31,1,115,9.0501,5.0,5.0,0.0,1.0,1.0,24.0
2025-03-31,1,116,18.693,16.0,16.0,0.0,0.0,0.0,35.0
2025-03-31,1,117,23.3663,23.0,23.0,0.0,1.0,0.0,51.0
2025-03-31,1,118,20.5623,15.0,15.0,0.0,0.0,0.0,65.0
2025-03-31,1,119,7.4772,5.0,5.0,0.0,0.0,0.0,24.0
2025-03-31,1,120,9.3465,6.0,6.0,0.0,0.0,0.0,33.0
2025-03-31,1,121,7.4772,8.0,8.0,0.0,0.0,0.0,15.0
2025-03-31,1,122,9.0501,17.0,17.0,0.0,0.0,0.0,10.0
2025-03-31,1,123,16.6265,9.0,9.0,0.0,2.0,0.0,43.0
2025-03-31,1,124,11.0843,10.0,10.0,0.0,1.0,0.0,18.0
2025-03-31,1,125,7.3895,13.0,13.0,0.0,1.0,0.0,16.0
2025-03-31,1,126,13.8554,13.0,13.0,0.0,1.0,0.0,25.0
2025-03-31,1,127,11.0812,8.73,8.73,0.0,1.91,0.11,36.2271
2025-03-31,1,128,9.2343,6.72,6.72,0.0,1.76,0.07,24.56
2025-03-31,1,129,4.6172,6.41,6.41,0.0,0.74,0.04,14.02
2025-03-31,1,130,3.7386,4.06,4.06,0.0,0.77,0.03,10.7743
2025-03-31,1,131,4.5991,4.0,4.0,0.0,0.0,0.0,13.0
2025-03-31,1,132,9.7094,6.0,6.0,0.0,0.0,0.0,28.0
2025-03-31,1,133,13.5751,17.0,17.0,0.0,0.0,0.0,21.0
2025-03-31,1,134,9.0501,7.0,7.0,0.0,0.0,0.0,20.0
2025-03-31,1,135,11.0148,21.0,21.0,0.0,0.0,0.0,18.0
2025-03-31,1,136,6.6596,4.0,4.0,0.0,0.0,0.0,27.0
2025-03-31,1,137,4.4636,1.0,1.0,0.0,0.0,0.0,15.0
2025-03-31,1,138,11.4164,14.0,14.0,0.0,0.0,0.0,39.0
2025-03-31,1,139,7.6109,10.0,10.0,0.0,0.0,0.0,13.0
2025-03-31,1,140,10.6553,8.0,8.0,0.0,0.0,1.0,34.0
2025-03-31,1,141,3.8055,2.0,2.0,0.0,0.0,0.0,2.0
2025-03-31,1,142,6.6596,2.0,2.0,0.0,0.0,0.0,39.0
2025-03-31,1,143,11.2564,12.0,12.0,0.0,0.0,0.0,10.0
2025-03-31,1,144,6.6596,10.0,10.0,0.0,0.0,0.0,34.0
2025-03-31,1,145,3.8055,1.0,1.0,0.0,0.0,0.0,16.0
2025-03-31,1,146,5.5615,9.0,9.0,0.0,0.0,0.0,33.0
2025-03-31,1,147,8.2785,9.0,9.0,0.0,0.0,0.0,27.0
2025-03-31,1,148,7.3586,9.0,9.0,0.0,0.0,0.0,17.0
2025-03-31,1,149,2.6293,2.0,2.0,0.0,0.0,0.0,13.0
2025-03-31,1,150,10.4681,4.0,4.0,0.0,0.0,0.0,13.0
2025-03-31,1,151,8.4119,16.0,16.0,0.0,0.0,0.0,12.0
2025-03-31,1,152,4.6733,6.0,6.0,0.0,0.0,0.0,25.0
2025-03-31,1,153,3.7386,6.0,6.0,0.0,0.0,0.0,4.0
2025-03-31,1,154,5.6079,3.97,3.97,0.0,0.0,0.06,20.9986
2025-03-31,1,155,2.804,2.41,2.41,0.0,0.0,0.05,16.4686
2025-03-31,1,156,1.8693,1.29,1.29,0.0,0.0,0.04,13.3471
2025-03-31,1,157,3.7386,3.1,3.1,0.0,0.33,0.05,15.9714
2025-03-31,1,158,4.525,3.0,3.0,0.0,1.0,0.0,12.0
2025-03-31,1,159,3.6937,4.82,4.82,0.0,0.39,0.04,13.1086
2025-03-31,1,160,5.6079,6.0,6.0,0.0,0.0,0.0,7.0
