id,gtin,name,category,unit,unit_price,supplier_id,base_demand,shelf_life_days,unit_weight_kg,case_pack,family,size,case_length_cm,case_width_cm,case_height_cm
101,0702010001014,Banana,produce,kg,1.49,201,25,7,1.0,18,,,50.5,33.5,27.0
102,0702110001020,Cucumber,produce,count,0.79,211,30,10,0.3,24,,,37.5,25.0,20.0
103,0702110001037,Cauliflour,produce,count,2.99,211,12,10,0.6,12,,,37.5,25.0,20.0
104,0702010001045,Organic Banana,produce,kg,1.99,201,8,7,1.0,18,,,50.5,33.5,27.0
105,0702110001051,Gala Apple,produce,kg,3.49,211,15,30,1.0,18,,,50.5,33.5,27.0
106,0702010001069,Tomato,produce,lbs,3.99,201,12,7,1.0,10,,,41.5,27.5,22.0
107,0702110001075,Iceberg Lettuce,produce,count,1.89,211,14,7,0.7,24,,,49.5,33.0,26.5
108,0702010001083,Avocado,produce,liter,1.25,201,20,5,0.2,48,,,41.0,27.5,22.0
109,0702110001099,Carrots 2 lb Bag,produce,count,1.99,211,10,21,0.9,20,,,50.5,33.5,27.0
110,0702110001105,Potato,produce,KG,1.29,211,18,45,1.0,20,,,52.5,35.0,28.0
111,0702110001112,Yellow Onion,produce,kg,1.59,211,10,45,1.0,20,,,52.5,35.0,28.0
112,0702010001120,Strawberries 1 lb,produce,count,3.99,201,15,5,0.45,8,,,29.5,19.5,16.0
113,0702010001137,Lemon,produce,count,0.69,201,12,21,0.1,100,,,41.5,27.5,22.0
114,0702010001144,Watermelon,produce,count,5.99,201,5,14,7.0,4,,,23.0,15.4,12.4
115,0702010001151,Bluberries 6 oz,produce,count,3.49,201,10,7,0.17,12,,,24.5,16.5,13.0
116,0702020001165,Whole Milk 1/2 gal,dairy,count,2.49,202,20,14,1.9,9,whole milk,0.5,39.5,26.5,21.0
117,0702020001172,Whole Milk 1 gal,dairy,count,3.79,202,25,14,3.9,4,whole milk,1.0,38.5,25.5,20.5
118,0702020001189,Large Eggs 12 ct,dairy,count,3.29,202,22,30,0.7,15,,,33.5,22.5,18.0
119,0702020001196,Greek Yogurt 32 oz,dairy,count,5.49,202,8,21,0.9,6,,,27.0,18.0,14.5
120,0702020001202,Cheddar Cheese 8 oz,dairy,count,-3.99,202,10,60,0.23,12,,,21.5,14.5,11.5
121,0702020001219,Salted Butter 1 lb,dairy,count,4.99,202,8,90,0.45,18,,,31.0,20.5,16.5
122,0702060001224,Orange Juice 52 oz,beverages,count,4.29,206,10,21,1.6,8,,,36.0,24.0,19.0
123,0702030001230,White Bread,bakery,count,2.99,203,18,5,0.6,12,,,45.5,30.0,24.0
124,0702030001240,Whole Wheat Bread,bakery,count,3.49,203,12,5,0.6,12,,,45.5,30.0,24.0
125,0702030001254,Bagels 6 ct,bakery,count,3.99,203,8,5,0.5,12,,,42.5,28.5,23.0
126,0702030001261,Croissant,bakery,count,N/A,203,15,3,0.07,24,,,28.0,18.5,15.0
127,0702040001275,Chicken Breast,meat,kg,8.99,204,12,4,1.0,10,,,34.5,23.0,18.5
128,0702040001282,Ground Beef,meat,kg,10.99,204,10,3,1.0,10,,,34.5,23.0,18.5
129,0702040001299,Pork Chops,meat,kg,9.49,204,5,4,1.0,10,,,34.5,23.0,18.5
130,0702050001302,Atlantic Salmon,seafood,kg,21.99,205,4,3,1.0,5,,,27.0,18.0,14.5
131,0702050001319,Frozen Shrimp 1 lb,frozen,count,9.99,502,5,180,0.45,12,,,31.0,20.5,16.5
132,0702060001323,Sparkling Water 12 pk,beverages,count,5.99,206,12,365,4.5,2,,,12.6,8.3,6.7
133,0702060001330,Cola 6 pk,beverages,count,3.99,206,15,270,2.3,4,cola cans,6.0,32.0,21.5,17.0
134,0702060001347,Cola 12 pk,beverages,count,6.99,206,10,270,4.6,2,cola cans,12.0,32.0,21.5,17.0
135,0702060001354,Bottled Water 24 pk,beverages,count,4.99,206,14,365,12.5,1,,,14.0,9.3,7.5
136,0702070001368,Ground Coffee 12 oz,pantry,count,8.99,283,7,180,0.34,6,,,22.0,15.0,12.0
137,0702060001378,Iced Tea 1 gal,beverages,count,3.29,206,6,120,3.9,4,,,38.5,25.5,20.5
138,0702070001382,Spaghetti 1 lb,pantry,count,1.49,207,12,730,0.45,20,,,36.5,24.5,19.5
139,0702070001399,Marinara Sauce 24 oz,pantry,count,"2,99",207,8,540,0.8,12,,,37.5,25.0,20.0
140,0702070001405,Long Grain Rice 2 lb,pantry,count,2.79,207,7,730,0.9,12,rice,2.0,39.0,26.0,20.5
141,0702070001412,Long Grain Rice 5 lb,pantry,count,2.59,207,4,730,2.3,8,rice,5.0,46.5,31.0,24.5
142,0702070001429,Peanut Butter 16 oz,Heartland Pantry,count,3.49,207,7,365,0.45,12,,,31.0,20.5,16.5
143,0702070001436,Tomato Soup,pantry,count,1.19,207,10,730,0.3,24,,,34.0,22.5,18.0
144,0702070001443,Corn Flakes 18 oz,pantry,count,4.29,207,7,365,0.5,12,,,32.0,21.0,17.0
145,0702070001450,Olive Oil 1 L,pantry,count,9.99,207,4,540,0.95,12,,,39.5,26.5,21.0
146,0702080001464,Vanilla Ice Cream 1.5 qt,frozen,count,4.99,208,8,365,1.3,6,,,35.0,23.0,18.5
147,0702080001471,Frozen Pizza,frozen,count,5.99,208,9,270,0.6,17,,,32.0,21.0,10.0
148,0702080001488,Frozen Peas 16 oz,frozen,count,1.99,208,5,365,0.45,12,,,31.0,20.5,16.5
149,0702080001495,Ice Cubes 7 lb,frozen,count,2.99,208,4,365,3.2,6,,,47.0,31.5,25.0
150,0702090001508,Paper Towels 6 rolls,household,count,8.99,209,7,1825,1.2,4,,,14.8,9.8,7.9
151,0702090001515,Toilet Paper 12 rolls,household,count,9.99,209,9,1825,1.5,4,,,15.7,10.6,8.5
152,0702090001522,Dish Soap 20 oz,household,count,2.99,209,5,9999,0.65,12,,,44.0,29.0,23.5
153,0702090001539,Laundry Detergent 100 oz,household,count,12.99,209,4,1095,3.2,28,,,51.5,34.5,4.0
154,0702100001542,Refill Laundry Detergent,refill,liter,3.99,210,6,365,1.05,20,,,41.0,27.0,22.0
155,0702100001559,Refill Dish Soap,refill,liter,3.49,210,3,365,1.03,20,,,40.5,27.0,21.5
156,0702100001566,Refill Olive Oil,refill,liter,11.99,210,2,540,0.92,10,,,31.0,20.5,16.5
157,0702100001573,Refill Oat Milk,refill,liter,2.99,210,4,10,1.03,20,,,40.5,27.0,21.5
158,0702110001587,Fresh Basil,,count,2.49,211,5,5,0.03,12,,,13.5,9.0,7.5
159,0702040001596,Sliced Deli Turkey,meat,kg,12.99,204,4,7,1.0,5,,,27.0,18.0,14.5
160,0702120001607,Hummus 10 oz,dairy,count,3.99,212,6,30,0.28,12,,,23.0,15.5,12.0
161,0702010001014,Bananas,produce,kg,1.49,201,25,7,1.0,18,,,50.5,33.5,27.0
162,0702010001625,Organic Bananas,produce,kg,1.99,201,8,7,1.0,18,,,50.5,33.5,27.0
163,0702020001639,Whole Milk Gallon,dairy,count,3.79,202,25,14,3.9,4,whole milk,1.0,38.5,25.5,20.5
150,0702090001508,Paper Towels 8 rolls,household,count,11.49,209,7,1825,1.2,4,,,14.8,9.8,7.9
