date,store_id,product_id,quantity,unit_price,promo
2025-08-15,7,101,39.85,1.49,False
2025-08-15,7,102,60.0,0.79,False
2025-08-15,7,103,18.0,2.99,False
2025-08-15,7,104,11.91,1.99,False
2025-08-15,7,105,19.29,3.49,False
2025-08-15,7,106,20.15,3.99,False
2025-08-15,7,107,18.0,1.89,False
2025-08-15,7,108,23.0,1.25,False
2025-08-15,7,109,12.0,1.99,False
2025-08-15,7,110,16.6,1.29,False
2025-08-15,7,111,18.87,1.59,False
2025-08-15,7,112,28.0,3.99,False
2025-08-15,7,113,18.0,0.69,False
2025-08-15,7,114,18.0,5.99,False
2025-08-15,7,115,9.0,3.49,False
2025-08-15,7,116,15.0,2.49,False
2025-08-15,7,117,29.0,3.79,False
2025-08-15,7,118,28.0,3.29,False
2025-08-15,7,119,7.0,5.49,False
2025-08-15,7,120,22.0,3.19,True
2025-08-15,7,121,8.0,4.99,False
2025-08-15,7,122,11.0,4.29,False
2025-08-15,7,123,24.0,2.99,False
2025-08-15,7,124,15.0,3.49,False
2025-08-15,7,125,9.0,3.99,False
2025-08-15,7,126,22.0,1.29,False
2025-08-15,7,127,17.02,8.99,False
2025-08-15,7,128,10.28,10.99,False
2025-08-15,7,129,5.3,9.49,False
2025-08-15,7,130,7.06,21.99,False
2025-08-15,7,131,4.0,9.99,False
2025-08-15,7,132,28.0,5.99,False
2025-08-15,7,133,24.0,3.99,False
2025-08-15,7,134,12.0,6.99,False
2025-08-15,7,135,30.0,4.99,False
2025-08-15,7,136,10.0,8.99,False
2025-08-15,7,137,18.0,3.29,False
2025-08-15,7,138,10.0,1.49,False
2025-08-15,7,139,6.0,2.99,False
2025-08-15,7,140,3.0,2.79,False
2025-08-15,7,141,4.0,5.99,False
2025-08-15,7,142,4.0,3.49,False
2025-08-15,7,143,5.0,1.19,False
2025-08-15,7,144,8.0,3.43,True
2025-08-15,7,145,6.0,9.99,False
2025-08-15,7,146,29.0,4.99,False
2025-08-15,7,147,16.0,5.99,False
2025-08-15,7,148,8.0,1.99,False
2025-08-15,7,149,6.0,2.99,False
2025-08-15,7,150,4.0,8.99,False
2025-08-15,7,151,12.0,9.99,False
2025-08-15,7,152,6.0,2.99,False
2025-08-15,7,153,8.0,12.99,False
2025-08-15,7,154,7.85,3.99,False
2025-08-15,7,155,1.62,3.49,False
2025-08-15,7,156,3.49,11.99,False
2025-08-15,7,157,4.63,2.99,False
2025-08-15,7,158,12.0,2.49,False
2025-08-15,7,159,5.32,12.99,False
2025-08-15,7,160,6.0,3.99,False
2025-08-16,7,101,51.18,1.49,False
2025-08-16,7,102,76.0,0.79,False
2025-08-16,7,103,14.0,2.99,False
2025-08-16,7,104,20.37,1.99,False
2025-08-16,7,105,26.62,3.49,False
2025-08-16,7,106,9.41,3.99,False
2025-08-16,7,107,13.0,1.89,False
2025-08-16,7,108,40.0,1.25,False
2025-08-16,7,109,16.0,1.99,False
2025-08-16,7,110,20.98,1.29,False
2025-08-16,7,111,23.6,1.59,False
2025-08-16,7,112,16.0,3.99,False
2025-08-16,7,113,26.0,0.69,False
2025-08-16,7,114,20.0,5.99,False
2025-08-16,7,115,9.0,3.49,False
2025-08-16,7,116,22.0,2.49,False
2025-08-16,7,117,46.0,3.79,False
2025-08-16,7,118,27.0,3.29,False
2025-08-16,7,119,20.0,5.49,False
2025-08-16,7,120,25.0,3.19,True
2025-08-16,7,121,18.0,4.99,False
2025-08-16,7,122,14.0,4.29,False
2025-08-16,7,123,24.0,2.99,False
2025-08-16,7,124,15.0,3.49,False
2025-08-16,7,125,19.0,3.99,False
2025-08-16,7,126,21.0,1.29,False
2025-08-16,7,127,18.08,8.99,False
2025-08-16,7,128,13.02,10.99,False
2025-08-16,7,129,8.35,9.49,False
2025-08-16,7,130,3.81,21.99,False
2025-08-16,7,131,6.0,9.99,False
2025-08-16,7,132,25.0,5.99,False
2025-08-16,7,133,29.0,3.99,False
2025-08-16,7,134,11.0,6.99,False
2025-08-16,7,135,16.0,4.99,False
2025-08-16,7,136,7.0,8.99,False
2025-08-16,7,137,16.0,3.29,False
2025-08-16,7,138,15.0,1.49,False
2025-08-16,7,139,9.0,2.99,False
2025-08-16,7,140,5.0,2.79,False
2025-08-16,7,141,4.0,5.99,False
2025-08-16,7,142,14.0,3.49,False
2025-08-16,7,143,6.0,1.19,False
2025-08-16,7,144,17.0,3.43,True
2025-08-16,7,145,4.0,9.99,False
2025-08-16,7,146,18.0,4.99,False
2025-08-16,7,147,14.0,5.99,False
2025-08-16,7,148,5.0,1.99,False
2025-08-16,7,149,6.0,2.99,False
2025-08-16,7,150,8.0,8.99,False
2025-08-16,7,151,14.0,9.99,False
2025-08-16,7,152,6.0,2.99,False
2025-08-16,7,153,3.0,12.99,False
2025-08-16,7,154,5.07,3.99,False
2025-08-16,7,155,4.02,3.49,False
2025-08-16,7,156,2.03,11.99,False
2025-08-16,7,157,8.23,2.99,False
2025-08-16,7,158,10.0,2.49,False
2025-08-16,7,159,5.31,12.99,False
2025-08-16,7,160,8.0,3.99,False
2025-08-17,7,101,28.19,1.49,False
2025-08-17,7,102,57.0,0.79,False
2025-08-17,7,103,6.0,2.99,False
2025-08-17,7,104,11.98,1.99,False
2025-08-17,7,105,25.91,3.49,False
2025-08-17,7,106,8.33,3.99,False
2025-08-17,7,107,23.0,1.89,False
2025-08-17,7,108,28.0,1.25,False
2025-08-17,7,109,10.0,1.99,False
2025-08-17,7,110,23.2,1.29,False
2025-08-17,7,111,9.44,1.59,False
2025-08-17,7,112,15.0,3.99,False
2025-08-17,7,113,25.0,0.69,False
2025-08-17,7,114,18.0,5.99,False
2025-08-17,7,115,10.0,3.49,False
2025-08-17,7,116,15.0,2.49,False
2025-08-17,7,117,41.0,3.79,False
2025-08-17,7,118,21.0,3.29,False
2025-08-17,7,119,10.0,5.49,False
2025-08-17,7,120,21.0,3.19,True
2025-08-17,7,121,16.0,4.99,False
2025-08-17,7,122,13.0,4.29,False
2025-08-17,7,123,34.0,2.99,False
2025-08-17,7,124,13.0,3.49,False
2025-08-17,7,125,11.0,3.99,False
2025-08-17,7,126,12.0,1.29,False
2025-08-17,7,127,8.82,8.99,False
2025-08-17,7,128,18.0,10.99,False
2025-08-17,7,129,7.36,9.49,False
2025-08-17,7,130,2.92,21.99,False
2025-08-17,7,131,3.0,9.99,False
2025-08-17,7,132,22.0,5.99,False
2025-08-17,7,133,18.0,3.99,False
2025-08-17,7,134,11.0,6.99,False
2025-08-17,7,135,34.0,4.99,False
2025-08-17,7,136,4.0,8.99,False
2025-08-17,7,137,4.0,3.29,False
2025-08-17,7,138,14.0,1.49,False
2025-08-17,7,139,10.0,2.99,False
2025-08-17,7,140,5.0,2.79,False
2025-08-17,7,141,7.0,5.99,False
2025-08-17,7,142,13.0,3.49,False
2025-08-17,7,143,10.0,1.19,False
2025-08-17,7,144,14.0,3.43,True
2025-08-17,7,145,1.0,9.99,False
2025-08-17,7,146,12.0,4.99,False
2025-08-17,7,147,12.0,5.99,False
2025-08-17,7,148,3.0,1.99,False
2025-08-17,7,149,3.0,2.99,False
2025-08-17,7,150,13.0,8.99,False
2025-08-17,7,151,7.0,9.99,False
2025-08-17,7,152,4.0,2.99,False
2025-08-17,7,153,11.0,12.99,False
2025-08-17,7,154,5.38,3.99,False
2025-08-17,7,155,3.81,3.49,False
2025-08-17,7,156,2.31,11.99,False
2025-08-17,7,157,3.56,2.99,False
2025-08-17,7,158,6.0,2.49,False
2025-08-17,7,159,6.21,12.99,False
2025-08-17,7,160,9.0,3.99,False
2025-08-18,7,101,18.07,1.49,False
2025-08-18,7,102,58.0,0.79,False
2025-08-18,7,103,7.0,2.39,True
2025-08-18,7,104,8.52,1.99,False
2025-08-18,7,105,12.36,3.49,False
2025-08-18,7,106,11.61,3.99,False
2025-08-18,7,107,15.0,1.89,False
2025-08-18,7,108,26.0,1.25,False
2025-08-18,7,109,10.0,1.99,False
2025-08-18,7,110,12.22,1.29,False
2025-08-18,7,111,9.36,1.59,False
2025-08-18,7,112,20.0,3.99,False
2025-08-18,7,113,21.0,0.69,False
2025-08-18,7,114,18.0,5.99,False
2025-08-18,7,115,8.0,3.49,False
2025-08-18,7,116,20.0,2.49,False
2025-08-18,7,117,21.0,3.79,False
2025-08-18,7,118,20.0,3.29,False
2025-08-18,7,119,7.0,4.39,True
2025-08-18,7,120,4.0,3.99,False
2025-08-18,7,121,7.0,4.99,False
2025-08-18,7,122,16.0,4.29,False
2025-08-18,7,123,17.0,2.99,False
2025-08-18,7,124,15.0,3.49,False
2025-08-18,7,125,9.0,3.99,False
2025-08-18,7,126,20.0,1.03,True
2025-08-18,7,127,8.53,8.99,False
2025-08-18,7,128,9.26,10.99,False
2025-08-18,7,129,4.46,9.49,False
2025-08-18,7,130,4.54,21.99,False
2025-08-18,7,131,8.0,9.99,False
2025-08-18,7,132,10.0,5.99,False
2025-08-18,7,133,16.0,3.99,False
2025-08-18,7,134,7.0,6.99,False
2025-08-18,7,135,17.0,4.99,False
2025-08-18,7,136,11.0,8.99,False
2025-08-18,7,137,8.0,2.63,True
2025-08-18,7,138,16.0,1.19,True
2025-08-18,7,139,5.0,2.99,False
2025-08-18,7,140,8.0,2.79,False
2025-08-18,7,141,0.0,5.99,False
2025-08-18,7,142,5.0,3.49,False
2025-08-18,7,143,10.0,1.19,False
2025-08-18,7,144,5.0,4.29,False
2025-08-18,7,145,2.0,9.99,False
2025-08-18,7,146,5.0,4.99,False
2025-08-18,7,147,17.0,5.99,False
2025-08-18,7,148,9.0,1.99,False
2025-08-18,7,149,6.0,2.99,False
2025-08-18,7,150,5.0,8.99,False
2025-08-18,7,151,8.0,9.99,False
2025-08-18,7,152,7.0,2.99,False
2025-08-18,7,153,3.0,12.99,False
2025-08-18,7,154,4.82,3.99,False
2025-08-18,7,155,2.51,3.49,False
2025-08-18,7,156,2.46,9.59,True
2025-08-18,7,157,3.4,2.99,False
2025-08-18,7,158,6.0,2.49,False
2025-08-18,7,159,4.22,12.99,False
2025-08-18,7,160,2.0,3.99,False
2025-08-19,7,101,39.84,1.49,False
2025-08-19,7,102,76.0,0.79,False
2025-08-19,7,103,9.0,2.39,True
2025-08-19,7,104,6.72,1.99,False
2025-08-19,7,105,17.61,3.49,False
2025-08-19,7,106,13.91,3.99,False
2025-08-19,7,107,12.0,1.89,False
2025-08-19,7,108,19.0,1.25,False
2025-08-19,7,109,10.0,1.99,False
2025-08-19,7,110,27.55,1.29,False
2025-08-19,7,111,9.35,1.59,False
2025-08-19,7,112,13.0,3.99,False
2025-08-19,7,113,9.0,0.69,False
2025-08-19,7,114,16.0,5.99,False
2025-08-19,7,115,11.0,3.49,False
2025-08-19,7,116,17.0,2.49,False
2025-08-19,7,117,36.0,3.79,False
2025-08-19,7,118,20.0,3.29,False
2025-08-19,7,119,12.0,4.39,True
2025-08-19,7,120,8.0,3.99,False
2025-08-19,7,121,10.0,4.99,False
2025-08-19,7,122,14.0,4.29,False
2025-08-19,7,123,20.0,2.99,False
2025-08-19,7,124,16.0,3.49,False
2025-08-19,7,125,6.0,3.99,False
2025-08-19,7,126,16.0,1.03,True
2025-08-19,7,127,8.07,8.99,False
2025-08-19,7,128,8.41,10.99,False
2025-08-19,7,129,4.19,9.49,False
2025-08-19,7,130,3.72,21.99,False
2025-08-19,7,131,9.0,9.99,False
2025-08-19,7,132,14.0,5.99,False
2025-08-19,7,133,21.0,3.99,False
2025-08-19,7,134,11.0,6.99,False
2025-08-19,7,135,14.0,4.99,False
2025-08-19,7,136,7.0,8.99,False
2025-08-19,7,137,12.0,2.63,True
2025-08-19,7,138,8.0,1.19,True
2025-08-19,7,139,4.0,2.99,False
2025-08-19,7,140,4.0,2.79,False
2025-08-19,7,141,3.0,5.99,False
2025-08-19,7,142,3.0,3.49,False
2025-08-19,7,143,5.0,1.19,False
2025-08-19,7,144,0.0,4.29,False
2025-08-19,7,145,2.0,9.99,False
2025-08-19,7,146,17.0,4.99,False
2025-08-19,7,147,7.0,5.99,False
2025-08-19,7,148,7.0,1.99,False
2025-08-19,7,149,4.0,2.99,False
2025-08-19,7,150,2.0,8.99,False
2025-08-19,7,151,7.0,9.99,False
2025-08-19,7,152,5.0,2.99,False
2025-08-19,7,153,4.0,12.99,False
2025-08-19,7,154,7.52,3.99,False
2025-08-19,7,155,4.25,3.49,False
2025-08-19,7,156,3.56,9.59,True
2025-08-19,7,157,2.59,2.99,False
2025-08-19,7,158,2.0,2.49,False
2025-08-19,7,159,3.13,12.99,False
2025-08-19,7,160,9.0,3.99,False
2025-08-20,7,101,36.5,1.49,False
2025-08-20,7,102,69.0,0.79,False
2025-08-20,7,103,16.0,2.39,True
2025-08-20,7,104,12.69,1.99,False
2025-08-20,7,105,25.0,3.49,False
2025-08-20,7,106,15.48,3.99,False
2025-08-20,7,107,10.0,1.89,False
2025-08-20,7,108,15.0,1.25,False
2025-08-20,7,109,9.0,1.99,False
2025-08-20,7,110,21.04,1.29,False
2025-08-20,7,111,10.54,1.59,False
2025-08-20,7,112,10.0,3.99,False
2025-08-20,7,113,18.0,0.69,False
2025-08-20,7,114,13.0,5.99,False
2025-08-20,7,115,12.0,3.49,False
2025-08-20,7,116,21.0,2.49,False
2025-08-20,7,117,30.0,3.79,False
2025-08-20,7,118,25.0,3.29,False
2025-08-20,7,119,8.0,4.39,True
2025-08-20,7,120,12.0,3.99,False
2025-08-20,7,121,8.0,4.99,False
2025-08-20,7,122,6.0,4.29,False
2025-08-20,7,123,23.0,2.99,False
2025-08-20,7,124,12.0,3.49,False
2025-08-20,7,125,5.0,3.99,False
2025-08-20,7,126,17.0,1.03,True
2025-08-20,7,127,6.95,8.99,False
2025-08-20,7,128,16.89,10.99,False
2025-08-20,7,129,7.5,9.49,False
2025-08-20,7,130,2.48,21.99,False
2025-08-20,7,131,4.0,9.99,False
2025-08-20,7,132,21.0,5.99,False
2025-08-20,7,133,18.0,3.99,False
2025-08-20,7,134,14.0,6.99,False
2025-08-20,7,135,23.0,4.99,False
2025-08-20,7,136,10.0,8.99,False
2025-08-20,7,137,15.0,2.63,True
2025-08-20,7,138,28.0,1.19,True
2025-08-20,7,139,10.0,2.99,False
2025-08-20,7,140,5.0,2.79,False
2025-08-20,7,141,6.0,5.99,False
2025-08-20,7,142,9.0,3.49,False
2025-08-20,7,143,7.0,1.19,False
2025-08-20,7,144,8.0,4.29,False
2025-08-20,7,145,3.0,9.99,False
2025-08-20,7,146,7.0,4.99,False
2025-08-20,7,147,5.0,5.99,False
2025-08-20,7,148,3.0,1.99,False
2025-08-20,7,149,6.0,2.99,False
2025-08-20,7,150,4.0,8.99,False
2025-08-20,7,151,6.0,9.99,False
2025-08-20,7,152,5.0,2.99,False
2025-08-20,7,153,6.0,12.99,False
2025-08-20,7,154,4.12,3.99,False
2025-08-20,7,155,3.03,3.49,False
2025-08-20,7,156,2.85,9.59,True
2025-08-20,7,157,5.01,2.99,False
2025-08-20,7,158,1.0,2.49,False
2025-08-20,7,159,2.73,12.99,False
2025-08-20,7,160,9.0,3.99,False
2025-08-21,7,101,48.7,1.49,False
2025-08-21,7,102,51.0,0.79,False
2025-08-21,7,103,13.0,2.39,True
2025-08-21,7,104,8.8,1.99,False
2025-08-21,7,105,13.52,3.49,False
2025-08-21,7,106,12.4,3.99,False
2025-08-21,7,107,23.0,1.89,False
2025-08-21,7,108,17.0,1.25,False
2025-08-21,7,109,8.0,1.99,False
2025-08-21,7,110,21.76,1.29,False
2025-08-21,7,111,19.34,1.59,False
2025-08-21,7,112,20.0,3.99,False
2025-08-21,7,113,21.0,0.69,False
2025-08-21,7,114,8.0,5.99,False
2025-08-21,7,115,9.0,3.49,False
2025-08-21,7,116,15.0,2.49,False
2025-08-21,7,117,10.0,3.79,False
2025-08-21,7,118,28.0,3.29,False
2025-08-21,7,119,15.0,4.39,True
2025-08-21,7,120,11.0,3.99,False
2025-08-21,7,121,5.0,4.99,False
2025-08-21,7,122,13.0,4.29,False
2025-08-21,7,123,37.0,2.99,False
2025-08-21,7,124,17.0,3.49,False
2025-08-21,7,125,4.0,3.99,False
2025-08-21,7,126,19.0,1.03,True
2025-08-21,7,127,16.84,8.99,False
2025-08-21,7,128,13.97,10.99,False
2025-08-21,7,129,8.19,9.49,False
2025-08-21,7,130,4.37,21.99,False
2025-08-21,7,131,13.0,9.99,False
2025-08-21,7,132,13.0,5.99,False
2025-08-21,7,133,22.0,3.99,False
2025-08-21,7,134,20.0,6.99,False
2025-08-21,7,135,9.0,4.99,False
2025-08-21,7,136,8.0,8.99,False
2025-08-21,7,137,16.0,2.63,True
2025-08-21,7,138,14.0,1.19,True
2025-08-21,7,139,7.0,2.99,False
2025-08-21,7,140,7.0,2.79,False
2025-08-21,7,141,4.0,5.99,False
2025-08-21,7,142,4.0,3.49,False
2025-08-21,7,143,3.0,1.19,False
2025-08-21,7,144,7.0,4.29,False
2025-08-21,7,145,6.0,9.99,False
2025-08-21,7,146,10.0,4.99,False
2025-08-21,7,147,10.0,5.99,False
2025-08-21,7,148,7.0,1.99,False
2025-08-21,7,149,5.0,2.99,False
2025-08-21,7,150,8.0,8.99,False
2025-08-21,7,151,3.0,9.99,False
2025-08-21,7,152,6.0,2.99,False
2025-08-21,7,153,8.0,12.99,False
2025-08-21,7,154,10.87,3.99,False
2025-08-21,7,155,2.04,3.49,False
2025-08-21,7,156,3.52,9.59,True
2025-08-21,7,157,1.92,2.99,False
2025-08-21,7,158,10.0,2.49,False
2025-08-21,7,159,3.77,12.99,False
2025-08-21,7,160,2.0,3.99,False
2025-08-22,7,101,39.2,1.49,False
2025-08-22,7,102,92.0,0.79,False
2025-08-22,7,103,22.0,2.39,True
2025-08-22,7,104,9.21,1.99,False
2025-08-22,7,105,11.57,3.49,False
2025-08-22,7,106,18.24,3.99,False
2025-08-22,7,107,29.0,1.89,False
2025-08-22,7,108,15.0,1.25,False
2025-08-22,7,109,12.0,1.99,False
2025-08-22,7,110,30.04,1.29,False
2025-08-22,7,111,15.07,1.59,False
2025-08-22,7,112,17.0,3.99,False
2025-08-22,7,113,18.0,0.69,False
2025-08-22,7,114,22.0,5.99,False
2025-08-22,7,115,8.0,3.49,False
2025-08-22,7,116,30.0,2.49,False
2025-08-22,7,117,31.0,3.79,False
2025-08-22,7,118,23.0,3.29,False
2025-08-22,7,119,16.0,4.39,True
2025-08-22,7,120,15.0,3.99,False
2025-08-22,7,121,9.0,4.99,False
2025-08-22,7,122,11.0,4.29,False
2025-08-22,7,123,15.0,2.99,False
2025-08-22,7,124,20.0,3.49,False
2025-08-22,7,125,4.0,3.99,False
2025-08-22,7,126,42.0,1.03,True
2025-08-22,7,127,12.5,8.99,False
2025-08-22,7,128,24.99,10.99,False
2025-08-22,7,129,5.65,9.49,False
2025-08-22,7,130,4.43,21.99,False
2025-08-22,7,131,3.0,9.99,False
2025-08-22,7,132,11.0,5.99,False
2025-08-22,7,133,14.0,3.99,False
2025-08-22,7,134,9.0,6.99,False
2025-08-22,7,135,25.0,4.99,False
2025-08-22,7,136,7.0,8.99,False
2025-08-22,7,137,10.0,2.63,True
2025-08-22,7,138,21.0,1.19,True
2025-08-22,7,139,8.0,2.99,False
2025-08-22,7,140,9.0,2.79,False
2025-08-22,7,141,4.0,5.99,False
2025-08-22,7,142,7.0,3.49,False
2025-08-22,7,143,13.0,1.19,False
2025-08-22,7,144,7.0,4.29,False
2025-08-22,7,145,4.0,9.99,False
2025-08-22,7,146,8.0,4.99,False
2025-08-22,7,147,16.0,5.99,False
2025-08-22,7,148,3.0,1.99,False
2025-08-22,7,149,10.0,2.99,False
2025-08-22,7,150,9.0,8.99,False
2025-08-22,7,151,11.0,9.99,False
2025-08-22,7,152,3.0,2.99,False
2025-08-22,7,153,5.0,12.99,False
2025-08-22,7,154,7.65,3.99,False
2025-08-22,7,155,5.12,3.49,False
2025-08-22,7,156,1.69,9.59,True
2025-08-22,7,157,3.12,2.99,False
2025-08-22,7,158,7.0,2.49,False
2025-08-22,7,159,5.38,12.99,False
2025-08-22,7,160,6.0,3.99,False
2025-08-23,7,101,60.09,1.49,False
2025-08-23,7,102,128.0,0.79,False
2025-08-23,7,103,15.0,2.39,True
2025-08-23,7,104,6.1,1.99,False
2025-08-23,7,105,15.51,3.49,False
2025-08-23,7,106,17.71,3.99,False
2025-08-23,7,107,12.0,1.89,False
2025-08-23,7,108,25.0,1.25,False
2025-08-23,7,109,11.0,1.99,False
2025-08-23,7,110,16.31,1.29,False
2025-08-23,7,111,8.02,1.59,False
2025-08-23,7,112,44.0,3.99,False
2025-08-23,7,113,20.0,0.69,False
2025-08-23,7,114,8.0,5.99,False
2025-08-23,7,115,13.0,3.49,False
2025-08-23,7,116,36.0,2.49,False
2025-08-23,7,117,39.0,3.79,False
2025-08-23,7,118,25.0,3.29,False
2025-08-23,7,119,14.0,4.39,True
2025-08-23,7,120,14.0,3.99,False
2025-08-23,7,121,8.0,4.99,False
2025-08-23,7,122,15.0,4.29,False
2025-08-23,7,123,23.0,2.99,False
2025-08-23,7,124,23.0,3.49,False
2025-08-23,7,125,10.0,3.99,False
2025-08-23,7,126,57.0,1.03,True
2025-08-23,7,127,10.03,8.99,False
2025-08-23,7,128,11.23,10.99,False
2025-08-23,7,129,11.58,9.49,False
2025-08-23,7,130,4.88,21.99,False
2025-08-23,7,131,7.0,9.99,False
2025-08-23,7,132,21.0,5.99,False
2025-08-23,7,133,28.0,3.99,False
2025-08-23,7,134,16.0,6.99,False
2025-08-23,7,135,29.0,4.99,False
2025-08-23,7,136,8.0,8.99,False
2025-08-23,7,137,16.0,2.63,True
2025-08-23,7,138,17.0,1.19,True
2025-08-23,7,139,13.0,2.99,False
2025-08-23,7,140,5.0,2.79,False
2025-08-23,7,141,5.0,5.99,False
2025-08-23,7,142,8.0,3.49,False
2025-08-23,7,143,7.0,1.19,False
2025-08-23,7,144,13.0,4.29,False
2025-08-23,7,145,5.0,9.99,False
2025-08-23,7,146,14.0,4.99,False
2025-08-23,7,147,11.0,5.99,False
2025-08-23,7,148,8.0,1.99,False
2025-08-23,7,149,8.0,2.99,False
2025-08-23,7,150,9.0,8.99,False
2025-08-23,7,151,12.0,9.99,False
2025-08-23,7,152,11.0,2.99,False
2025-08-23,7,153,5.0,12.99,False
2025-08-23,7,154,10.02,3.99,False
2025-08-23,7,155,5.45,3.49,False
2025-08-23,7,156,3.97,9.59,True
2025-08-23,7,157,4.39,2.99,False
2025-08-23,7,158,13.0,2.49,False
2025-08-23,7,159,5.35,12.99,False
2025-08-23,7,160,10.0,3.99,False
2025-08-24,7,101,22.98,1.49,False
2025-08-24,7,102,69.0,0.79,False
2025-08-24,7,103,23.0,2.39,True
2025-08-24,7,104,14.97,1.99,False
2025-08-24,7,105,23.38,3.49,False
2025-08-24,7,106,16.1,3.99,False
2025-08-24,7,107,11.0,1.89,False
2025-08-24,7,108,15.0,1.25,False
2025-08-24,7,109,14.0,1.99,False
2025-08-24,7,110,18.8,1.29,False
2025-08-24,7,111,17.99,1.59,False
2025-08-24,7,112,15.0,3.99,False
2025-08-24,7,113,15.0,0.69,False
2025-08-24,7,114,12.0,5.99,False
2025-08-24,7,115,12.0,3.49,False
2025-08-24,7,116,12.0,2.49,False
2025-08-24,7,117,24.0,3.79,False
2025-08-24,7,118,22.0,3.29,False
2025-08-24,7,119,17.0,4.39,True
2025-08-24,7,120,16.0,3.99,False
2025-08-24,7,121,12.0,4.99,False
2025-08-24,7,122,15.0,4.29,False
2025-08-24,7,123,18.0,2.99,False
2025-08-24,7,124,13.0,3.49,False
2025-08-24,7,125,9.0,3.99,False
2025-08-24,7,126,26.0,1.03,True
2025-08-24,7,127,13.54,8.99,False
2025-08-24,7,128,11.24,10.99,False
2025-08-24,7,129,5.89,9.49,False
2025-08-24,7,130,5.56,21.99,False
2025-08-24,7,131,4.0,9.99,False
2025-08-24,7,132,12.0,5.99,False
2025-08-24,7,133,23.0,3.99,False
2025-08-24,7,134,8.0,6.99,False
2025-08-24,7,135,12.0,4.99,False
2025-08-24,7,136,5.0,8.99,False
2025-08-24,7,137,11.0,2.63,True
2025-08-24,7,138,25.0,1.19,True
2025-08-24,7,139,6.0,2.99,False
2025-08-24,7,140,4.0,2.79,False
2025-08-24,7,141,4.0,5.99,False
2025-08-24,7,142,5.0,3.49,False
2025-08-24,7,143,6.0,1.19,False
2025-08-24,7,144,3.0,4.29,False
2025-08-24,7,145,3.0,9.99,False
2025-08-24,7,146,7.0,4.99,False
2025-08-24,7,147,15.0,5.99,False
2025-08-24,7,148,1.0,1.99,False
2025-08-24,7,149,0.0,2.99,False
2025-08-24,7,150,3.0,8.99,False
2025-08-24,7,151,9.0,9.99,False
2025-08-24,7,152,4.0,2.99,False
2025-08-24,7,153,5.0,12.99,False
2025-08-24,7,154,6.39,3.99,False
2025-08-24,7,155,3.58,3.49,False
2025-08-24,7,156,2.88,9.59,True
2025-08-24,7,157,3.11,2.99,False
2025-08-24,7,158,8.0,2.49,False
2025-08-24,7,159,6.41,12.99,False
2025-08-24,7,160,5.0,3.99,False
2025-08-25,7,101,26.36,1.49,False
2025-08-25,7,102,60.0,0.79,False
2025-08-25,7,103,17.0,2.99,False
2025-08-25,7,104,5.32,1.99,False
2025-08-25,7,105,20.3,3.49,False
2025-08-25,7,106,13.51,3.99,False
2025-08-25,7,107,13.0,1.89,False
2025-08-25,7,108,13.0,1.25,False
2025-08-25,7,109,9.0,1.99,False
2025-08-25,7,110,25.46,1.29,False
2025-08-25,7,111,8.05,1.59,False
2025-08-25,7,112,18.0,3.99,False
2025-08-25,7,113,11.0,0.69,False
2025-08-25,7,114,22.0,4.79,True
2025-08-25,7,115,5.0,3.49,False
2025-08-25,7,116,18.0,1.99,True
2025-08-25,7,117,25.0,3.79,False
2025-08-25,7,118,39.0,2.63,True
2025-08-25,7,119,6.0,5.49,False
2025-08-25,7,120,8.0,3.99,False
2025-08-25,7,121,1.0,4.99,False
2025-08-25,7,122,8.0,4.29,False
2025-08-25,7,123,32.0,2.39,True
2025-08-25,7,124,6.0,3.49,False
2025-08-25,7,125,9.0,3.19,True
2025-08-25,7,126,6.0,1.29,False
2025-08-25,7,127,20.49,7.19,True
2025-08-25,7,128,20.79,10.99,False
2025-08-25,7,129,4.16,9.49,False
2025-08-25,7,130,4.3,21.99,False
2025-08-25,7,131,8.0,9.99,False
2025-08-25,7,132,13.0,5.99,False
2025-08-25,7,133,19.0,3.99,False
2025-08-25,7,134,8.0,6.99,False
2025-08-25,7,135,7.0,4.99,False
2025-08-25,7,136,7.0,8.99,False
2025-08-25,7,137,6.0,3.29,False
2025-08-25,7,138,6.0,1.49,False
2025-08-25,7,139,10.0,2.99,False
2025-08-25,7,140,5.0,2.79,False
2025-08-25,7,141,1.0,5.99,False
2025-08-25,7,142,9.0,3.49,False
2025-08-25,7,143,5.0,1.19,False
2025-08-25,7,144,6.0,4.29,False
2025-08-25,7,145,3.0,9.99,False
2025-08-25,7,146,16.0,3.99,True
2025-08-25,7,147,12.0,4.79,True
2025-08-25,7,148,3.0,1.99,False
2025-08-25,7,149,3.0,2.99,False
2025-08-25,7,150,7.0,8.99,False
2025-08-25,7,151,5.0,9.99,False
2025-08-25,7,152,4.0,2.99,False
2025-08-25,7,153,1.0,12.99,False
2025-08-25,7,154,4.97,3.99,False
2025-08-25,7,155,2.18,3.49,False
2025-08-25,7,156,1.93,11.99,False
2025-08-25,7,157,4.86,2.99,False
2025-08-25,7,158,6.0,1.99,True
2025-08-25,7,159,3.7,12.99,False
2025-08-25,7,160,3.0,3.99,False
2025-08-26,7,101,48.92,1.49,False
2025-08-26,7,102,90.0,0.79,False
2025-08-26,7,103,6.0,2.99,False
2025-08-26,7,104,8.05,1.99,False
2025-08-26,7,105,18.22,3.49,False
2025-08-26,7,106,13.71,3.99,False
2025-08-26,7,107,15.0,1.89,False
2025-08-26,7,108,24.0,1.25,False
2025-08-26,7,109,10.0,1.99,False
2025-08-26,7,110,26.59,1.29,False
2025-08-26,7,111,10.86,1.59,False
2025-08-26,7,112,19.0,3.99,False
2025-08-26,7,113,19.0,0.69,False
2025-08-26,7,114,13.0,4.79,True
2025-08-26,7,115,8.0,3.49,False
2025-08-26,7,116,29.0,1.99,True
2025-08-26,7,117,12.0,3.79,False
2025-08-26,7,118,30.0,2.63,True
2025-08-26,7,119,10.0,5.49,False
2025-08-26,7,120,17.0,3.99,False
2025-08-26,7,121,4.0,4.99,False
2025-08-26,7,122,13.0,4.29,False
2025-08-26,7,123,19.0,2.39,True
2025-08-26,7,124,11.0,3.49,False
2025-08-26,7,125,12.0,3.19,True
2025-08-26,7,126,11.0,1.29,False
2025-08-26,7,127,26.11,7.19,True
2025-08-26,7,128,10.02,10.99,False
2025-08-26,7,129,3.89,9.49,False
2025-08-26,7,130,4.89,21.99,False
2025-08-26,7,131,9.0,9.99,False
2025-08-26,7,132,14.0,5.99,False
2025-08-26,7,133,18.0,3.99,False
2025-08-26,7,134,9.0,6.99,False
2025-08-26,7,135,22.0,4.99,False
2025-08-26,7,136,3.0,8.99,False
2025-08-26,7,137,9.0,3.29,False
2025-08-26,7,138,11.0,1.49,False
2025-08-26,7,139,5.0,2.99,False
2025-08-26,7,140,5.0,2.79,False
2025-08-26,7,141,6.0,5.99,False
2025-08-26,7,142,7.0,3.49,False
2025-08-26,7,143,4.0,1.19,False
2025-08-26,7,144,8.0,4.29,False
2025-08-26,7,145,1.0,9.99,False
2025-08-26,7,146,25.0,3.99,True
2025-08-26,7,147,16.0,4.79,True
2025-08-26,7,148,4.0,1.99,False
2025-08-26,7,149,3.0,2.99,False
2025-08-26,7,150,5.0,8.99,False
2025-08-26,7,151,12.0,9.99,False
2025-08-26,7,152,3.0,2.99,False
2025-08-26,7,153,6.0,12.99,False
2025-08-26,7,154,7.82,3.99,False
2025-08-26,7,155,3.32,3.49,False
2025-08-26,7,156,1.87,11.99,False
2025-08-26,7,157,4.07,2.99,False
2025-08-26,7,158,5.0,1.99,True
2025-08-26,7,159,4.51,12.99,False
2025-08-26,7,160,4.0,3.99,False
2025-08-27,7,101,37.63,1.49,False
2025-08-27,7,102,76.0,0.79,False
2025-08-27,7,103,10.0,2.99,False
2025-08-27,7,104,8.13,1.99,False
2025-08-27,7,105,15.5,3.49,False
2025-08-27,7,106,15.44,3.99,False
2025-08-27,7,107,21.0,1.89,False
2025-08-27,7,108,15.0,1.25,False
2025-08-27,7,109,10.0,1.99,False
2025-08-27,7,110,27.79,1.29,False
2025-08-27,7,111,9.02,1.59,False
2025-08-27,7,112,25.0,3.99,False
2025-08-27,7,113,9.0,0.69,False
2025-08-27,7,114,25.0,4.79,True
2025-08-27,7,115,13.0,3.49,False
2025-08-27,7,116,23.0,1.99,True
2025-08-27,7,117,28.0,3.79,False
2025-08-27,7,118,54.0,2.63,True
2025-08-27,7,119,7.0,5.49,False
2025-08-27,7,120,9.0,3.99,False
2025-08-27,7,121,8.0,4.99,False
2025-08-27,7,122,10.0,4.29,False
2025-08-27,7,123,19.0,2.39,True
2025-08-27,7,124,20.0,3.49,False
2025-08-27,7,125,19.0,3.19,True
2025-08-27,7,126,11.0,1.29,False
2025-08-27,7,127,24.74,7.19,True
2025-08-27,7,128,11.21,10.99,False
2025-08-27,7,129,4.29,9.49,False
2025-08-27,7,130,2.59,21.99,False
2025-08-27,7,131,4.0,9.99,False
2025-08-27,7,132,11.0,5.99,False
2025-08-27,7,133,10.0,3.99,False
2025-08-27,7,134,3.0,6.99,False
2025-08-27,7,135,17.0,4.99,False
2025-08-27,7,136,6.0,8.99,False
2025-08-27,7,137,9.0,3.29,False
2025-08-27,7,138,13.0,1.49,False
2025-08-27,7,139,8.0,2.99,False
2025-08-27,7,140,5.0,2.79,False
2025-08-27,7,141,5.0,5.99,False
2025-08-27,7,142,6.0,3.49,False
2025-08-27,7,143,7.0,1.19,False
2025-08-27,7,144,7.0,4.29,False
2025-08-27,7,145,1.0,9.99,False
2025-08-27,7,146,17.0,3.99,True
2025-08-27,7,147,11.0,4.79,True
2025-08-27,7,148,7.0,1.99,False
2025-08-27,7,149,7.0,2.99,False
2025-08-27,7,150,11.0,8.99,False
2025-08-27,7,151,13.0,9.99,False
2025-08-27,7,152,5.0,2.99,False
2025-08-27,7,153,0.0,12.99,False
2025-08-27,7,154,5.11,3.99,False
2025-08-27,7,155,2.63,3.49,False
2025-08-27,7,156,2.41,11.99,False
2025-08-27,7,157,4.89,2.99,False
2025-08-27,7,158,3.0,1.99,True
2025-08-27,7,159,5.26,12.99,False
2025-08-27,7,160,8.0,3.99,False
2025-08-28,7,101,26.03,1.49,False
2025-08-28,7,102,76.0,0.79,False
2025-08-28,7,103,17.0,2.99,False
2025-08-28,7,104,6.99,1.99,False
2025-08-28,7,105,9.21,3.49,False
2025-08-28,7,106,16.9,3.99,False
2025-08-28,7,107,9.0,1.89,False
2025-08-28,7,108,22.0,1.25,False
2025-08-28,7,109,13.0,1.99,False
2025-08-28,7,110,17.85,1.29,False
2025-08-28,7,111,12.94,1.59,False
2025-08-28,7,112,17.0,3.99,False
2025-08-28,7,113,15.0,0.69,False
2025-08-28,7,114,5.0,4.79,True
2025-08-28,7,115,18.0,3.49,False
2025-08-28,7,116,27.0,1.99,True
2025-08-28,7,117,29.0,3.79,False
2025-08-28,7,118,40.0,2.63,True
2025-08-28,7,119,9.0,5.49,False
2025-08-28,7,120,16.0,3.99,False
2025-08-28,7,121,15.0,4.99,False
2025-08-28,7,122,11.0,4.29,False
2025-08-28,7,123,21.0,2.39,True
2025-08-28,7,124,19.0,3.49,False
2025-08-28,7,125,4.0,3.19,True
2025-08-28,7,126,7.0,1.29,False
2025-08-28,7,127,26.57,7.19,True
2025-08-28,7,128,9.91,10.99,False
2025-08-28,7,129,4.89,9.49,False
2025-08-28,7,130,3.79,21.99,False
2025-08-28,7,131,3.0,9.99,False
2025-08-28,7,132,17.0,5.99,False
2025-08-28,7,133,11.0,3.99,False
2025-08-28,7,134,8.0,6.99,False
2025-08-28,7,135,19.0,4.99,False
2025-08-28,7,136,10.0,8.99,False
2025-08-28,7,137,4.0,3.29,False
2025-08-28,7,138,12.0,1.49,False
2025-08-28,7,139,7.0,2.99,False
2025-08-28,7,140,7.0,2.79,False
2025-08-28,7,141,3.0,5.99,False
2025-08-28,7,142,8.0,3.49,False
2025-08-28,7,143,2.0,1.19,False
2025-08-28,7,144,6.0,4.29,False
2025-08-28,7,145,5.0,9.99,False
2025-08-28,7,146,12.0,3.99,True
2025-08-28,7,147,15.0,4.79,True
2025-08-28,7,148,3.0,1.99,False
2025-08-28,7,149,9.0,2.99,False
2025-08-28,7,150,6.0,8.99,False
2025-08-28,7,151,13.0,9.99,False
2025-08-28,7,152,6.0,2.99,False
2025-08-28,7,153,8.0,12.99,False
2025-08-28,7,154,4.2,3.99,False
2025-08-28,7,155,2.25,3.49,False
2025-08-28,7,156,2.65,11.99,False
2025-08-28,7,157,6.12,2.99,False
2025-08-28,7,158,3.0,1.99,True
2025-08-28,7,159,2.3,12.99,False
2025-08-28,7,160,6.0,3.99,False
2025-08-29,7,101,38.84,1.49,False
2025-08-29,7,102,152.0,0.79,False
2025-08-29,7,103,15.0,2.99,False
2025-08-29,7,104,9.74,1.99,False
2025-08-29,7,105,23.17,3.49,False
2025-08-29,7,106,21.46,3.99,False
2025-08-29,7,107,18.0,1.89,False
2025-08-29,7,108,39.0,1.25,False
2025-08-29,7,109,19.0,1.99,False
2025-08-29,7,110,22.0,1.29,False
2025-08-29,7,111,26.87,1.59,False
2025-08-29,7,112,29.0,3.99,False
2025-08-29,7,113,19.0,0.69,False
2025-08-29,7,114,30.0,4.79,True
2025-08-29,7,115,12.0,3.49,False
2025-08-29,7,116,54.0,1.99,True
2025-08-29,7,117,42.0,3.79,False
2025-08-29,7,118,41.0,2.63,True
2025-08-29,7,119,14.0,5.49,False
2025-08-29,7,120,12.0,3.99,False
2025-08-29,7,121,9.0,4.99,False
2025-08-29,7,122,10.0,4.29,False
2025-08-29,7,123,46.0,2.39,True
2025-08-29,7,124,15.0,3.49,False
2025-08-29,7,125,15.0,3.19,True
2025-08-29,7,126,25.0,1.29,False
2025-08-29,7,127,40.23,7.19,True
2025-08-29,7,128,10.78,10.99,False
2025-08-29,7,129,8.52,9.49,False
2025-08-29,7,130,5.92,21.99,False
2025-08-29,7,131,6.0,9.99,False
2025-08-29,7,132,20.0,5.99,False
2025-08-29,7,133,27.0,3.99,False
2025-08-29,7,134,24.0,6.99,False
2025-08-29,7,135,23.0,4.99,False
2025-08-29,7,136,6.0,8.99,False
2025-08-29,7,137,14.0,3.29,False
2025-08-29,7,138,23.0,1.49,False
2025-08-29,7,139,16.0,2.99,False
2025-08-29,7,140,22.0,2.79,False
2025-08-29,7,141,5.0,5.99,False
2025-08-29,7,142,15.0,3.49,False
2025-08-29,7,143,17.0,1.19,False
2025-08-29,7,144,10.0,4.29,False
2025-08-29,7,145,5.0,9.99,False
2025-08-29,7,146,30.0,3.99,True
2025-08-29,7,147,19.0,4.79,True
2025-08-29,7,148,7.0,1.99,False
2025-08-29,7,149,1.0,2.99,False
2025-08-29,7,150,20.0,8.99,False
2025-08-29,7,151,14.0,9.99,False
2025-08-29,7,152,3.0,2.99,False
2025-08-29,7,153,1.0,12.99,False
2025-08-29,7,154,6.32,3.99,False
2025-08-29,7,155,5.13,3.49,False
2025-08-29,7,156,2.92,11.99,False
2025-08-29,7,157,5.29,2.99,False
2025-08-29,7,158,18.0,1.99,True
2025-08-29,7,159,9.8,12.99,False
2025-08-29,7,160,9.0,3.99,False
2025-08-30,7,101,43.49,1.49,False
2025-08-30,7,102,112.0,0.79,False
2025-08-30,7,103,14.0,2.99,False
2025-08-30,7,104,18.51,1.99,False
2025-08-30,7,105,26.9,3.49,False
2025-08-30,7,106,27.63,3.99,False
2025-08-30,7,107,32.0,1.89,False
2025-08-30,7,108,36.0,1.25,False
2025-08-30,7,109,13.0,1.99,False
2025-08-30,7,110,46.02,1.29,False
2025-08-30,7,111,25.5,1.59,False
2025-08-30,7,112,35.0,3.99,False
2025-08-30,7,113,13.0,0.69,False
2025-08-30,7,114,32.0,4.79,True
2025-08-30,7,115,20.0,3.49,False
2025-08-30,7,116,70.0,1.99,True
2025-08-30,7,117,40.0,3.79,False
2025-08-30,7,118,42.0,2.63,True
2025-08-30,7,119,9.0,5.49,False
2025-08-30,7,120,19.0,3.99,False
2025-08-30,7,121,11.0,4.99,False
2025-08-30,7,122,30.0,4.29,False
2025-08-30,7,123,92.0,2.39,True
2025-08-30,7,124,20.0,3.49,False
2025-08-30,7,125,15.0,3.19,True
2025-08-30,7,126,39.0,1.29,False
2025-08-30,7,127,29.69,7.19,True
2025-08-30,7,128,18.12,10.99,False
2025-08-30,7,129,9.63,9.49,False
2025-08-30,7,130,4.62,21.99,False
2025-08-30,7,131,6.0,9.99,False
2025-08-30,7,132,29.0,5.99,False
2025-08-30,7,133,33.0,3.99,False
2025-08-30,7,134,25.0,6.99,False
2025-08-30,7,135,33.0,4.99,False
2025-08-30,7,136,13.0,8.99,False
2025-08-30,7,137,14.0,3.29,False
2025-08-30,7,138,19.0,1.49,False
2025-08-30,7,139,15.0,2.99,False
2025-08-30,7,140,7.0,2.79,False
2025-08-30,7,141,3.0,5.99,False
2025-08-30,7,142,10.0,3.49,False
2025-08-30,7,143,9.0,1.19,False
2025-08-30,7,144,24.0,4.29,False
2025-08-30,7,145,5.0,9.99,False
2025-08-30,7,146,12.0,3.99,True
2025-08-30,7,147,34.0,4.79,True
2025-08-30,7,148,14.0,1.99,False
2025-08-30,7,149,12.0,2.99,False
2025-08-30,7,150,13.0,8.99,False
2025-08-30,7,151,14.0,9.99,False
2025-08-30,7,152,12.0,2.99,False
2025-08-30,7,153,10.0,12.99,False
2025-08-30,7,154,11.23,3.99,False
2025-08-30,7,155,3.55,3.49,False
2025-08-30,7,156,4.7,11.99,False
2025-08-30,7,157,4.48,2.99,False
2025-08-30,7,158,16.0,1.99,True
2025-08-30,7,159,9.02,12.99,False
2025-08-30,7,160,8.0,3.99,False
2025-08-31,7,101,23.66,1.49,False
2025-08-31,7,102,162.0,0.79,False
2025-08-31,7,103,6.0,2.99,False
2025-08-31,7,104,11.33,1.99,False
2025-08-31,7,105,18.69,3.49,False
2025-08-31,7,106,17.64,3.99,False
2025-08-31,7,107,28.0,1.89,False
2025-08-31,7,108,42.0,1.25,False
2025-08-31,7,109,13.0,1.99,False
2025-08-31,7,110,27.71,1.29,False
2025-08-31,7,111,15.87,1.59,False
2025-08-31,7,112,27.0,3.99,False
2025-08-31,7,113,27.0,0.69,False
2025-08-31,7,114,32.0,4.79,True
2025-08-31,7,115,24.0,3.49,False
2025-08-31,7,116,49.0,1.99,True
2025-08-31,7,117,44.0,3.79,False
2025-08-31,7,118,41.0,2.63,True
2025-08-31,7,119,12.0,5.49,False
2025-08-31,7,120,7.0,3.99,False
2025-08-31,7,121,11.0,4.99,False
2025-08-31,7,122,15.0,4.29,False
2025-08-31,7,123,46.0,2.39,True
2025-08-31,7,124,15.0,3.49,False
2025-08-31,7,125,23.0,3.19,True
2025-08-31,7,126,15.0,1.29,False
2025-08-31,7,127,46.37,7.19,True
2025-08-31,7,128,17.22,10.99,False
2025-08-31,7,129,8.75,9.49,False
2025-08-31,7,130,4.32,21.99,False
2025-08-31,7,131,9.0,9.99,False
2025-08-31,7,132,24.0,5.99,False
2025-08-31,7,133,27.0,3.99,False
2025-08-31,7,134,11.0,6.99,False
2025-08-31,7,135,16.0,4.99,False
2025-08-31,7,136,9.0,8.99,False
2025-08-31,7,137,5.0,3.29,False
2025-08-31,7,138,20.0,1.49,False
2025-08-31,7,139,13.0,2.99,False
2025-08-31,7,140,11.0,2.79,False
2025-08-31,7,141,0.0,5.99,False
2025-08-31,7,142,14.0,3.49,False
2025-08-31,7,143,11.0,1.19,False
2025-08-31,7,144,8.0,4.29,False
2025-08-31,7,145,7.0,9.99,False
2025-08-31,7,146,12.0,3.99,True
2025-08-31,7,147,10.0,4.79,True
2025-08-31,7,148,6.0,1.99,False
2025-08-31,7,149,6.0,2.99,False
2025-08-31,7,150,16.0,8.99,False
2025-08-31,7,151,16.0,9.99,False
2025-08-31,7,152,9.0,2.99,False
2025-08-31,7,153,1.0,12.99,False
2025-08-31,7,154,10.79,3.99,False
2025-08-31,7,155,4.76,3.49,False
2025-08-31,7,156,4.76,11.99,False
2025-08-31,7,157,6.33,2.99,False
2025-08-31,7,158,9.0,1.99,True
2025-08-31,7,159,5.12,12.99,False
2025-08-31,7,160,7.0,3.99,False
2025-09-01,7,101,52.35,1.49,False
2025-09-01,7,102,36.0,0.79,False
2025-09-01,7,103,9.0,2.99,False
2025-09-01,7,104,15.61,1.99,False
2025-09-01,7,105,30.1,3.49,False
2025-09-01,7,106,31.58,3.99,False
2025-09-01,7,107,16.0,1.89,False
2025-09-01,7,108,35.0,1.0,True
2025-09-01,7,109,10.0,1.99,False
2025-09-01,7,110,28.19,1.29,False
2025-09-01,7,111,18.01,1.59,False
2025-09-01,7,112,13.0,3.99,False
2025-09-01,7,113,11.0,0.69,False
2025-09-01,7,114,11.0,5.99,False
2025-09-01,7,115,8.0,3.49,False
2025-09-01,7,116,15.0,2.49,False
2025-09-01,7,117,25.0,3.79,False
2025-09-01,7,118,42.0,3.29,False
2025-09-01,7,119,9.0,5.49,False
2025-09-01,7,120,6.0,3.99,False
2025-09-01,7,121,9.0,4.99,False
2025-09-01,7,122,12.0,4.29,False
2025-09-01,7,123,27.0,2.99,False
2025-09-01,7,124,15.0,3.49,False
2025-09-01,7,125,3.0,3.99,False
2025-09-01,7,126,17.0,1.29,False
2025-09-01,7,127,21.26,8.99,False
2025-09-01,7,128,19.4,10.99,False
2025-09-01,7,129,12.09,9.49,False
2025-09-01,7,130,9.06,21.99,False
2025-09-01,7,131,3.0,9.99,False
2025-09-01,7,132,12.0,5.99,False
2025-09-01,7,133,20.0,3.99,False
2025-09-01,7,134,12.0,6.99,False
2025-09-01,7,135,18.0,4.99,False
2025-09-01,7,136,8.0,8.99,False
2025-09-01,7,137,8.0,3.29,False
2025-09-01,7,138,4.0,1.49,False
2025-09-01,7,139,12.0,2.99,False
2025-09-01,7,140,4.0,2.79,False
2025-09-01,7,141,5.0,5.99,False
2025-09-01,7,142,3.0,3.49,False
2025-09-01,7,143,8.0,1.19,False
2025-09-01,7,144,2.0,4.29,False
2025-09-01,7,145,4.0,9.99,False
2025-09-01,7,146,24.0,3.99,True
2025-09-01,7,147,12.0,5.99,False
2025-09-01,7,148,8.0,1.99,False
2025-09-01,7,149,0.0,2.99,False
2025-09-01,7,150,3.0,8.99,False
2025-09-01,7,151,10.0,9.99,False
2025-09-01,7,152,8.0,2.99,False
2025-09-01,7,153,2.0,12.99,False
2025-09-01,7,154,4.92,3.99,False
2025-09-01,7,155,1.83,3.49,False
2025-09-01,7,156,1.85,11.99,False
2025-09-01,7,157,3.58,2.99,False
2025-09-01,7,158,2.0,2.49,False
2025-09-01,7,159,11.67,12.99,False
2025-09-01,7,160,8.0,3.99,False
2025-09-02,7,101,55.07,1.49,False
2025-09-02,7,102,63.0,0.79,False
2025-09-02,7,103,15.0,2.99,False
2025-09-02,7,104,20.28,1.99,False
2025-09-02,7,105,46.59,3.49,False
2025-09-02,7,106,29.19,3.99,False
2025-09-02,7,107,20.0,1.89,False
2025-09-02,7,108,33.0,1.0,True
2025-09-02,7,109,11.0,1.99,False
2025-09-02,7,110,30.41,1.29,False
2025-09-02,7,111,19.54,1.59,False
2025-09-02,7,112,7.0,3.99,False
2025-09-02,7,113,15.0,0.69,False
2025-09-02,7,114,9.0,5.99,False
2025-09-02,7,115,3.0,3.49,False
2025-09-02,7,116,25.0,2.49,False
2025-09-02,7,117,19.0,3.79,False
2025-09-02,7,118,21.0,3.29,False
2025-09-02,7,119,4.0,5.49,False
2025-09-02,7,120,5.0,3.99,False
2025-09-02,7,121,9.0,4.99,False
2025-09-02,7,122,9.0,4.29,False
2025-09-02,7,123,22.0,2.99,False
2025-09-02,7,124,3.0,3.49,False
2025-09-02,7,125,6.0,3.99,False
2025-09-02,7,126,14.0,1.29,False
2025-09-02,7,127,20.35,8.99,False
2025-09-02,7,128,14.08,10.99,False
2025-09-02,7,129,14.19,9.49,False
2025-09-02,7,130,8.39,21.99,False
2025-09-02,7,131,3.0,9.99,False
2025-09-02,7,132,14.0,5.99,False
2025-09-02,7,133,13.0,3.99,False
2025-09-02,7,134,9.0,6.99,False
2025-09-02,7,135,18.0,4.99,False
2025-09-02,7,136,7.0,8.99,False
2025-09-02,7,137,7.0,3.29,False
2025-09-02,7,138,10.0,1.49,False
2025-09-02,7,139,11.0,2.99,False
2025-09-02,7,140,4.0,2.79,False
2025-09-02,7,141,3.0,5.99,False
2025-09-02,7,142,4.0,3.49,False
2025-09-02,7,143,6.0,1.19,False
2025-09-02,7,144,8.0,4.29,False
2025-09-02,7,145,3.0,9.99,False
2025-09-02,7,146,15.0,3.99,True
2025-09-02,7,147,11.0,5.99,False
2025-09-02,7,148,5.0,1.99,False
2025-09-02,7,149,4.0,2.99,False
2025-09-02,7,150,1.0,8.99,False
2025-09-02,7,151,7.0,9.99,False
2025-09-02,7,152,4.0,2.99,False
2025-09-02,7,153,3.0,12.99,False
2025-09-02,7,154,5.86,3.99,False
2025-09-02,7,155,3.42,3.49,False
2025-09-02,7,156,2.45,11.99,False
2025-09-02,7,157,4.01,2.99,False
2025-09-02,7,158,4.0,2.49,False
2025-09-02,7,159,5.84,12.99,False
2025-09-02,7,160,6.0,3.99,False
2025-09-03,7,101,55.57,1.49,False
2025-09-03,7,102,104.0,0.79,False
2025-09-03,7,103,10.0,2.99,False
2025-09-03,7,104,22.5,1.99,False
2025-09-03,7,105,41.86,3.49,False
2025-09-03,7,106,34.37,3.99,False
2025-09-03,7,107,8.0,1.89,False
2025-09-03,7,108,29.0,1.0,True
2025-09-03,7,109,9.0,1.99,False
2025-09-03,7,110,70.11,1.29,False
2025-09-03,7,111,27.34,1.59,False
2025-09-03,7,112,21.0,3.99,False
2025-09-03,7,113,17.0,0.69,False
2025-09-03,7,114,5.0,5.99,False
2025-09-03,7,115,4.0,3.49,False
2025-09-03,7,116,13.0,2.49,False
2025-09-03,7,117,14.0,3.79,False
2025-09-03,7,118,18.0,3.29,False
2025-09-03,7,119,3.0,5.49,False
2025-09-03,7,120,7.0,3.99,False
2025-09-03,7,121,12.0,4.99,False
2025-09-03,7,122,9.0,4.29,False
2025-09-03,7,123,33.0,2.99,False
2025-09-03,7,124,17.0,3.49,False
2025-09-03,7,125,4.0,3.99,False
2025-09-03,7,126,7.0,1.29,False
2025-09-03,7,127,13.06,8.99,False
2025-09-03,7,128,20.67,10.99,False
2025-09-03,7,129,12.94,9.49,False
2025-09-03,7,130,10.59,21.99,False
2025-09-03,7,131,5.0,9.99,False
2025-09-03,7,132,11.0,5.99,False
2025-09-03,7,133,14.0,3.99,False
2025-09-03,7,134,17.0,6.99,False
2025-09-03,7,135,20.0,4.99,False
2025-09-03,7,136,11.0,8.99,False
2025-09-03,7,137,3.0,3.29,False
2025-09-03,7,138,9.0,1.49,False
2025-09-03,7,139,1.0,2.99,False
2025-09-03,7,140,10.0,2.79,False
2025-09-03,7,141,5.0,5.99,False
2025-09-03,7,142,5.0,3.49,False
2025-09-03,7,143,5.0,1.19,False
2025-09-03,7,144,7.0,4.29,False
2025-09-03,7,145,7.0,9.99,False
2025-09-03,7,146,15.0,3.99,True
2025-09-03,7,147,6.0,5.99,False
2025-09-03,7,148,1.0,1.99,False
2025-09-03,7,149,2.0,2.99,False
2025-09-03,7,150,15.0,8.99,False
2025-09-03,7,151,8.0,9.99,False
2025-09-03,7,152,5.0,2.99,False
2025-09-03,7,153,9.0,12.99,False
2025-09-03,7,154,5.78,3.99,False
2025-09-03,7,155,3.2,3.49,False
2025-09-03,7,156,1.48,11.99,False
2025-09-03,7,157,5.46,2.99,False
2025-09-03,7,158,5.0,2.49,False
2025-09-03,7,159,9.97,12.99,False
2025-09-03,7,160,6.0,3.99,False
2025-09-04,7,101,45.4,1.49,False
2025-09-04,7,102,77.0,0.79,False
2025-09-04,7,103,11.0,2.99,False
2025-09-04,7,104,9.25,1.99,False
2025-09-04,7,105,50.4,3.49,False
2025-09-04,7,106,33.44,3.99,False
2025-09-04,7,107,22.0,1.89,False
2025-09-04,7,108,59.0,1.0,True
2025-09-04,7,109,7.0,1.99,False
2025-09-04,7,110,60.63,1.29,False
2025-09-04,7,111,23.07,1.59,False
2025-09-04,7,112,10.0,3.99,False
2025-09-04,7,113,10.0,0.69,False
2025-09-04,7,114,6.0,5.99,False
2025-09-04,7,115,18.0,3.49,False
2025-09-04,7,116,21.0,2.49,False
2025-09-04,7,117,18.0,3.79,False
2025-09-04,7,118,18.0,3.29,False
2025-09-04,7,119,7.0,5.49,False
2025-09-04,7,120,13.0,3.99,False
2025-09-04,7,121,5.0,4.99,False
2025-09-04,7,122,16.0,4.29,False
2025-09-04,7,123,16.0,2.99,False
2025-09-04,7,124,17.0,3.49,False
2025-09-04,7,125,8.0,3.99,False
2025-09-04,7,126,12.0,1.29,False
2025-09-04,7,127,27.9,8.99,False
2025-09-04,7,128,20.52,10.99,False
2025-09-04,7,129,15.88,9.49,False
2025-09-04,7,130,10.58,21.99,False
2025-09-04,7,131,6.0,9.99,False
2025-09-04,7,132,14.0,5.99,False
2025-09-04,7,133,7.0,3.99,False
2025-09-04,7,134,15.0,6.99,False
2025-09-04,7,135,13.0,4.99,False
2025-09-04,7,136,9.0,8.99,False
2025-09-04,7,137,7.0,3.29,False
2025-09-04,7,138,14.0,1.49,False
2025-09-04,7,139,8.0,2.99,False
2025-09-04,7,140,15.0,2.79,False
2025-09-04,7,141,3.0,5.99,False
2025-09-04,7,142,8.0,3.49,False
2025-09-04,7,143,6.0,1.19,False
2025-09-04,7,144,9.0,4.29,False
2025-09-04,7,145,10.0,9.99,False
2025-09-04,7,146,18.0,3.99,True
2025-09-04,7,147,10.0,5.99,False
2025-09-04,7,148,4.0,1.99,False
2025-09-04,7,149,2.0,2.99,False
2025-09-04,7,150,2.0,8.99,False
2025-09-04,7,151,11.0,9.99,False
2025-09-04,7,152,4.0,2.99,False
2025-09-04,7,153,2.0,12.99,False
2025-09-04,7,154,6.74,3.99,False
2025-09-04,7,155,2.66,3.49,False
2025-09-04,7,156,1.33,11.99,False
2025-09-04,7,157,1.98,2.99,False
2025-09-04,7,158,6.0,2.49,False
2025-09-04,7,159,8.79,12.99,False
2025-09-04,7,160,8.0,3.99,False
2025-09-05,7,101,59.07,1.49,False
2025-09-05,7,102,79.0,0.79,False
2025-09-05,7,103,3.0,2.99,False
2025-09-05,7,104,27.97,1.99,False
2025-09-05,7,105,64.56,3.49,False
2025-09-05,7,106,50.06,3.99,False
2025-09-05,7,107,19.0,1.89,False
2025-09-05,7,108,74.0,1.0,True
2025-09-05,7,109,15.0,1.99,False
2025-09-05,7,110,43.22,1.29,False
2025-09-05,7,111,29.25,1.59,False
2025-09-05,7,112,21.0,3.99,False
2025-09-05,7,113,16.0,0.69,False
2025-09-05,7,114,7.0,5.99,False
2025-09-05,7,115,4.0,3.49,False
2025-09-05,7,116,24.0,2.49,False
2025-09-05,7,117,37.0,3.79,False
2025-09-05,7,118,40.0,3.29,False
2025-09-05,7,119,3.0,5.49,False
2025-09-05,7,120,5.0,3.99,False
2025-09-05,7,121,11.0,4.99,False
2025-09-05,7,122,15.0,4.29,False
2025-09-05,7,123,23.0,2.99,False
2025-09-05,7,124,11.0,3.49,False
2025-09-05,7,125,10.0,3.99,False
2025-09-05,7,126,19.0,1.29,False
2025-09-05,7,127,32.13,8.99,False
2025-09-05,7,128,31.29,10.99,False
2025-09-05,7,129,17.92,9.49,False
2025-09-05,7,130,10.57,21.99,False
2025-09-05,7,131,8.0,9.99,False
2025-09-05,7,132,23.0,5.99,False
2025-09-05,7,133,10.0,3.99,False
2025-09-05,7,134,6.0,6.99,False
2025-09-05,7,135,17.0,4.99,False
2025-09-05,7,136,17.0,8.99,False
2025-09-05,7,137,8.0,3.29,False
2025-09-05,7,138,28.0,1.49,False
2025-09-05,7,139,18.0,2.99,False
2025-09-05,7,140,6.0,2.79,False
2025-09-05,7,141,4.0,5.99,False
2025-09-05,7,142,12.0,3.49,False
2025-09-05,7,143,8.0,1.19,False
2025-09-05,7,144,13.0,4.29,False
2025-09-05,7,145,3.0,9.99,False
2025-09-05,7,146,23.0,3.99,True
2025-09-05,7,147,9.0,5.99,False
2025-09-05,7,148,11.0,1.99,False
2025-09-05,7,149,6.0,2.99,False
2025-09-05,7,150,12.0,8.99,False
2025-09-05,7,151,9.0,9.99,False
2025-09-05,7,152,9.0,2.99,False
2025-09-05,7,153,6.0,12.99,False
2025-09-05,7,154,5.31,3.99,False
2025-09-05,7,155,4.28,3.49,False
2025-09-05,7,156,3.54,11.99,False
2025-09-05,7,157,3.56,2.99,False
2025-09-05,7,158,6.0,2.49,False
2025-09-05,7,159,18.57,12.99,False
2025-09-05,7,160,7.0,3.99,False
2025-09-06,7,101,71.62,1.49,False
2025-09-06,7,102,121.0,0.79,False
2025-09-06,7,103,16.0,2.99,False
2025-09-06,7,104,29.38,1.99,False
2025-09-06,7,105,28.8,3.49,False
2025-09-06,7,106,37.09,3.99,False
2025-09-06,7,107,29.0,1.89,False
2025-09-06,7,108,56.0,1.0,True
2025-09-06,7,109,13.0,1.99,False
2025-09-06,7,110,65.21,1.29,False
2025-09-06,7,111,26.32,1.59,False
2025-09-06,7,112,24.0,3.99,False
2025-09-06,7,113,7.0,0.69,False
2025-09-06,7,114,13.0,5.99,False
2025-09-06,7,115,11.0,3.49,False
2025-09-06,7,116,32.0,2.49,False
2025-09-06,7,117,40.0,3.79,False
2025-09-06,7,118,29.0,3.29,False
2025-09-06,7,119,10.0,5.49,False
2025-09-06,7,120,22.0,3.99,False
2025-09-06,7,121,13.0,4.99,False
2025-09-06,7,122,18.0,4.29,False
2025-09-06,7,123,22.0,2.99,False
2025-09-06,7,124,14.0,3.49,False
2025-09-06,7,125,9.0,3.99,False
2025-09-06,7,126,23.0,1.29,False
2025-09-06,7,127,57.87,8.99,False
2025-09-06,7,128,11.6,10.99,False
2025-09-06,7,129,15.03,9.49,False
2025-09-06,7,130,16.71,21.99,False
2025-09-06,7,131,9.0,9.99,False
2025-09-06,7,132,23.0,5.99,False
2025-09-06,7,133,14.0,3.99,False
2025-09-06,7,134,16.0,6.99,False
2025-09-06,7,135,32.0,4.99,False
2025-09-06,7,136,13.0,8.99,False
2025-09-06,7,137,20.0,3.29,False
2025-09-06,7,138,33.0,1.49,False
2025-09-06,7,139,9.0,2.99,False
2025-09-06,7,140,22.0,2.79,False
2025-09-06,7,141,6.0,5.99,False
2025-09-06,7,142,12.0,3.49,False
2025-09-06,7,143,4.0,1.19,False
2025-09-06,7,144,7.0,4.29,False
2025-09-06,7,145,5.0,9.99,False
2025-09-06,7,146,12.0,3.99,True
2025-09-06,7,147,5.0,5.99,False
2025-09-06,7,148,7.0,1.99,False
2025-09-06,7,149,10.0,2.99,False
2025-09-06,7,150,8.0,8.99,False
2025-09-06,7,151,6.0,9.99,False
2025-09-06,7,152,6.0,2.99,False
2025-09-06,7,153,4.0,12.99,False
2025-09-06,7,154,8.47,3.99,False
2025-09-06,7,155,3.16,3.49,False
2025-09-06,7,156,2.91,11.99,False
2025-09-06,7,157,5.97,2.99,False
2025-09-06,7,158,1.0,2.49,False
2025-09-06,7,159,23.04,12.99,False
2025-09-06,7,160,11.0,3.99,False
2025-09-07,7,101,52.36,1.49,False
2025-09-07,7,102,66.0,0.79,False
2025-09-07,7,103,10.0,2.99,False
2025-09-07,7,104,14.94,1.99,False
2025-09-07,7,105,39.28,3.49,False
2025-09-07,7,106,35.32,3.99,False
2025-09-07,7,107,12.0,1.89,False
2025-09-07,7,108,34.0,1.0,True
2025-09-07,7,109,6.0,1.99,False
2025-09-07,7,110,73.18,1.29,False
2025-09-07,7,111,21.16,1.59,False
2025-09-07,7,112,12.0,3.99,False
2025-09-07,7,113,14.0,0.69,False
2025-09-07,7,114,11.0,5.99,False
2025-09-07,7,115,10.0,3.49,False
2025-09-07,7,116,22.0,2.49,False
2025-09-07,7,117,27.0,3.79,False
2025-09-07,7,118,20.0,3.29,False
2025-09-07,7,119,9.0,5.49,False
2025-09-07,7,120,21.0,3.99,False
2025-09-07,7,121,12.0,4.99,False
2025-09-07,7,122,7.0,4.29,False
2025-09-07,7,123,11.0,2.99,False
2025-09-07,7,124,15.0,3.49,False
2025-09-07,7,125,7.0,3.99,False
2025-09-07,7,126,16.0,1.29,False
2025-09-07,7,127,29.92,8.99,False
2025-09-07,7,128,26.74,10.99,False
2025-09-07,7,129,12.71,9.49,False
2025-09-07,7,130,6.73,21.99,False
2025-09-07,7,131,1.0,9.99,False
2025-09-07,7,132,7.0,5.99,False
2025-09-07,7,133,21.0,3.99,False
2025-09-07,7,134,10.0,6.99,False
2025-09-07,7,135,25.0,4.99,False
2025-09-07,7,136,11.0,8.99,False
2025-09-07,7,137,10.0,3.29,False
2025-09-07,7,138,2.0,1.49,False
2025-09-07,7,139,5.0,2.99,False
2025-09-07,7,140,5.0,2.79,False
2025-09-07,7,141,3.0,5.99,False
2025-09-07,7,142,2.0,3.49,False
2025-09-07,7,143,13.0,1.19,False
2025-09-07,7,144,8.0,4.29,False
2025-09-07,7,145,5.0,9.99,False
2025-09-07,7,146,18.0,3.99,True
2025-09-07,7,147,12.0,5.99,False
2025-09-07,7,148,7.0,1.99,False
2025-09-07,7,149,3.0,2.99,False
2025-09-07,7,150,7.0,8.99,False
2025-09-07,7,151,12.0,9.99,False
2025-09-07,7,152,4.0,2.99,False
2025-09-07,7,153,5.0,12.99,False
2025-09-07,7,154,8.6,3.99,False
2025-09-07,7,155,2.87,3.49,False
2025-09-07,7,156,3.29,11.99,False
2025-09-07,7,157,4.94,2.99,False
2025-09-07,7,158,7.0,2.49,False
2025-09-07,7,159,11.03,12.99,False
2025-09-07,7,160,7.0,3.99,False
2025-09-08,7,101,37.26,1.49,False
2025-09-08,7,102,71.0,0.79,False
2025-09-08,7,103,4.0,2.99,False
2025-09-08,7,104,17.8,1.99,False
2025-09-08,7,105,46.08,3.49,False
2025-09-08,7,106,29.15,3.99,False
2025-09-08,7,107,9.0,1.89,False
2025-09-08,7,108,24.0,1.25,False
2025-09-08,7,109,20.0,1.99,False
2025-09-08,7,110,43.65,1.29,False
2025-09-08,7,111,22.3,1.59,False
2025-09-08,7,112,12.0,3.99,False
2025-09-08,7,113,11.0,0.69,False
2025-09-08,7,114,13.0,5.99,False
2025-09-08,7,115,13.0,3.49,False
2025-09-08,7,116,21.0,2.49,False
2025-09-08,7,117,14.0,3.79,False
2025-09-08,7,118,25.0,3.29,False
2025-09-08,7,119,6.0,5.49,False
2025-09-08,7,120,6.0,3.99,False
2025-09-08,7,121,11.0,4.99,False
2025-09-08,7,122,14.0,4.29,False
2025-09-08,7,123,14.0,2.99,False
2025-09-08,7,124,11.0,3.49,False
2025-09-08,7,125,9.0,3.19,True
2025-09-08,7,126,9.0,1.29,False
2025-09-08,7,127,25.64,8.99,False
2025-09-08,7,128,9.91,10.99,False
2025-09-08,7,129,13.38,9.49,False
2025-09-08,7,130,6.45,21.99,False
2025-09-08,7,131,4.0,9.99,False
2025-09-08,7,132,9.0,5.99,False
2025-09-08,7,133,12.0,3.99,False
2025-09-08,7,134,6.0,6.99,False
2025-09-08,7,135,11.0,4.99,False
2025-09-08,7,136,8.0,8.99,False
2025-09-08,7,137,12.0,2.63,True
2025-09-08,7,138,9.0,1.49,False
2025-09-08,7,139,8.0,2.99,False
2025-09-08,7,140,12.0,2.79,False
2025-09-08,7,141,8.0,5.99,False
2025-09-08,7,142,12.0,3.49,False
2025-09-08,7,143,10.0,1.19,False
2025-09-08,7,144,12.0,3.43,True
2025-09-08,7,145,4.0,9.99,False
2025-09-08,7,146,8.0,4.99,False
2025-09-08,7,147,9.0,5.99,False
2025-09-08,7,148,8.0,1.99,False
2025-09-08,7,149,2.0,2.99,False
2025-09-08,7,150,6.0,8.99,False
2025-09-08,7,151,9.0,9.99,False
2025-09-08,7,152,2.0,2.99,False
2025-09-08,7,153,6.0,12.99,False
2025-09-08,7,154,4.25,3.99,False
2025-09-08,7,155,3.0,3.49,False
2025-09-08,7,156,2.11,11.99,False
2025-09-08,7,157,1.76,2.99,False
2025-09-08,7,158,4.0,2.49,False
2025-09-08,7,159,5.6,12.99,False
2025-09-08,7,160,9.0,3.99,False
2025-09-09,7,101,36.81,1.49,False
2025-09-09,7,102,120.0,0.79,False
2025-09-09,7,103,12.0,2.99,False
2025-09-09,7,104,24.98,1.99,False
2025-09-09,7,105,24.25,3.49,False
2025-09-09,7,106,24.45,3.99,False
2025-09-09,7,107,13.0,1.89,False
2025-09-09,7,108,22.0,1.25,False
2025-09-09,7,109,13.0,1.99,False
2025-09-09,7,110,51.76,1.29,False
2025-09-09,7,111,23.28,1.59,False
2025-09-09,7,112,13.0,3.99,False
2025-09-09,7,113,8.0,0.69,False
2025-09-09,7,114,11.0,5.99,False
2025-09-09,7,115,7.0,3.49,False
2025-09-09,7,116,10.0,2.49,False
2025-09-09,7,117,13.0,3.79,False
2025-09-09,7,118,24.0,3.29,False
2025-09-09,7,119,8.0,5.49,False
2025-09-09,7,120,8.0,3.99,False
2025-09-09,7,121,12.0,4.99,False
2025-09-09,7,122,14.0,4.29,False
2025-09-09,7,123,7.0,2.99,False
2025-09-09,7,124,16.0,3.49,False
2025-09-09,7,125,16.0,3.19,True
2025-09-09,7,126,19.0,1.29,False
2025-09-09,7,127,23.45,8.99,False
2025-09-09,7,128,27.13,10.99,False
2025-09-09,7,129,6.71,9.49,False
2025-09-09,7,130,14.31,21.99,False
2025-09-09,7,131,5.0,9.99,False
2025-09-09,7,132,12.0,5.99,False
2025-09-09,7,133,8.0,3.99,False
2025-09-09,7,134,4.0,6.99,False
2025-09-09,7,135,15.0,4.99,False
2025-09-09,7,136,5.0,8.99,False
2025-09-09,7,137,11.0,2.63,True
2025-09-09,7,138,12.0,1.49,False
2025-09-09,7,139,8.0,2.99,False
2025-09-09,7,140,5.0,2.79,False
2025-09-09,7,141,4.0,5.99,False
2025-09-09,7,142,11.0,3.49,False
2025-09-09,7,143,3.0,1.19,False
2025-09-09,7,144,17.0,3.43,True
2025-09-09,7,145,5.0,9.99,False
2025-09-09,7,146,17.0,4.99,False
2025-09-09,7,147,21.0,5.99,False
2025-09-09,7,148,5.0,1.99,False
2025-09-09,7,149,3.0,2.99,False
2025-09-09,7,150,6.0,8.99,False
2025-09-09,7,151,3.0,9.99,False
2025-09-09,7,152,1.0,2.99,False
2025-09-09,7,153,4.0,12.99,False
2025-09-09,7,154,6.82,3.99,False
2025-09-09,7,155,3.13,3.49,False
2025-09-09,7,156,1.37,11.99,False
2025-09-09,7,157,2.88,2.99,False
2025-09-09,7,158,6.0,2.49,False
2025-09-09,7,159,12.09,12.99,False
2025-09-09,7,160,10.0,3.99,False
2025-09-10,7,101,50.22,1.49,False
2025-09-10,7,102,84.0,0.79,False
2025-09-10,7,103,14.0,2.99,False
2025-09-10,7,104,13.61,1.99,False
2025-09-10,7,105,26.34,3.49,False
2025-09-10,7,106,37.51,3.99,False
2025-09-10,7,107,26.0,1.89,False
2025-09-10,7,108,19.0,1.25,False
2025-09-10,7,109,10.0,1.99,False
2025-09-10,7,110,45.01,1.29,False
2025-09-10,7,111,31.26,1.59,False
2025-09-10,7,112,17.0,3.99,False
2025-09-10,7,113,12.0,0.69,False
2025-09-10,7,114,4.0,5.99,False
2025-09-10,7,115,13.0,3.49,False
2025-09-10,7,116,13.0,2.49,False
2025-09-10,7,117,30.0,3.79,False
2025-09-10,7,118,15.0,3.29,False
2025-09-10,7,119,10.0,5.49,False
2025-09-10,7,120,11.0,3.99,False
2025-09-10,7,121,9.0,4.99,False
2025-09-10,7,122,6.0,4.29,False
2025-09-10,7,123,19.0,2.99,False
2025-09-10,7,124,10.0,3.49,False
2025-09-10,7,125,15.0,3.19,True
2025-09-10,7,126,18.0,1.29,False
2025-09-10,7,127,40.77,8.99,False
2025-09-10,7,128,27.75,10.99,False
2025-09-10,7,129,10.57,9.49,False
2025-09-10,7,130,6.07,21.99,False
2025-09-10,7,131,2.0,9.99,False
2025-09-10,7,132,9.0,5.99,False
2025-09-10,7,133,13.0,3.99,False
2025-09-10,7,134,10.0,6.99,False
2025-09-10,7,135,11.0,4.99,False
2025-09-10,7,136,5.0,8.99,False
2025-09-10,7,137,12.0,2.63,True
2025-09-10,7,138,23.0,1.49,False
2025-09-10,7,139,7.0,2.99,False
2025-09-10,7,140,7.0,2.79,False
2025-09-10,7,141,2.0,5.99,False
2025-09-10,7,142,7.0,3.49,False
2025-09-10,7,143,6.0,1.19,False
2025-09-10,7,144,26.0,3.43,True
2025-09-10,7,145,3.0,9.99,False
2025-09-10,7,146,16.0,4.99,False
2025-09-10,7,147,6.0,5.99,False
2025-09-10,7,148,10.0,1.99,False
2025-09-10,7,149,7.0,2.99,False
2025-09-10,7,150,6.0,8.99,False
2025-09-10,7,151,7.0,9.99,False
2025-09-10,7,152,7.0,2.99,False
2025-09-10,7,153,4.0,12.99,False
2025-09-10,7,154,4.86,3.99,False
2025-09-10,7,155,2.22,3.49,False
2025-09-10,7,156,1.4,11.99,False
2025-09-10,7,157,3.02,2.99,False
2025-09-10,7,158,4.0,2.49,False
2025-09-10,7,159,10.07,12.99,False
2025-09-10,7,160,5.0,3.99,False
2025-09-11,7,101,48.35,1.49,False
2025-09-11,7,102,70.0,0.79,False
2025-09-11,7,103,9.0,2.99,False
2025-09-11,7,104,19.76,1.99,False
2025-09-11,7,105,30.95,3.49,False
2025-09-11,7,106,39.68,3.99,False
2025-09-11,7,107,17.0,1.89,False
2025-09-11,7,108,30.0,1.25,False
2025-09-11,7,109,7.0,1.99,False
2025-09-11,7,110,35.78,1.29,False
2025-09-11,7,111,40.54,1.59,False
2025-09-11,7,112,29.0,3.99,False
2025-09-11,7,113,16.0,0.69,False
2025-09-11,7,114,13.0,5.99,False
2025-09-11,7,115,6.0,3.49,False
2025-09-11,7,116,18.0,2.49,False
2025-09-11,7,117,19.0,3.79,False
2025-09-11,7,118,34.0,3.29,False
2025-09-11,7,119,6.0,5.49,False
2025-09-11,7,120,8.0,3.99,False
2025-09-11,7,121,4.0,4.99,False
2025-09-11,7,122,8.0,4.29,False
2025-09-11,7,123,24.0,2.99,False
2025-09-11,7,124,12.0,3.49,False
2025-09-11,7,125,8.0,3.19,True
2025-09-11,7,126,17.0,1.29,False
2025-09-11,7,127,18.78,8.99,False
2025-09-11,7,128,28.59,10.99,False
2025-09-11,7,129,8.58,9.49,False
2025-09-11,7,130,7.91,21.99,False
2025-09-11,7,131,13.0,9.99,False
2025-09-11,7,132,26.0,5.99,False
2025-09-11,7,133,21.0,3.99,False
2025-09-11,7,134,16.0,6.99,False
2025-09-11,7,135,19.0,4.99,False
2025-09-11,7,136,9.0,8.99,False
2025-09-11,7,137,13.0,2.63,True
2025-09-11,7,138,12.0,1.49,False
2025-09-11,7,139,10.0,2.99,False
2025-09-11,7,140,6.0,2.79,False
2025-09-11,7,141,5.0,5.99,False
2025-09-11,7,142,6.0,3.49,False
2025-09-11,7,143,8.0,1.19,False
2025-09-11,7,144,14.0,3.43,True
2025-09-11,7,145,0.0,9.99,False
2025-09-11,7,146,9.0,4.99,False
2025-09-11,7,147,17.0,5.99,False
2025-09-11,7,148,8.0,1.99,False
2025-09-11,7,149,8.0,2.99,False
2025-09-11,7,150,8.0,8.99,False
2025-09-11,7,151,7.0,9.99,False
2025-09-11,7,152,3.0,2.99,False
2025-09-11,7,153,5.0,12.99,False
2025-09-11,7,154,6.39,3.99,False
2025-09-11,7,155,2.54,3.49,False
2025-09-11,7,156,3.81,11.99,False
2025-09-11,7,157,4.3,2.99,False
2025-09-11,7,158,2.0,2.49,False
2025-09-11,7,159,7.73,12.99,False
2025-09-11,7,160,7.0,3.99,False
2025-09-12,7,101,56.75,1.49,False
2025-09-12,7,102,81.0,0.79,False
2025-09-12,7,103,9.0,2.99,False
2025-09-12,7,104,34.17,1.99,False
2025-09-12,7,105,38.12,3.49,False
2025-09-12,7,106,47.2,3.99,False
2025-09-12,7,107,12.0,1.89,False
2025-09-12,7,108,25.0,1.25,False
2025-09-12,7,109,13.0,1.99,False
2025-09-12,7,110,45.92,1.29,False
2025-09-12,7,111,23.36,1.59,False
2025-09-12,7,112,32.0,3.99,False
2025-09-12,7,113,8.0,0.69,False
2025-09-12,7,114,13.0,5.99,False
2025-09-12,7,115,12.0,3.49,False
2025-09-12,7,116,20.0,2.49,False
2025-09-12,7,117,23.0,3.79,False
2025-09-12,7,118,21.0,3.29,False
2025-09-12,7,119,8.0,5.49,False
2025-09-12,7,120,15.0,3.99,False
2025-09-12,7,121,6.0,4.99,False
2025-09-12,7,122,13.0,4.29,False
2025-09-12,7,123,37.0,2.99,False
2025-09-12,7,124,14.0,3.49,False
2025-09-12,7,125,14.0,3.19,True
2025-09-12,7,126,24.0,1.29,False
2025-09-12,7,127,22.18,8.99,False
2025-09-12,7,128,19.76,10.99,False
2025-09-12,7,129,13.21,9.49,False
2025-09-12,7,130,7.77,21.99,False
2025-09-12,7,131,13.0,9.99,False
2025-09-12,7,132,26.0,5.99,False
2025-09-12,7,133,16.0,3.99,False
2025-09-12,7,134,16.0,6.99,False
2025-09-12,7,135,25.0,4.99,False
2025-09-12,7,136,5.0,8.99,False
2025-09-12,7,137,14.0,2.63,True
2025-09-12,7,138,11.0,1.49,False
2025-09-12,7,139,17.0,2.99,False
2025-09-12,7,140,11.0,2.79,False
2025-09-12,7,141,3.0,5.99,False
2025-09-12,7,142,17.0,3.49,False
2025-09-12,7,143,10.0,1.19,False
2025-09-12,7,144,14.0,3.43,True
2025-09-12,7,145,7.0,9.99,False
2025-09-12,7,146,17.0,4.99,False
2025-09-12,7,147,8.0,5.99,False
2025-09-12,7,148,1.0,1.99,False
2025-09-12,7,149,7.0,2.99,False
2025-09-12,7,150,11.0,8.99,False
2025-09-12,7,151,12.0,9.99,False
2025-09-12,7,152,6.0,2.99,False
2025-09-12,7,153,7.0,12.99,False
2025-09-12,7,154,6.64,3.99,False
2025-09-12,7,155,2.65,3.49,False
2025-09-12,7,156,1.61,11.99,False
2025-09-12,7,157,4.98,2.99,False
2025-09-12,7,158,7.0,2.49,False
2025-09-12,7,159,14.87,12.99,False
2025-09-12,7,160,7.0,3.99,False
2025-09-13,7,101,56.17,1.49,False
2025-09-13,7,102,89.0,0.79,False
2025-09-13,7,103,16.0,2.99,False
2025-09-13,7,104,12.39,1.99,False
2025-09-13,7,105,59.06,3.49,False
2025-09-13,7,106,51.72,3.99,False
2025-09-13,7,107,32.0,1.89,False
2025-09-13,7,108,17.0,1.25,False
2025-09-13,7,109,12.0,1.99,False
2025-09-13,7,110,71.23,1.29,False
2025-09-13,7,111,39.14,1.59,False
2025-09-13,7,112,21.0,3.99,False
2025-09-13,7,113,23.0,0.69,False
2025-09-13,7,114,28.0,5.99,False
2025-09-13,7,115,23.0,3.49,False
2025-09-13,7,116,15.0,2.49,False
2025-09-13,7,117,38.0,3.79,False
2025-09-13,7,118,36.0,3.29,False
2025-09-13,7,119,9.0,5.49,False
2025-09-13,7,120,29.0,3.99,False
2025-09-13,7,121,5.0,4.99,False
2025-09-13,7,122,14.0,4.29,False
2025-09-13,7,123,35.0,2.99,False
2025-09-13,7,124,21.0,3.49,False
2025-09-13,7,125,13.0,3.19,True
2025-09-13,7,126,33.0,1.29,False
2025-09-13,7,127,24.51,8.99,False
2025-09-13,7,128,29.31,10.99,False
2025-09-13,7,129,21.22,9.49,False
2025-09-13,7,130,16.25,21.99,False
2025-09-13,7,131,12.0,9.99,False
2025-09-13,7,132,23.0,5.99,False
2025-09-13,7,133,32.0,3.99,False
2025-09-13,7,134,16.0,6.99,False
2025-09-13,7,135,38.0,4.99,False
2025-09-13,7,136,6.0,8.99,False
2025-09-13,7,137,18.0,2.63,True
2025-09-13,7,138,21.0,1.49,False
2025-09-13,7,139,8.0,2.99,False
2025-09-13,7,140,11.0,2.79,False
2025-09-13,7,141,7.0,5.99,False
2025-09-13,7,142,13.0,3.49,False
2025-09-13,7,143,9.0,1.19,False
2025-09-13,7,144,19.0,3.43,True
2025-09-13,7,145,8.0,9.99,False
2025-09-13,7,146,14.0,4.99,False
2025-09-13,7,147,15.0,5.99,False
2025-09-13,7,148,5.0,1.99,False
2025-09-13,7,149,6.0,2.99,False
2025-09-13,7,150,10.0,8.99,False
2025-09-13,7,151,14.0,9.99,False
2025-09-13,7,152,5.0,2.99,False
2025-09-13,7,153,6.0,12.99,False
2025-09-13,7,154,4.66,3.99,False
2025-09-13,7,155,3.97,3.49,False
2025-09-13,7,156,2.76,11.99,False
2025-09-13,7,157,4.05,2.99,False
2025-09-13,7,158,9.0,2.49,False
2025-09-13,7,159,18.56,12.99,False
2025-09-13,7,160,10.0,3.99,False
2025-09-14,7,101,50.79,1.49,False
2025-09-14,7,102,51.0,0.79,False
2025-09-14,7,103,11.0,2.99,False
2025-09-14,7,104,26.62,1.99,False
2025-09-14,7,105,67.98,3.49,False
2025-09-14,7,106,26.79,3.99,False
2025-09-14,7,107,20.0,1.89,False
2025-09-14,7,108,22.0,1.25,False
2025-09-14,7,109,8.0,1.99,False
2025-09-14,7,110,41.03,1.29,False
2025-09-14,7,111,23.94,1.59,False
2025-09-14,7,112,40.0,3.99,False
2025-09-14,7,113,14.0,0.69,False
2025-09-14,7,114,14.0,5.99,False
2025-09-14,7,115,9.0,3.49,False
2025-09-14,7,116,29.0,2.49,False
2025-09-14,7,117,20.0,3.79,False
2025-09-14,7,118,19.0,3.29,False
2025-09-14,7,119,7.0,5.49,False
2025-09-14,7,120,9.0,3.99,False
2025-09-14,7,121,9.0,4.99,False
2025-09-14,7,122,12.0,4.29,False
2025-09-14,7,123,21.0,2.99,False
2025-09-14,7,124,12.0,3.49,False
2025-09-14,7,125,12.0,3.19,True
2025-09-14,7,126,26.0,1.29,False
2025-09-14,7,127,37.32,8.99,False
2025-09-14,7,128,32.78,10.99,False
2025-09-14,7,129,9.58,9.49,False
2025-09-14,7,130,11.1,21.99,False
2025-09-14,7,131,4.0,9.99,False
2025-09-14,7,132,19.0,5.99,False
2025-09-14,7,133,18.0,3.99,False
2025-09-14,7,134,10.0,6.99,False
2025-09-14,7,135,18.0,4.99,False
2025-09-14,7,136,13.0,8.99,False
2025-09-14,7,137,12.0,2.63,True
2025-09-14,7,138,14.0,1.49,False
2025-09-14,7,139,12.0,2.99,False
2025-09-14,7,140,7.0,2.79,False
2025-09-14,7,141,6.0,5.99,False
2025-09-14,7,142,9.0,3.49,False
2025-09-14,7,143,7.0,1.19,False
2025-09-14,7,144,21.0,3.43,True
2025-09-14,7,145,9.0,9.99,False
2025-09-14,7,146,10.0,4.99,False
2025-09-14,7,147,12.0,5.99,False
2025-09-14,7,148,2.0,1.99,False
2025-09-14,7,149,6.0,2.99,False
2025-09-14,7,150,7.0,8.99,False
2025-09-14,7,151,14.0,9.99,False
2025-09-14,7,152,10.0,2.99,False
2025-09-14,7,153,5.0,12.99,False
2025-09-14,7,154,6.98,3.99,False
2025-09-14,7,155,5.19,3.49,False
2025-09-14,7,156,2.78,11.99,False
2025-09-14,7,157,3.73,2.99,False
2025-09-14,7,158,13.0,2.49,False
2025-09-14,7,159,13.12,12.99,False
2025-09-14,7,160,4.0,3.99,False
2025-09-15,7,101,62.91,1.49,False
2025-09-15,7,102,137.0,0.63,True
2025-09-15,7,103,15.0,2.99,False
2025-09-15,7,104,16.44,1.99,False
2025-09-15,7,105,36.14,3.49,False
2025-09-15,7,106,46.52,3.99,False
2025-09-15,7,107,14.0,1.89,False
2025-09-15,7,108,15.0,1.25,False
2025-09-15,7,109,5.0,1.99,False
2025-09-15,7,110,29.77,1.29,False
2025-09-15,7,111,17.7,1.59,False
2025-09-15,7,112,10.0,3.99,False
2025-09-15,7,113,13.0,0.69,False
2025-09-15,7,114,8.0,5.99,False
2025-09-15,7,115,7.0,3.49,False
2025-09-15,7,116,20.0,2.49,False
2025-09-15,7,117,18.0,3.79,False
2025-09-15,7,118,24.0,3.29,False
2025-09-15,7,119,10.0,5.49,False
2025-09-15,7,120,4.0,3.99,False
2025-09-15,7,121,7.0,4.99,False
2025-09-15,7,122,16.0,4.29,False
2025-09-15,7,123,13.0,2.99,False
2025-09-15,7,124,12.0,3.49,False
2025-09-15,7,125,11.0,3.99,False
2025-09-15,7,126,7.0,1.29,False
2025-09-15,7,127,20.73,8.99,False
2025-09-15,7,128,15.65,10.99,False
2025-09-15,7,129,4.75,9.49,False
2025-09-15,7,130,8.55,21.99,False
2025-09-15,7,131,2.0,9.99,False
2025-09-15,7,132,9.0,5.99,False
2025-09-15,7,133,24.0,3.19,True
2025-09-15,7,134,10.0,6.99,False
2025-09-15,7,135,19.0,4.99,False
2025-09-15,7,136,6.0,8.99,False
2025-09-15,7,137,4.0,3.29,False
2025-09-15,7,138,16.0,1.49,False
2025-09-15,7,139,3.0,2.99,False
2025-09-15,7,140,7.0,2.79,False
2025-09-15,7,141,0.0,5.99,False
2025-09-15,7,142,7.0,3.49,False
2025-09-15,7,143,3.0,1.19,False
2025-09-15,7,144,12.0,4.29,False
2025-09-15,7,145,6.0,9.99,False
2025-09-15,7,146,13.0,4.99,False
2025-09-15,7,147,11.0,5.99,False
2025-09-15,7,148,11.0,1.99,False
2025-09-15,7,149,6.0,2.99,False
2025-09-15,7,150,10.0,8.99,False
2025-09-15,7,151,14.0,9.99,False
2025-09-15,7,152,2.0,2.99,False
2025-09-15,7,153,4.0,12.99,False
2025-09-15,7,154,7.97,3.99,False
2025-09-15,7,155,2.18,3.49,False
2025-09-15,7,156,1.44,11.99,False
2025-09-15,7,157,5.56,2.99,False
2025-09-15,7,158,3.0,2.49,False
2025-09-15,7,159,16.31,12.99,False
2025-09-15,7,160,9.0,3.19,True
