date,store_id,product_id,expected_demand,demand,true_sales,lost
2025-08-15,7,101,33.4631,39.77,39.77,0.0
2025-08-15,7,102,88.3426,60.0,60.0,0.0
2025-08-15,7,103,11.3812,18.0,18.0,0.0
2025-08-15,7,104,10.7082,11.99,11.99,0.0
2025-08-15,7,105,20.0779,19.45,19.45,0.0
2025-08-15,7,106,18.2739,20.34,20.34,0.0
2025-08-15,7,107,18.7393,18.0,18.0,0.0
2025-08-15,7,108,26.7705,23.0,23.0,0.0
2025-08-15,7,109,13.3852,12.0,12.0,0.0
2025-08-15,7,110,24.0934,16.4,16.4,0.0
2025-08-15,7,111,13.3852,19.01,19.01,0.0
2025-08-15,7,112,24.3643,28.0,28.0,0.0
2025-08-15,7,113,16.0623,18.0,18.0,0.0
2025-08-15,7,114,18.8988,18.0,18.0,0.0
2025-08-15,7,115,13.3852,9.0,9.0,0.0
2025-08-15,7,116,24.5738,15.0,15.0,0.0
2025-08-15,7,117,30.7172,29.0,29.0,0.0
2025-08-15,7,118,27.0312,28.0,28.0,0.0
2025-08-15,7,119,9.8295,7.0,7.0,0.0
2025-08-15,7,120,19.659,22.0,22.0,0.0
2025-08-15,7,121,9.8295,8.0,8.0,0.0
2025-08-15,7,122,13.3852,11.0,11.0,0.0
2025-08-15,7,123,21.5417,24.0,24.0,0.0
2025-08-15,7,124,14.3611,15.0,15.0,0.0
2025-08-15,7,125,9.5741,9.0,9.0,0.0
2025-08-15,7,126,17.9514,22.0,22.0,0.0
2025-08-15,7,127,15.6925,17.3,17.3,0.0
2025-08-15,7,128,13.0771,10.44,10.44,0.0
2025-08-15,7,129,6.5386,5.34,5.34,0.0
2025-08-15,7,130,4.9148,7.08,7.08,0.0
2025-08-15,7,131,6.418,4.0,4.0,0.0
2025-08-15,7,132,20.79,28.0,28.0,0.0
2025-08-15,7,133,20.0779,24.0,24.0,0.0
2025-08-15,7,134,13.3852,12.0,12.0,0.0
2025-08-15,7,135,25.8711,30.0,30.0,0.0
2025-08-15,7,136,8.2085,10.0,10.0,0.0
2025-08-15,7,137,12.6142,18.0,18.0,0.0
2025-08-15,7,138,14.0717,10.0,10.0,0.0
2025-08-15,7,139,9.3811,6.0,6.0,0.0
2025-08-15,7,140,8.2085,3.0,3.0,0.0
2025-08-15,7,141,4.6906,4.0,4.0,0.0
2025-08-15,7,142,8.2085,4.0,4.0,0.0
2025-08-15,7,143,7.3538,5.0,5.0,0.0
2025-08-15,7,144,13.1335,8.0,8.0,0.0
2025-08-15,7,145,4.6906,6.0,6.0,0.0
2025-08-15,7,146,19.5792,30.0,29.0,1.0
2025-08-15,7,147,11.5525,16.0,16.0,0.0
2025-08-15,7,148,6.418,8.0,8.0,0.0
2025-08-15,7,149,11.1336,12.0,6.0,6.0
2025-08-15,7,150,8.6008,4.0,4.0,0.0
2025-08-15,7,151,11.0582,12.0,12.0,0.0
2025-08-15,7,152,6.1434,6.0,6.0,0.0
2025-08-15,7,153,4.9148,8.0,8.0,0.0
2025-08-15,7,154,7.3721,7.85,7.85,0.0
2025-08-15,7,155,3.6861,1.62,1.62,0.0
2025-08-15,7,156,2.4574,3.49,3.49,0.0
2025-08-15,7,157,4.9148,4.63,4.63,0.0
2025-08-15,7,158,6.6926,12.0,12.0,0.0
2025-08-15,7,159,5.2308,5.41,5.41,0.0
2025-08-15,7,160,7.3721,6.0,6.0,0.0
2025-08-16,7,101,39.5209,51.24,51.24,0.0
2025-08-16,7,102,104.3352,76.0,76.0,0.0
2025-08-16,7,103,13.4825,14.0,14.0,0.0
2025-08-16,7,104,12.6467,20.58,20.58,0.0
2025-08-16,7,105,23.7125,26.5,26.5,0.0
2025-08-16,7,106,20.5089,9.33,9.33,0.0
2025-08-16,7,107,22.1317,13.0,13.0,0.0
2025-08-16,7,108,31.6167,40.0,40.0,0.0
2025-08-16,7,109,15.8084,16.0,16.0,0.0
2025-08-16,7,110,28.4551,21.35,21.35,0.0
2025-08-16,7,111,15.8084,23.6,23.6,0.0
2025-08-16,7,112,26.6557,16.0,16.0,0.0
2025-08-16,7,113,18.97,26.0,26.0,0.0
2025-08-16,7,114,18.1562,20.0,20.0,0.0
2025-08-16,7,115,15.8084,9.0,9.0,0.0
2025-08-16,7,116,29.0433,22.0,22.0,0.0
2025-08-16,7,117,36.3041,46.0,46.0,0.0
2025-08-16,7,118,31.9476,27.0,27.0,0.0
2025-08-16,7,119,11.6173,20.0,20.0,0.0
2025-08-16,7,120,23.2346,25.0,25.0,0.0
2025-08-16,7,121,11.6173,18.0,18.0,0.0
2025-08-16,7,122,15.8084,14.0,14.0,0.0
2025-08-16,7,123,25.479,24.0,24.0,0.0
2025-08-16,7,124,16.986,15.0,15.0,0.0
2025-08-16,7,125,11.324,19.0,19.0,0.0
2025-08-16,7,126,21.2325,21.0,21.0,0.0
2025-08-16,7,127,18.5323,18.08,18.08,0.0
2025-08-16,7,128,15.4436,12.88,12.88,0.0
2025-08-16,7,129,7.7218,8.18,8.18,0.0
2025-08-16,7,130,5.8087,3.72,3.72,0.0
2025-08-16,7,131,7.5825,6.0,6.0,0.0
2025-08-16,7,132,22.1727,25.0,25.0,0.0
2025-08-16,7,133,23.7125,29.0,29.0,0.0
2025-08-16,7,134,15.8084,11.0,11.0,0.0
2025-08-16,7,135,26.8969,16.0,16.0,0.0
2025-08-16,7,136,9.7051,7.0,7.0,0.0
2025-08-16,7,137,12.4624,16.0,16.0,0.0
2025-08-16,7,138,16.6373,15.0,15.0,0.0
2025-08-16,7,139,11.0915,9.0,9.0,0.0
2025-08-16,7,140,9.7051,5.0,5.0,0.0
2025-08-16,7,141,5.5458,4.0,4.0,0.0
2025-08-16,7,142,9.7051,14.0,14.0,0.0
2025-08-16,7,143,9.4102,6.0,6.0,0.0
2025-08-16,7,144,15.5281,17.0,17.0,0.0
2025-08-16,7,145,5.5458,4.0,4.0,0.0
2025-08-16,7,146,19.3215,22.0,18.0,4.0
2025-08-16,7,147,13.6485,14.0,14.0,0.0
2025-08-16,7,148,7.5825,5.0,5.0,0.0
2025-08-16,7,149,9.6862,11.0,6.0,5.0
2025-08-16,7,150,10.1652,8.0,8.0,0.0
2025-08-16,7,151,13.0695,14.0,14.0,0.0
2025-08-16,7,152,7.2608,6.0,6.0,0.0
2025-08-16,7,153,5.8087,3.0,3.0,0.0
2025-08-16,7,154,8.713,5.07,5.07,0.0
2025-08-16,7,155,4.3565,4.02,4.02,0.0
2025-08-16,7,156,2.9043,2.03,2.03,0.0
2025-08-16,7,157,5.8087,8.23,8.23,0.0
2025-08-16,7,158,7.9042,10.0,10.0,0.0
2025-08-16,7,159,6.1774,5.4,5.4,0.0
2025-08-16,7,160,8.713,8.0,8.0,0.0
2025-08-17,7,101,31.8986,28.35,28.35,0.0
2025-08-17,7,102,84.2124,57.0,57.0,0.0
2025-08-17,7,103,10.9165,6.0,6.0,0.0
2025-08-17,7,104,10.2076,12.07,12.07,0.0
2025-08-17,7,105,19.1392,25.94,25.94,0.0
2025-08-17,7,106,16.1932,8.4,8.4,0.0
2025-08-17,7,107,17.8632,23.0,23.0,0.0
2025-08-17,7,108,25.5189,28.0,28.0,0.0
2025-08-17,7,109,12.7595,10.0,10.0,0.0
2025-08-17,7,110,22.967,23.32,23.32,0.0
2025-08-17,7,111,12.7595,9.44,9.44,0.0
2025-08-17,7,112,20.8163,15.0,15.0,0.0
2025-08-17,7,113,15.3114,25.0,25.0,0.0
2025-08-17,7,114,13.3853,18.0,18.0,0.0
2025-08-17,7,115,12.7595,10.0,10.0,0.0
2025-08-17,7,116,23.4593,15.0,15.0,0.0
2025-08-17,7,117,29.3241,41.0,41.0,0.0
2025-08-17,7,118,25.8052,21.0,21.0,0.0
2025-08-17,7,119,9.3837,10.0,10.0,0.0
2025-08-17,7,120,18.7674,21.0,21.0,0.0
2025-08-17,7,121,9.3837,16.0,16.0,0.0
2025-08-17,7,122,12.7595,13.0,13.0,0.0
2025-08-17,7,123,20.596,34.0,34.0,0.0
2025-08-17,7,124,13.7307,13.0,13.0,0.0
2025-08-17,7,125,9.1538,11.0,11.0,0.0
2025-08-17,7,126,17.1634,12.0,12.0,0.0
2025-08-17,7,127,14.9572,8.72,8.72,0.0
2025-08-17,7,128,12.4644,17.91,17.91,0.0
2025-08-17,7,129,6.2322,7.38,7.38,0.0
2025-08-17,7,130,4.6919,2.87,2.87,0.0
2025-08-17,7,131,6.1223,3.0,3.0,0.0
2025-08-17,7,132,17.1259,28.0,22.0,6.0
2025-08-17,7,133,19.1392,18.0,18.0,0.0
2025-08-17,7,134,12.7595,11.0,11.0,0.0
2025-08-17,7,135,20.5476,34.0,34.0,0.0
2025-08-17,7,136,7.8422,4.0,4.0,0.0
2025-08-17,7,137,9.3133,4.0,4.0,0.0
2025-08-17,7,138,13.4438,14.0,14.0,0.0
2025-08-17,7,139,8.9625,10.0,10.0,0.0
2025-08-17,7,140,7.8422,5.0,5.0,0.0
2025-08-17,7,141,4.4813,7.0,7.0,0.0
2025-08-17,7,142,7.8422,13.0,13.0,0.0
2025-08-17,7,143,7.8801,10.0,10.0,0.0
2025-08-17,7,144,12.5475,14.0,14.0,0.0
2025-08-17,7,145,4.4813,1.0,1.0,0.0
2025-08-17,7,146,14.4223,13.0,12.0,1.0
2025-08-17,7,147,11.0201,12.0,12.0,0.0
2025-08-17,7,148,6.1223,3.0,3.0,0.0
2025-08-17,7,149,6.8537,3.0,3.0,0.0
2025-08-17,7,150,8.2107,13.0,13.0,0.0
2025-08-17,7,151,10.5567,7.0,7.0,0.0
2025-08-17,7,152,5.8648,4.0,4.0,0.0
2025-08-17,7,153,4.6919,11.0,11.0,0.0
2025-08-17,7,154,7.0378,5.38,5.38,0.0
2025-08-17,7,155,3.5189,3.81,3.81,0.0
2025-08-17,7,156,2.3459,2.31,2.31,0.0
2025-08-17,7,157,4.6919,3.56,3.56,0.0
2025-08-17,7,158,6.3797,6.0,6.0,0.0
2025-08-17,7,159,4.9857,6.28,6.28,0.0
2025-08-17,7,160,7.0378,9.0,9.0,0.0
2025-08-18,7,101,25.8042,18.05,18.05,0.0
2025-08-18,7,102,68.1231,58.0,58.0,0.0
2025-08-18,7,103,14.1754,7.0,7.0,0.0
2025-08-18,7,104,8.2573,8.66,8.66,0.0
2025-08-18,7,105,15.4825,12.25,12.25,0.0
2025-08-18,7,106,13.0602,11.82,11.82,0.0
2025-08-18,7,107,14.4504,15.0,15.0,0.0
2025-08-18,7,108,20.6434,26.0,26.0,0.0
2025-08-18,7,109,10.3217,10.0,10.0,0.0
2025-08-18,7,110,18.579,12.14,12.14,0.0
2025-08-18,7,111,10.3217,9.37,9.37,0.0
2025-08-18,7,112,16.7636,20.0,20.0,0.0
2025-08-18,7,113,12.386,21.0,21.0,0.0
2025-08-18,7,114,10.6698,18.0,18.0,0.0
2025-08-18,7,115,10.3217,8.0,8.0,0.0
2025-08-18,7,116,18.9919,20.0,20.0,0.0
2025-08-18,7,117,23.7398,21.0,21.0,0.0
2025-08-18,7,118,20.891,20.0,20.0,0.0
2025-08-18,7,119,12.1548,7.0,7.0,0.0
2025-08-18,7,120,9.4959,4.0,4.0,0.0
2025-08-18,7,121,7.5967,7.0,7.0,0.0
2025-08-18,7,122,10.3217,16.0,16.0,0.0
2025-08-18,7,123,16.6868,17.0,17.0,0.0
2025-08-18,7,124,11.1245,15.0,15.0,0.0
2025-08-18,7,125,7.4163,9.0,9.0,0.0
2025-08-18,7,126,22.249,20.0,20.0,0.0
2025-08-18,7,127,12.099,8.47,8.47,0.0
2025-08-18,7,128,10.0825,9.21,9.21,0.0
2025-08-18,7,129,5.0413,4.46,4.46,0.0
2025-08-18,7,130,3.7984,4.55,4.55,0.0
2025-08-18,7,131,4.9544,8.0,8.0,0.0
2025-08-18,7,132,13.7711,10.0,10.0,0.0
2025-08-18,7,133,15.4825,16.0,16.0,0.0
2025-08-18,7,134,10.3217,7.0,7.0,0.0
2025-08-18,7,135,16.4977,17.0,17.0,0.0
2025-08-18,7,136,6.3513,11.0,11.0,0.0
2025-08-18,7,137,11.9284,8.0,8.0,0.0
2025-08-18,7,138,17.4208,16.0,16.0,0.0
2025-08-18,7,139,7.2587,5.0,5.0,0.0
2025-08-18,7,140,6.3513,8.0,8.0,0.0
2025-08-18,7,141,3.6293,0.0,0.0,0.0
2025-08-18,7,142,6.3513,5.0,5.0,0.0
2025-08-18,7,143,6.4285,10.0,10.0,0.0
2025-08-18,7,144,6.3513,5.0,5.0,0.0
2025-08-18,7,145,3.6293,2.0,2.0,0.0
2025-08-18,7,146,11.5309,5.0,5.0,0.0
2025-08-18,7,147,8.9179,17.0,17.0,0.0
2025-08-18,7,148,4.9544,9.0,9.0,0.0
2025-08-18,7,149,5.4474,6.0,6.0,0.0
2025-08-18,7,150,6.6472,5.0,5.0,0.0
2025-08-18,7,151,8.5463,8.0,8.0,0.0
2025-08-18,7,152,4.748,7.0,7.0,0.0
2025-08-18,7,153,3.7984,3.0,3.0,0.0
2025-08-18,7,154,5.6976,4.82,4.82,0.0
2025-08-18,7,155,2.8488,2.51,2.51,0.0
2025-08-18,7,156,3.0387,2.46,2.46,0.0
2025-08-18,7,157,3.7984,3.4,3.4,0.0
2025-08-18,7,158,5.1608,6.0,6.0,0.0
2025-08-18,7,159,4.033,4.25,4.25,0.0
2025-08-18,7,160,5.6976,2.0,2.0,0.0
2025-08-19,7,101,25.7851,39.73,39.73,0.0
2025-08-19,7,102,68.0727,76.0,76.0,0.0
2025-08-19,7,103,14.2125,9.0,9.0,0.0
2025-08-19,7,104,8.2512,6.68,6.68,0.0
2025-08-19,7,105,15.4711,17.53,17.53,0.0
2025-08-19,7,106,12.882,13.94,13.94,0.0
2025-08-19,7,107,14.4397,12.0,12.0,0.0
2025-08-19,7,108,20.6281,19.0,19.0,0.0
2025-08-19,7,109,10.314,10.0,10.0,0.0
2025-08-19,7,110,18.5653,27.38,27.38,0.0
2025-08-19,7,111,10.314,9.29,9.29,0.0
2025-08-19,7,112,16.4277,13.0,13.0,0.0
2025-08-19,7,113,12.3768,9.0,9.0,0.0
2025-08-19,7,114,10.093,16.0,16.0,0.0
2025-08-19,7,115,10.314,11.0,11.0,0.0
2025-08-19,7,116,18.9929,17.0,17.0,0.0
2025-08-19,7,117,23.7411,36.0,36.0,0.0
2025-08-19,7,118,20.8922,20.0,20.0,0.0
2025-08-19,7,119,12.1554,12.0,12.0,0.0
2025-08-19,7,120,9.4964,8.0,8.0,0.0
2025-08-19,7,121,7.5971,10.0,10.0,0.0
2025-08-19,7,122,10.314,14.0,14.0,0.0
2025-08-19,7,123,16.7007,20.0,20.0,0.0
2025-08-19,7,124,11.1338,16.0,16.0,0.0
2025-08-19,7,125,7.4225,6.0,6.0,0.0
2025-08-19,7,126,22.2675,16.0,16.0,0.0
2025-08-19,7,127,12.0896,8.01,8.01,0.0
2025-08-19,7,128,10.0747,8.42,8.42,0.0
2025-08-19,7,129,5.0373,4.11,4.11,0.0
2025-08-19,7,130,3.7986,3.74,3.74,0.0
2025-08-19,7,131,4.9526,9.0,9.0,0.0
2025-08-19,7,132,13.4077,14.0,14.0,0.0
2025-08-19,7,133,15.4711,21.0,21.0,0.0
2025-08-19,7,134,10.314,11.0,11.0,0.0
2025-08-19,7,135,15.9583,14.0,14.0,0.0
2025-08-19,7,136,6.3543,7.0,7.0,0.0
2025-08-19,7,137,11.3894,12.0,12.0,0.0
2025-08-19,7,138,17.429,8.0,8.0,0.0
2025-08-19,7,139,7.2621,4.0,4.0,0.0
2025-08-19,7,140,6.3543,4.0,4.0,0.0
2025-08-19,7,141,3.631,3.0,3.0,0.0
2025-08-19,7,142,6.3543,3.0,3.0,0.0
2025-08-19,7,143,6.5769,5.0,5.0,0.0
2025-08-19,7,144,6.3543,0.0,0.0,0.0
2025-08-19,7,145,3.631,2.0,2.0,0.0
2025-08-19,7,146,10.9959,17.0,17.0,0.0
2025-08-19,7,147,8.9147,7.0,7.0,0.0
2025-08-19,7,148,4.9526,7.0,7.0,0.0
2025-08-19,7,149,5.0368,4.0,4.0,0.0
2025-08-19,7,150,6.6475,2.0,2.0,0.0
2025-08-19,7,151,8.5468,7.0,7.0,0.0
2025-08-19,7,152,4.7482,5.0,5.0,0.0
2025-08-19,7,153,3.7986,4.0,4.0,0.0
2025-08-19,7,154,5.6979,7.52,7.52,0.0
2025-08-19,7,155,2.8489,4.25,4.25,0.0
2025-08-19,7,156,3.0389,3.56,3.56,0.0
2025-08-19,7,157,3.7986,2.59,2.59,0.0
2025-08-19,7,158,5.157,2.0,2.0,0.0
2025-08-19,7,159,4.0299,3.14,3.14,0.0
2025-08-19,7,160,5.6979,9.0,9.0,0.0
2025-08-20,7,101,27.281,37.06,37.06,0.0
2025-08-20,7,102,72.0218,69.0,69.0,0.0
2025-08-20,7,103,15.0891,16.0,16.0,0.0
2025-08-20,7,104,8.7299,12.75,12.75,0.0
2025-08-20,7,105,16.3686,25.02,25.02,0.0
2025-08-20,7,106,14.0303,15.37,15.37,0.0
2025-08-20,7,107,15.2774,10.0,10.0,0.0
2025-08-20,7,108,21.8248,15.0,15.0,0.0
2025-08-20,7,109,10.9124,9.0,9.0,0.0
2025-08-20,7,110,19.6423,21.23,21.23,0.0
2025-08-20,7,111,10.9124,10.39,10.39,0.0
2025-08-20,7,112,18.1535,10.0,10.0,0.0
2025-08-20,7,113,13.0949,18.0,18.0,0.0
2025-08-20,7,114,11.9565,13.0,13.0,0.0
2025-08-20,7,115,10.9124,12.0,12.0,0.0
2025-08-20,7,116,20.1112,21.0,21.0,0.0
2025-08-20,7,117,25.139,30.0,30.0,0.0
2025-08-20,7,118,22.1223,25.0,25.0,0.0
2025-08-20,7,119,12.8711,8.0,8.0,0.0
2025-08-20,7,120,10.0556,12.0,12.0,0.0
2025-08-20,7,121,8.0445,8.0,8.0,0.0
2025-08-20,7,122,10.9124,6.0,6.0,0.0
2025-08-20,7,123,17.6979,23.0,23.0,0.0
2025-08-20,7,124,11.7986,12.0,12.0,0.0
2025-08-20,7,125,7.8657,5.0,5.0,0.0
2025-08-20,7,126,23.5972,17.0,17.0,0.0
2025-08-20,7,127,12.7905,6.97,6.97,0.0
2025-08-20,7,128,10.6588,17.24,17.24,0.0
2025-08-20,7,129,5.3294,7.46,7.46,0.0
2025-08-20,7,130,4.0222,2.49,2.49,0.0
2025-08-20,7,131,5.242,4.0,4.0,0.0
2025-08-20,7,132,15.0326,21.0,21.0,0.0
2025-08-20,7,133,16.3686,18.0,18.0,0.0
2025-08-20,7,134,10.9124,14.0,14.0,0.0
2025-08-20,7,135,18.1536,23.0,23.0,0.0
2025-08-20,7,136,6.7314,10.0,10.0,0.0
2025-08-20,7,137,13.3375,15.0,15.0,0.0
2025-08-20,7,138,18.4632,28.0,28.0,0.0
2025-08-20,7,139,7.693,10.0,10.0,0.0
2025-08-20,7,140,6.7314,5.0,5.0,0.0
2025-08-20,7,141,3.8465,6.0,6.0,0.0
2025-08-20,7,142,6.7314,9.0,9.0,0.0
2025-08-20,7,143,6.6901,7.0,7.0,0.0
2025-08-20,7,144,6.7314,8.0,8.0,0.0
2025-08-20,7,145,3.8465,3.0,3.0,0.0
2025-08-20,7,146,12.8599,7.0,7.0,0.0
2025-08-20,7,147,9.4356,5.0,5.0,0.0
2025-08-20,7,148,5.242,3.0,3.0,0.0
2025-08-20,7,149,6.3443,6.0,6.0,0.0
2025-08-20,7,150,7.0389,4.0,4.0,0.0
2025-08-20,7,151,9.05,6.0,6.0,0.0
2025-08-20,7,152,5.0278,5.0,5.0,0.0
2025-08-20,7,153,4.0222,6.0,6.0,0.0
2025-08-20,7,154,6.0333,4.12,4.12,0.0
2025-08-20,7,155,3.0167,3.03,3.03,0.0
2025-08-20,7,156,3.2178,2.85,2.85,0.0
2025-08-20,7,157,4.0222,5.01,5.01,0.0
2025-08-20,7,158,5.4562,1.0,1.0,0.0
2025-08-20,7,159,4.2635,2.72,2.72,0.0
2025-08-20,7,160,6.0333,9.0,9.0,0.0
2025-08-21,7,101,28.7739,48.52,48.52,0.0
2025-08-21,7,102,75.963,51.0,51.0,0.0
2025-08-21,7,103,15.9716,13.0,13.0,0.0
2025-08-21,7,104,9.2076,8.81,8.81,0.0
2025-08-21,7,105,17.2643,13.67,13.67,0.0
2025-08-21,7,106,14.8426,12.46,12.46,0.0
2025-08-21,7,107,16.1134,23.0,23.0,0.0
2025-08-21,7,108,23.0191,17.0,17.0,0.0
2025-08-21,7,109,11.5096,8.0,8.0,0.0
2025-08-21,7,110,20.7172,21.73,21.73,0.0
2025-08-21,7,111,11.5096,19.22,19.22,0.0
2025-08-21,7,112,19.2333,20.0,20.0,0.0
2025-08-21,7,113,13.8115,21.0,21.0,0.0
2025-08-21,7,114,12.7238,8.0,8.0,0.0
2025-08-21,7,115,11.5096,9.0,9.0,0.0
2025-08-21,7,116,21.2296,15.0,15.0,0.0
2025-08-21,7,117,26.537,10.0,10.0,0.0
2025-08-21,7,118,23.3525,28.0,28.0,0.0
2025-08-21,7,119,13.5869,15.0,15.0,0.0
2025-08-21,7,120,10.6148,11.0,11.0,0.0
2025-08-21,7,121,8.4918,5.0,5.0,0.0
2025-08-21,7,122,11.5096,13.0,13.0,0.0
2025-08-21,7,123,18.6969,37.0,37.0,0.0
2025-08-21,7,124,12.4646,17.0,17.0,0.0
2025-08-21,7,125,8.3097,4.0,4.0,0.0
2025-08-21,7,126,24.9292,19.0,19.0,0.0
2025-08-21,7,127,13.4901,17.18,17.18,0.0
2025-08-21,7,128,11.2418,13.83,13.83,0.0
2025-08-21,7,129,5.6209,8.27,8.27,0.0
2025-08-21,7,130,4.2459,4.34,4.34,0.0
2025-08-21,7,131,5.5311,13.0,13.0,0.0
2025-08-21,7,132,15.9506,13.0,13.0,0.0
2025-08-21,7,133,17.2643,22.0,22.0,0.0
2025-08-21,7,134,11.5096,20.0,20.0,0.0
2025-08-21,7,135,19.2912,9.0,9.0,0.0
2025-08-21,7,136,7.1089,8.0,8.0,0.0
2025-08-21,7,137,14.2158,16.0,16.0,0.0
2025-08-21,7,138,19.4986,14.0,14.0,0.0
2025-08-21,7,139,8.1244,7.0,7.0,0.0
2025-08-21,7,140,7.1089,7.0,7.0,0.0
2025-08-21,7,141,4.0622,4.0,4.0,0.0
2025-08-21,7,142,7.1089,4.0,4.0,0.0
2025-08-21,7,143,7.0547,3.0,3.0,0.0
2025-08-21,7,144,7.1089,7.0,7.0,0.0
2025-08-21,7,145,4.0622,6.0,6.0,0.0
2025-08-21,7,146,13.6884,10.0,10.0,0.0
2025-08-21,7,147,9.956,10.0,10.0,0.0
2025-08-21,7,148,5.5311,7.0,7.0,0.0
2025-08-21,7,149,6.8158,5.0,5.0,0.0
2025-08-21,7,150,7.4304,8.0,8.0,0.0
2025-08-21,7,151,9.5533,3.0,3.0,0.0
2025-08-21,7,152,5.3074,6.0,6.0,0.0
2025-08-21,7,153,4.2459,8.0,8.0,0.0
2025-08-21,7,154,6.3689,10.87,10.87,0.0
2025-08-21,7,155,3.1844,2.04,2.04,0.0
2025-08-21,7,156,3.3967,3.52,3.52,0.0
2025-08-21,7,157,4.2459,1.92,1.92,0.0
2025-08-21,7,158,5.7548,10.0,10.0,0.0
2025-08-21,7,159,4.4967,3.76,3.76,0.0
2025-08-21,7,160,6.3689,2.0,2.0,0.0
2025-08-22,7,101,33.29,39.2,39.2,0.0
2025-08-22,7,102,87.8857,92.0,92.0,0.0
2025-08-22,7,103,18.546,22.0,22.0,0.0
2025-08-22,7,104,10.6528,9.16,9.16,0.0
2025-08-22,7,105,19.974,11.65,11.65,0.0
2025-08-22,7,106,16.5153,18.28,18.28,0.0
2025-08-22,7,107,18.6424,29.0,29.0,0.0
2025-08-22,7,108,26.632,15.0,15.0,0.0
2025-08-22,7,109,13.316,12.0,12.0,0.0
2025-08-22,7,110,23.9688,30.19,30.19,0.0
2025-08-22,7,111,13.316,15.07,15.07,0.0
2025-08-22,7,112,20.9876,17.0,17.0,0.0
2025-08-22,7,113,15.9792,18.0,18.0,0.0
2025-08-22,7,114,12.5543,22.0,22.0,0.0
2025-08-22,7,115,13.316,8.0,8.0,0.0
2025-08-22,7,116,24.5829,30.0,30.0,0.0
2025-08-22,7,117,30.7286,31.0,31.0,0.0
2025-08-22,7,118,27.0412,23.0,23.0,0.0
2025-08-22,7,119,15.7331,16.0,16.0,0.0
2025-08-22,7,120,12.2915,15.0,15.0,0.0
2025-08-22,7,121,9.8332,9.0,9.0,0.0
2025-08-22,7,122,13.316,11.0,11.0,0.0
2025-08-22,7,123,21.6674,15.0,15.0,0.0
2025-08-22,7,124,14.445,20.0,20.0,0.0
2025-08-22,7,125,9.63,4.0,4.0,0.0
2025-08-22,7,126,28.8899,42.0,42.0,0.0
2025-08-22,7,127,15.6071,12.43,12.43,0.0
2025-08-22,7,128,13.0059,25.05,25.05,0.0
2025-08-22,7,129,6.503,5.77,5.77,0.0
2025-08-22,7,130,4.9166,4.45,4.45,0.0
2025-08-22,7,131,6.4019,3.0,3.0,0.0
2025-08-22,7,132,17.0694,11.0,11.0,0.0
2025-08-22,7,133,19.974,14.0,14.0,0.0
2025-08-22,7,134,13.316,9.0,9.0,0.0
2025-08-22,7,135,20.2457,25.0,25.0,0.0
2025-08-22,7,136,8.2355,7.0,7.0,0.0
2025-08-22,7,137,14.3485,10.0,10.0,0.0
2025-08-22,7,138,22.5889,21.0,21.0,0.0
2025-08-22,7,139,9.412,8.0,8.0,0.0
2025-08-22,7,140,8.2355,9.0,9.0,0.0
2025-08-22,7,141,4.706,4.0,4.0,0.0
2025-08-22,7,142,8.2355,7.0,7.0,0.0
2025-08-22,7,143,8.6919,13.0,13.0,0.0
2025-08-22,7,144,8.2355,7.0,7.0,0.0
2025-08-22,7,145,4.706,4.0,4.0,0.0
2025-08-22,7,146,13.7971,8.0,8.0,0.0
2025-08-22,7,147,11.5234,16.0,16.0,0.0
2025-08-22,7,148,6.4019,3.0,3.0,0.0
2025-08-22,7,149,6.2429,10.0,10.0,0.0
2025-08-22,7,150,8.604,9.0,9.0,0.0
2025-08-22,7,151,11.0623,11.0,11.0,0.0
2025-08-22,7,152,6.1457,3.0,3.0,0.0
2025-08-22,7,153,4.9166,5.0,5.0,0.0
2025-08-22,7,154,7.3749,7.65,7.65,0.0
2025-08-22,7,155,3.6874,5.12,5.12,0.0
2025-08-22,7,156,3.9333,1.69,1.69,0.0
2025-08-22,7,157,4.9166,3.12,3.12,0.0
2025-08-22,7,158,6.658,7.0,7.0,0.0
2025-08-22,7,159,5.2024,5.33,5.33,0.0
2025-08-22,7,160,7.3749,6.0,6.0,0.0
2025-08-23,7,101,39.3099,61.52,61.52,0.0
2025-08-23,7,102,103.7781,128.0,128.0,0.0
2025-08-23,7,103,21.982,15.0,15.0,0.0
2025-08-23,7,104,12.5792,6.17,6.17,0.0
2025-08-23,7,105,23.5859,15.43,15.43,0.0
2025-08-23,7,106,19.6781,17.84,17.84,0.0
2025-08-23,7,107,22.0135,12.0,12.0,0.0
2025-08-23,7,108,31.4479,25.0,25.0,0.0
2025-08-23,7,109,15.724,11.0,11.0,0.0
2025-08-23,7,110,28.3031,16.56,16.56,0.0
2025-08-23,7,111,15.724,8.0,8.0,0.0
2025-08-23,7,112,25.1197,44.0,44.0,0.0
2025-08-23,7,113,18.8687,20.0,20.0,0.0
2025-08-23,7,114,15.3169,8.0,8.0,0.0
2025-08-23,7,115,15.724,13.0,13.0,0.0
2025-08-23,7,116,29.0541,36.0,36.0,0.0
2025-08-23,7,117,36.3176,39.0,39.0,0.0
2025-08-23,7,118,31.9595,25.0,25.0,0.0
2025-08-23,7,119,18.5946,14.0,14.0,0.0
2025-08-23,7,120,14.527,14.0,14.0,0.0
2025-08-23,7,121,11.6216,8.0,8.0,0.0
2025-08-23,7,122,15.724,15.0,15.0,0.0
2025-08-23,7,123,25.6289,23.0,23.0,0.0
2025-08-23,7,124,17.0859,23.0,23.0,0.0
2025-08-23,7,125,11.3906,10.0,10.0,0.0
2025-08-23,7,126,34.1719,57.0,57.0,0.0
2025-08-23,7,127,18.4291,9.95,9.95,0.0
2025-08-23,7,128,15.3576,11.52,11.52,0.0
2025-08-23,7,129,7.6788,11.63,11.63,0.0
2025-08-23,7,130,5.8108,4.89,4.89,0.0
2025-08-23,7,131,7.5627,7.0,7.0,0.0
2025-08-23,7,132,20.5222,21.0,21.0,0.0
2025-08-23,7,133,23.5859,28.0,28.0,0.0
2025-08-23,7,134,15.724,16.0,16.0,0.0
2025-08-23,7,135,24.4507,29.0,29.0,0.0
2025-08-23,7,136,9.738,8.0,8.0,0.0
2025-08-23,7,137,17.4853,41.0,16.0,25.0
2025-08-23,7,138,26.7099,17.0,17.0,0.0
2025-08-23,7,139,11.1291,13.0,13.0,0.0
2025-08-23,7,140,9.738,5.0,5.0,0.0
2025-08-23,7,141,5.5646,5.0,5.0,0.0
2025-08-23,7,142,9.738,8.0,8.0,0.0
2025-08-23,7,143,10.1719,7.0,7.0,0.0
2025-08-23,7,144,9.738,13.0,13.0,0.0
2025-08-23,7,145,5.5646,5.0,5.0,0.0
2025-08-23,7,146,16.7894,14.0,14.0,0.0
2025-08-23,7,147,13.6129,11.0,11.0,0.0
2025-08-23,7,148,7.5627,8.0,8.0,0.0
2025-08-23,7,149,7.7842,9.0,8.0,1.0
2025-08-23,7,150,10.1689,9.0,9.0,0.0
2025-08-23,7,151,13.0743,12.0,12.0,0.0
2025-08-23,7,152,7.2635,11.0,11.0,0.0
2025-08-23,7,153,5.8108,5.0,5.0,0.0
2025-08-23,7,154,8.7162,10.02,10.02,0.0
2025-08-23,7,155,4.3581,5.45,5.45,0.0
2025-08-23,7,156,4.6487,3.97,3.97,0.0
2025-08-23,7,157,5.8108,4.39,4.39,0.0
2025-08-23,7,158,7.862,13.0,13.0,0.0
2025-08-23,7,159,6.143,5.36,5.36,0.0
2025-08-23,7,160,8.7162,10.0,10.0,0.0
2025-08-24,7,101,31.723,23.08,23.08,0.0
2025-08-24,7,102,83.7487,69.0,69.0,0.0
2025-08-24,7,103,17.8078,23.0,23.0,0.0
2025-08-24,7,104,10.1514,14.69,14.69,0.0
2025-08-24,7,105,19.0338,23.41,23.41,0.0
2025-08-24,7,106,15.6594,15.99,15.99,0.0
2025-08-24,7,107,17.7649,11.0,11.0,0.0
2025-08-24,7,108,25.3784,15.0,15.0,0.0
2025-08-24,7,109,12.6892,14.0,14.0,0.0
2025-08-24,7,110,22.8406,18.75,18.75,0.0
2025-08-24,7,111,12.6892,17.77,17.77,0.0
2025-08-24,7,112,19.8502,15.0,15.0,0.0
2025-08-24,7,113,15.227,15.0,15.0,0.0
2025-08-24,7,114,11.6472,12.0,12.0,0.0
2025-08-24,7,115,12.6892,12.0,12.0,0.0
2025-08-24,7,116,23.468,12.0,12.0,0.0
2025-08-24,7,117,29.335,24.0,24.0,0.0
2025-08-24,7,118,25.8148,22.0,22.0,0.0
2025-08-24,7,119,15.0195,17.0,17.0,0.0
2025-08-24,7,120,11.734,16.0,16.0,0.0
2025-08-24,7,121,9.3872,12.0,12.0,0.0
2025-08-24,7,122,12.6892,15.0,15.0,0.0
2025-08-24,7,123,20.7181,18.0,18.0,0.0
2025-08-24,7,124,13.8121,13.0,13.0,0.0
2025-08-24,7,125,9.2081,9.0,9.0,0.0
2025-08-24,7,126,27.6242,26.0,26.0,0.0
2025-08-24,7,127,14.8722,13.56,13.56,0.0
2025-08-24,7,128,12.3935,11.13,11.13,0.0
2025-08-24,7,129,6.1967,5.92,5.92,0.0
2025-08-24,7,130,4.6936,5.59,5.59,0.0
2025-08-24,7,131,6.1058,4.0,4.0,0.0
2025-08-24,7,132,16.1041,12.0,12.0,0.0
2025-08-24,7,133,19.0338,23.0,23.0,0.0
2025-08-24,7,134,12.6892,8.0,8.0,0.0
2025-08-24,7,135,19.053,12.0,12.0,0.0
2025-08-24,7,136,7.8695,5.0,5.0,0.0
2025-08-24,7,137,13.4359,11.0,11.0,0.0
2025-08-24,7,138,21.585,25.0,25.0,0.0
2025-08-24,7,139,8.9937,6.0,6.0,0.0
2025-08-24,7,140,7.8695,4.0,4.0,0.0
2025-08-24,7,141,4.4969,4.0,4.0,0.0
2025-08-24,7,142,7.8695,5.0,5.0,0.0
2025-08-24,7,143,8.4218,6.0,6.0,0.0
2025-08-24,7,144,7.8695,3.0,3.0,0.0
2025-08-24,7,145,4.4969,3.0,3.0,0.0
2025-08-24,7,146,12.8823,7.0,7.0,0.0
2025-08-24,7,147,10.9904,15.0,15.0,0.0
2025-08-24,7,148,6.1058,1.0,1.0,0.0
2025-08-24,7,149,5.7782,8.0,0.0,8.0
2025-08-24,7,150,8.2138,3.0,3.0,0.0
2025-08-24,7,151,10.5606,9.0,9.0,0.0
2025-08-24,7,152,5.867,4.0,4.0,0.0
2025-08-24,7,153,4.6936,5.0,5.0,0.0
2025-08-24,7,154,7.0404,6.39,6.39,0.0
2025-08-24,7,155,3.5202,3.58,3.58,0.0
2025-08-24,7,156,3.7549,2.88,2.88,0.0
2025-08-24,7,157,4.6936,3.11,3.11,0.0
2025-08-24,7,158,6.3446,8.0,8.0,0.0
2025-08-24,7,159,4.9574,6.36,6.36,0.0
2025-08-24,7,160,7.0404,5.0,5.0,0.0
2025-08-25,7,101,25.6579,25.96,25.96,0.0
2025-08-25,7,102,67.7368,60.0,60.0,0.0
2025-08-25,7,103,9.0375,17.0,17.0,0.0
2025-08-25,7,104,8.2105,5.36,5.36,0.0
2025-08-25,7,105,15.3947,20.42,20.42,0.0
2025-08-25,7,106,13.1166,13.67,13.67,0.0
2025-08-25,7,107,14.3684,13.0,13.0,0.0
2025-08-25,7,108,20.5263,13.0,13.0,0.0
2025-08-25,7,109,10.2631,9.0,9.0,0.0
2025-08-25,7,110,18.4737,25.69,25.69,0.0
2025-08-25,7,111,10.2631,8.13,8.13,0.0
2025-08-25,7,112,16.9205,18.0,18.0,0.0
2025-08-25,7,113,12.3158,11.0,11.0,0.0
2025-08-25,7,114,17.2757,22.0,22.0,0.0
2025-08-25,7,115,10.2631,5.0,5.0,0.0
2025-08-25,7,116,30.3983,18.0,18.0,0.0
2025-08-25,7,117,23.7486,25.0,25.0,0.0
2025-08-25,7,118,33.4381,39.0,39.0,0.0
2025-08-25,7,119,7.5996,6.0,6.0,0.0
2025-08-25,7,120,9.4995,8.0,8.0,0.0
2025-08-25,7,121,7.5996,1.0,1.0,0.0
2025-08-25,7,122,10.2631,8.0,8.0,0.0
2025-08-25,7,123,26.8582,32.0,32.0,0.0
2025-08-25,7,124,11.1909,6.0,6.0,0.0
2025-08-25,7,125,11.937,9.0,9.0,0.0
2025-08-25,7,126,13.9886,6.0,6.0,0.0
2025-08-25,7,127,19.246,20.76,20.76,0.0
2025-08-25,7,128,10.024,20.86,20.86,0.0
2025-08-25,7,129,5.012,4.12,4.12,0.0
2025-08-25,7,130,3.7998,4.32,4.32,0.0
2025-08-25,7,131,4.9407,8.0,8.0,0.0
2025-08-25,7,132,13.9696,13.0,13.0,0.0
2025-08-25,7,133,15.3947,19.0,19.0,0.0
2025-08-25,7,134,10.2631,8.0,8.0,0.0
2025-08-25,7,135,16.8194,7.0,7.0,0.0
2025-08-25,7,136,6.3741,7.0,7.0,0.0
2025-08-25,7,137,7.677,6.0,6.0,0.0
2025-08-25,7,138,10.927,6.0,6.0,0.0
2025-08-25,7,139,7.2847,10.0,10.0,0.0
2025-08-25,7,140,6.3741,5.0,5.0,0.0
2025-08-25,7,141,3.6423,1.0,1.0,0.0
2025-08-25,7,142,6.3741,9.0,9.0,0.0
2025-08-25,7,143,6.494,5.0,5.0,0.0
2025-08-25,7,144,6.3741,6.0,6.0,0.0
2025-08-25,7,145,3.6423,3.0,3.0,0.0
2025-08-25,7,146,18.815,16.0,16.0,0.0
2025-08-25,7,147,14.2291,12.0,12.0,0.0
2025-08-25,7,148,4.9407,3.0,3.0,0.0
2025-08-25,7,149,5.7682,3.0,3.0,0.0
2025-08-25,7,150,6.6496,7.0,7.0,0.0
2025-08-25,7,151,8.5495,5.0,5.0,0.0
2025-08-25,7,152,4.7497,4.0,4.0,0.0
2025-08-25,7,153,3.7998,1.0,1.0,0.0
2025-08-25,7,154,5.6997,4.97,4.97,0.0
2025-08-25,7,155,2.8498,2.18,2.18,0.0
2025-08-25,7,156,1.8999,1.93,1.93,0.0
2025-08-25,7,157,3.7998,4.86,4.86,0.0
2025-08-25,7,158,8.2105,6.0,6.0,0.0
2025-08-25,7,159,4.0096,3.72,3.72,0.0
2025-08-25,7,160,5.6997,3.0,3.0,0.0
2025-08-26,7,101,25.6346,48.68,48.68,0.0
2025-08-26,7,102,67.6754,90.0,90.0,0.0
2025-08-26,7,103,9.0658,6.0,6.0,0.0
2025-08-26,7,104,8.2031,8.14,8.14,0.0
2025-08-26,7,105,15.3808,17.89,17.89,0.0
2025-08-26,7,106,13.0003,13.46,13.46,0.0
2025-08-26,7,107,14.3554,15.0,15.0,0.0
2025-08-26,7,108,20.5077,24.0,24.0,0.0
2025-08-26,7,109,10.2539,10.0,10.0,0.0
2025-08-26,7,110,18.4569,26.99,26.99,0.0
2025-08-26,7,111,10.2539,10.86,10.86,0.0
2025-08-26,7,112,16.7035,19.0,19.0,0.0
2025-08-26,7,113,12.3046,19.0,19.0,0.0
2025-08-26,7,114,16.6546,13.0,13.0,0.0
2025-08-26,7,115,10.2539,8.0,8.0,0.0
2025-08-26,7,116,30.3999,29.0,29.0,0.0
2025-08-26,7,117,23.7499,12.0,12.0,0.0
2025-08-26,7,118,33.4399,30.0,30.0,0.0
2025-08-26,7,119,7.6,10.0,10.0,0.0
2025-08-26,7,120,9.5,17.0,17.0,0.0
2025-08-26,7,121,7.6,4.0,4.0,0.0
2025-08-26,7,122,10.2539,13.0,13.0,0.0
2025-08-26,7,123,26.8816,19.0,19.0,0.0
2025-08-26,7,124,11.2007,11.0,11.0,0.0
2025-08-26,7,125,11.9474,12.0,12.0,0.0
2025-08-26,7,126,14.0008,11.0,11.0,0.0
2025-08-26,7,127,19.2287,26.16,26.16,0.0
2025-08-26,7,128,10.0149,9.91,9.91,0.0
2025-08-26,7,129,5.0075,3.86,3.86,0.0
2025-08-26,7,130,3.8,4.82,4.82,0.0
2025-08-26,7,131,4.9385,9.0,9.0,0.0
2025-08-26,7,132,13.7354,14.0,14.0,0.0
2025-08-26,7,133,15.3808,18.0,18.0,0.0
2025-08-26,7,134,10.2539,9.0,9.0,0.0
2025-08-26,7,135,16.4714,22.0,22.0,0.0
2025-08-26,7,136,6.3777,3.0,3.0,0.0
2025-08-26,7,137,7.4583,9.0,9.0,0.0
2025-08-26,7,138,10.9331,11.0,11.0,0.0
2025-08-26,7,139,7.2887,5.0,5.0,0.0
2025-08-26,7,140,6.3777,5.0,5.0,0.0
2025-08-26,7,141,3.6444,6.0,6.0,0.0
2025-08-26,7,142,6.3777,7.0,7.0,0.0
2025-08-26,7,143,6.5983,4.0,4.0,0.0
2025-08-26,7,144,6.3777,8.0,8.0,0.0
2025-08-26,7,145,3.6444,1.0,1.0,0.0
2025-08-26,7,146,18.2507,25.0,25.0,0.0
2025-08-26,7,147,14.2227,16.0,16.0,0.0
2025-08-26,7,148,4.9385,4.0,4.0,0.0
2025-08-26,7,149,5.4954,3.0,3.0,0.0
2025-08-26,7,150,6.65,5.0,5.0,0.0
2025-08-26,7,151,8.55,12.0,12.0,0.0
2025-08-26,7,152,4.75,3.0,3.0,0.0
2025-08-26,7,153,3.8,6.0,6.0,0.0
2025-08-26,7,154,5.7,7.82,7.82,0.0
2025-08-26,7,155,2.85,3.32,3.32,0.0
2025-08-26,7,156,1.9,1.87,1.87,0.0
2025-08-26,7,157,3.8,4.07,4.07,0.0
2025-08-26,7,158,8.2031,5.0,5.0,0.0
2025-08-26,7,159,4.006,4.54,4.54,0.0
2025-08-26,7,160,5.7,4.0,4.0,0.0
2025-08-27,7,101,27.1173,37.52,37.52,0.0
2025-08-27,7,102,71.5898,76.0,76.0,0.0
2025-08-27,7,103,9.6297,10.0,10.0,0.0
2025-08-27,7,104,8.6776,8.01,8.01,0.0
2025-08-27,7,105,16.2704,15.66,15.66,0.0
2025-08-27,7,106,13.5611,15.41,15.41,0.0
2025-08-27,7,107,15.1857,21.0,21.0,0.0
2025-08-27,7,108,21.6939,15.0,15.0,0.0
2025-08-27,7,109,10.8469,10.0,10.0,0.0
2025-08-27,7,110,19.5245,27.83,27.83,0.0
2025-08-27,7,111,10.8469,9.0,9.0,0.0
2025-08-27,7,112,17.3024,25.0,25.0,0.0
2025-08-27,7,113,13.0163,9.0,9.0,0.0
2025-08-27,7,114,16.5947,25.0,25.0,0.0
2025-08-27,7,115,10.8469,13.0,13.0,0.0
2025-08-27,7,116,32.1898,23.0,23.0,0.0
2025-08-27,7,117,25.1483,28.0,28.0,0.0
2025-08-27,7,118,35.4088,54.0,54.0,0.0
2025-08-27,7,119,8.0475,7.0,7.0,0.0
2025-08-27,7,120,10.0593,9.0,9.0,0.0
2025-08-27,7,121,8.0475,8.0,8.0,0.0
2025-08-27,7,122,10.8469,10.0,10.0,0.0
2025-08-27,7,123,28.4878,19.0,19.0,0.0
2025-08-27,7,124,11.8699,20.0,20.0,0.0
2025-08-27,7,125,12.6612,19.0,19.0,0.0
2025-08-27,7,126,14.8374,11.0,11.0,0.0
2025-08-27,7,127,20.3412,24.97,24.97,0.0
2025-08-27,7,128,10.5944,11.22,11.22,0.0
2025-08-27,7,129,5.2972,4.22,4.22,0.0
2025-08-27,7,130,4.0237,2.57,2.57,0.0
2025-08-27,7,131,5.2266,4.0,4.0,0.0
2025-08-27,7,132,14.1286,11.0,11.0,0.0
2025-08-27,7,133,16.2704,10.0,10.0,0.0
2025-08-27,7,134,10.8469,3.0,3.0,0.0
2025-08-27,7,135,16.8248,17.0,17.0,0.0
2025-08-27,7,136,6.7567,6.0,6.0,0.0
2025-08-27,7,137,7.5124,9.0,9.0,0.0
2025-08-27,7,138,11.5829,13.0,13.0,0.0
2025-08-27,7,139,7.7219,8.0,8.0,0.0
2025-08-27,7,140,6.7567,5.0,5.0,0.0
2025-08-27,7,141,3.861,5.0,5.0,0.0
2025-08-27,7,142,6.7567,6.0,6.0,0.0
2025-08-27,7,143,7.1635,7.0,7.0,0.0
2025-08-27,7,144,6.7567,7.0,7.0,0.0
2025-08-27,7,145,3.861,1.0,1.0,0.0
2025-08-27,7,146,18.3539,18.0,17.0,1.0
2025-08-27,7,147,15.0525,11.0,11.0,0.0
2025-08-27,7,148,5.2266,7.0,7.0,0.0
2025-08-27,7,149,5.3474,7.0,7.0,0.0
2025-08-27,7,150,7.0415,11.0,11.0,0.0
2025-08-27,7,151,9.0534,13.0,13.0,0.0
2025-08-27,7,152,5.0297,5.0,5.0,0.0
2025-08-27,7,153,4.0237,0.0,0.0,0.0
2025-08-27,7,154,6.0356,5.11,5.11,0.0
2025-08-27,7,155,3.0178,2.63,2.63,0.0
2025-08-27,7,156,2.0119,2.41,2.41,0.0
2025-08-27,7,157,4.0237,4.89,4.89,0.0
2025-08-27,7,158,8.6776,3.0,3.0,0.0
2025-08-27,7,159,4.2377,5.3,5.3,0.0
2025-08-27,7,160,6.0356,8.0,8.0,0.0
2025-08-28,7,101,28.5967,26.02,26.02,0.0
2025-08-28,7,102,75.4952,76.0,76.0,0.0
2025-08-28,7,103,10.1979,17.0,17.0,0.0
2025-08-28,7,104,9.1509,7.21,7.21,0.0
2025-08-28,7,105,17.158,9.13,9.13,0.0
2025-08-28,7,106,14.6776,17.16,17.16,0.0
2025-08-28,7,107,16.0141,9.0,9.0,0.0
2025-08-28,7,108,22.8773,22.0,22.0,0.0
2025-08-28,7,109,11.4387,13.0,13.0,0.0
2025-08-28,7,110,20.5896,17.73,17.73,0.0
2025-08-28,7,111,11.4387,12.98,12.98,0.0
2025-08-28,7,112,18.972,17.0,17.0,0.0
2025-08-28,7,113,13.7264,15.0,15.0,0.0
2025-08-28,7,114,19.3413,5.0,5.0,0.0
2025-08-28,7,115,11.4387,18.0,18.0,0.0
2025-08-28,7,116,33.9799,27.0,27.0,0.0
2025-08-28,7,117,26.5468,29.0,29.0,0.0
2025-08-28,7,118,37.3779,40.0,40.0,0.0
2025-08-28,7,119,8.495,9.0,9.0,0.0
2025-08-28,7,120,10.6187,16.0,16.0,0.0
2025-08-28,7,121,8.495,15.0,15.0,0.0
2025-08-28,7,122,11.4387,11.0,11.0,0.0
2025-08-28,7,123,30.0969,21.0,21.0,0.0
2025-08-28,7,124,12.5404,19.0,19.0,0.0
2025-08-28,7,125,13.3764,4.0,4.0,0.0
2025-08-28,7,126,15.6755,7.0,7.0,0.0
2025-08-28,7,127,21.4512,26.61,26.61,0.0
2025-08-28,7,128,11.1725,9.94,9.94,0.0
2025-08-28,7,129,5.5863,4.9,4.9,0.0
2025-08-28,7,130,4.2475,3.79,3.79,0.0
2025-08-28,7,131,5.5143,3.0,3.0,0.0
2025-08-28,7,132,15.6947,17.0,17.0,0.0
2025-08-28,7,133,17.158,11.0,11.0,0.0
2025-08-28,7,134,11.4387,8.0,8.0,0.0
2025-08-28,7,135,18.9342,19.0,19.0,0.0
2025-08-28,7,136,7.1362,10.0,10.0,0.0
2025-08-28,7,137,8.677,4.0,4.0,0.0
2025-08-28,7,138,12.2336,12.0,12.0,0.0
2025-08-28,7,139,8.1557,7.0,7.0,0.0
2025-08-28,7,140,7.1362,7.0,7.0,0.0
2025-08-28,7,141,4.0779,3.0,3.0,0.0
2025-08-28,7,142,7.1362,8.0,8.0,0.0
2025-08-28,7,143,7.3021,2.0,2.0,0.0
2025-08-28,7,144,7.1362,6.0,6.0,0.0
2025-08-28,7,145,4.0779,5.0,5.0,0.0
2025-08-28,7,146,21.1646,19.0,12.0,7.0
2025-08-28,7,147,15.8813,15.0,15.0,0.0
2025-08-28,7,148,5.5143,3.0,3.0,0.0
2025-08-28,7,149,6.5943,9.0,9.0,0.0
2025-08-28,7,150,7.4331,6.0,6.0,0.0
2025-08-28,7,151,9.5569,13.0,13.0,0.0
2025-08-28,7,152,5.3094,6.0,6.0,0.0
2025-08-28,7,153,4.2475,8.0,8.0,0.0
2025-08-28,7,154,6.3712,4.2,4.2,0.0
2025-08-28,7,155,3.1856,2.25,2.25,0.0
2025-08-28,7,156,2.1237,2.65,2.65,0.0
2025-08-28,7,157,4.2475,6.12,6.12,0.0
2025-08-28,7,158,9.1509,3.0,3.0,0.0
2025-08-28,7,159,4.469,2.34,2.34,0.0
2025-08-28,7,160,6.3712,6.0,6.0,0.0
2025-08-29,7,101,43.0036,38.81,38.81,0.0
2025-08-29,7,102,113.5295,152.0,152.0,0.0
2025-08-29,7,103,15.4015,15.0,15.0,0.0
2025-08-29,7,104,13.7612,9.76,9.76,0.0
2025-08-29,7,105,25.8022,23.27,23.27,0.0
2025-08-29,7,106,22.3609,21.65,21.65,0.0
2025-08-29,7,107,24.082,18.0,18.0,0.0
2025-08-29,7,108,34.4029,39.0,39.0,0.0
2025-08-29,7,109,17.2014,19.0,19.0,0.0
2025-08-29,7,110,30.9626,22.19,22.19,0.0
2025-08-29,7,111,17.2014,27.02,27.02,0.0
2025-08-29,7,112,29.0919,29.0,29.0,0.0
2025-08-29,7,113,20.6417,19.0,19.0,0.0
2025-08-29,7,114,30.5127,31.0,30.0,1.0
2025-08-29,7,115,17.2014,12.0,12.0,0.0
2025-08-29,7,116,51.1515,54.0,54.0,0.0
2025-08-29,7,117,39.9621,42.0,42.0,0.0
2025-08-29,7,118,56.2666,41.0,41.0,0.0
2025-08-29,7,119,12.7879,14.0,14.0,0.0
2025-08-29,7,120,15.9848,12.0,12.0,0.0
2025-08-29,7,121,12.7879,9.0,9.0,0.0
2025-08-29,7,122,17.2014,10.0,10.0,0.0
2025-08-29,7,123,45.3439,46.0,46.0,0.0
2025-08-29,7,124,18.8933,15.0,15.0,0.0
2025-08-29,7,125,20.1528,15.0,15.0,0.0
2025-08-29,7,126,23.6166,25.0,25.0,0.0
2025-08-29,7,127,32.2592,40.09,40.09,0.0
2025-08-29,7,128,16.8017,10.82,10.82,0.0
2025-08-29,7,129,8.4008,8.48,8.48,0.0
2025-08-29,7,130,6.3939,5.94,5.94,0.0
2025-08-29,7,131,8.2966,6.0,6.0,0.0
2025-08-29,7,132,24.2233,20.0,20.0,0.0
2025-08-29,7,133,25.8022,27.0,27.0,0.0
2025-08-29,7,134,17.2014,24.0,24.0,0.0
2025-08-29,7,135,29.4138,23.0,23.0,0.0
2025-08-29,7,136,10.7483,6.0,6.0,0.0
2025-08-29,7,137,13.6558,14.0,14.0,0.0
2025-08-29,7,138,18.4257,23.0,23.0,0.0
2025-08-29,7,139,12.2838,16.0,16.0,0.0
2025-08-29,7,140,10.7483,22.0,22.0,0.0
2025-08-29,7,141,6.1419,5.0,5.0,0.0
2025-08-29,7,142,10.7483,15.0,15.0,0.0
2025-08-29,7,143,10.8245,17.0,17.0,0.0
2025-08-29,7,144,10.7483,10.0,10.0,0.0
2025-08-29,7,145,6.1419,5.0,5.0,0.0
2025-08-29,7,146,33.2534,35.0,30.0,5.0
2025-08-29,7,147,23.8941,19.0,19.0,0.0
2025-08-29,7,148,8.2966,7.0,7.0,0.0
2025-08-29,7,149,10.7263,8.0,1.0,7.0
2025-08-29,7,150,11.1894,20.0,20.0,0.0
2025-08-29,7,151,14.3863,14.0,14.0,0.0
2025-08-29,7,152,7.9924,3.0,3.0,0.0
2025-08-29,7,153,6.3939,1.0,1.0,0.0
2025-08-29,7,154,9.5909,6.32,6.32,0.0
2025-08-29,7,155,4.7954,5.13,5.13,0.0
2025-08-29,7,156,3.197,2.92,2.92,0.0
2025-08-29,7,157,6.3939,5.29,5.29,0.0
2025-08-29,7,158,13.7612,18.0,18.0,0.0
2025-08-29,7,159,6.7207,9.86,9.86,0.0
2025-08-29,7,160,9.5909,9.0,9.0,0.0
2025-08-30,7,101,50.7719,43.01,43.01,0.0
2025-08-30,7,102,134.0377,112.0,112.0,0.0
2025-08-30,7,103,18.2634,14.0,14.0,0.0
2025-08-30,7,104,16.247,18.43,18.43,0.0
2025-08-30,7,105,30.4631,26.46,26.46,0.0
2025-08-30,7,106,26.6389,27.55,27.55,0.0
2025-08-30,7,107,28.4322,32.0,32.0,0.0
2025-08-30,7,108,40.6175,36.0,36.0,0.0
2025-08-30,7,109,20.3087,13.0,13.0,0.0
2025-08-30,7,110,36.5557,46.4,46.4,0.0
2025-08-30,7,111,20.3087,25.75,25.75,0.0
2025-08-30,7,112,34.8139,35.0,35.0,0.0
2025-08-30,7,113,24.3705,13.0,13.0,0.0
2025-08-30,7,114,37.1878,35.0,32.0,3.0
2025-08-30,7,115,20.3087,20.0,20.0,0.0
2025-08-30,7,116,60.4549,70.0,70.0,0.0
2025-08-30,7,117,47.2304,40.0,40.0,0.0
2025-08-30,7,118,66.5004,42.0,42.0,0.0
2025-08-30,7,119,15.1137,9.0,9.0,0.0
2025-08-30,7,120,18.8922,19.0,19.0,0.0
2025-08-30,7,121,15.1137,11.0,11.0,0.0
2025-08-30,7,122,20.3087,30.0,30.0,0.0
2025-08-30,7,123,53.6358,92.0,92.0,0.0
2025-08-30,7,124,22.3483,20.0,20.0,0.0
2025-08-30,7,125,23.8382,15.0,15.0,0.0
2025-08-30,7,126,27.9353,39.0,39.0,0.0
2025-08-30,7,127,38.0878,29.83,29.83,0.0
2025-08-30,7,128,19.8374,18.07,18.07,0.0
2025-08-30,7,129,9.9187,9.88,9.88,0.0
2025-08-30,7,130,7.5569,4.69,4.69,0.0
2025-08-30,7,131,9.8002,6.0,6.0,0.0
2025-08-30,7,132,29.1185,29.0,29.0,0.0
2025-08-30,7,133,30.4631,33.0,33.0,0.0
2025-08-30,7,134,20.3087,25.0,25.0,0.0
2025-08-30,7,135,35.5174,33.0,33.0,0.0
2025-08-30,7,136,12.7103,13.0,13.0,0.0
2025-08-30,7,137,16.6386,14.0,14.0,0.0
2025-08-30,7,138,21.7892,19.0,19.0,0.0
2025-08-30,7,139,14.5261,15.0,15.0,0.0
2025-08-30,7,140,12.7103,7.0,7.0,0.0
2025-08-30,7,141,7.2631,3.0,3.0,0.0
2025-08-30,7,142,12.7103,10.0,10.0,0.0
2025-08-30,7,143,12.6748,9.0,9.0,0.0
2025-08-30,7,144,12.7103,31.0,24.0,7.0
2025-08-30,7,145,7.2631,5.0,5.0,0.0
2025-08-30,7,146,40.4475,39.0,12.0,27.0
2025-08-30,7,147,28.2247,41.0,34.0,7.0
2025-08-30,7,148,9.8002,14.0,14.0,0.0
2025-08-30,7,149,13.3733,13.0,12.0,1.0
2025-08-30,7,150,13.2245,14.0,13.0,1.0
2025-08-30,7,151,17.0029,14.0,14.0,0.0
2025-08-30,7,152,9.4461,12.0,12.0,0.0
2025-08-30,7,153,7.5569,10.0,10.0,0.0
2025-08-30,7,154,11.3353,11.23,11.23,0.0
2025-08-30,7,155,5.6676,3.55,3.55,0.0
2025-08-30,7,156,3.7784,4.7,4.7,0.0
2025-08-30,7,157,7.5569,4.48,4.48,0.0
2025-08-30,7,158,16.247,16.0,16.0,0.0
2025-08-30,7,159,7.935,9.0,9.0,0.0
2025-08-30,7,160,11.3353,8.0,8.0,0.0
2025-08-31,7,101,40.9664,23.72,23.72,0.0
2025-08-31,7,102,108.1512,162.0,162.0,0.0
2025-08-31,7,103,14.8021,6.0,6.0,0.0
2025-08-31,7,104,13.1092,11.29,11.29,0.0
2025-08-31,7,105,24.5798,18.65,18.65,0.0
2025-08-31,7,106,20.672,17.48,17.48,0.0
2025-08-31,7,107,22.9412,28.0,28.0,0.0
2025-08-31,7,108,32.7731,42.0,42.0,0.0
2025-08-31,7,109,16.3865,13.0,13.0,0.0
2025-08-31,7,110,29.4958,27.7,27.7,0.0
2025-08-31,7,111,16.3865,15.64,15.64,0.0
2025-08-31,7,112,26.4942,27.0,27.0,0.0
2025-08-31,7,113,19.6638,27.0,27.0,0.0
2025-08-31,7,114,25.5602,37.0,32.0,5.0
2025-08-31,7,115,16.3865,24.0,24.0,0.0
2025-08-31,7,116,48.8316,49.0,49.0,0.0
2025-08-31,7,117,38.1497,44.0,44.0,0.0
2025-08-31,7,118,53.7147,41.0,41.0,0.0
2025-08-31,7,119,12.2079,12.0,12.0,0.0
2025-08-31,7,120,15.2599,7.0,7.0,0.0
2025-08-31,7,121,12.2079,11.0,11.0,0.0
2025-08-31,7,122,16.3865,15.0,15.0,0.0
2025-08-31,7,123,43.3599,46.0,46.0,0.0
2025-08-31,7,124,18.0666,15.0,15.0,0.0
2025-08-31,7,125,19.2711,23.0,23.0,0.0
2025-08-31,7,126,22.5833,15.0,15.0,0.0
2025-08-31,7,127,30.7331,46.75,46.75,0.0
2025-08-31,7,128,16.0068,17.52,17.52,0.0
2025-08-31,7,129,8.0034,8.78,8.78,0.0
2025-08-31,7,130,6.1039,4.33,4.33,0.0
2025-08-31,7,131,7.9116,9.0,9.0,0.0
2025-08-31,7,132,21.7319,37.0,24.0,13.0
2025-08-31,7,133,24.5798,27.0,27.0,0.0
2025-08-31,7,134,16.3865,11.0,11.0,0.0
2025-08-31,7,135,25.9957,16.0,16.0,0.0
2025-08-31,7,136,10.2724,9.0,9.0,0.0
2025-08-31,7,137,11.7122,5.0,5.0,0.0
2025-08-31,7,138,17.6099,20.0,20.0,0.0
2025-08-31,7,139,11.7399,14.0,13.0,1.0
2025-08-31,7,140,10.2724,11.0,11.0,0.0
2025-08-31,7,141,5.87,0.0,0.0,0.0
2025-08-31,7,142,10.2724,14.0,14.0,0.0
2025-08-31,7,143,10.9011,14.0,11.0,3.0
2025-08-31,7,144,10.2724,8.0,8.0,0.0
2025-08-31,7,145,5.87,7.0,7.0,0.0
2025-08-31,7,146,28.422,35.0,12.0,23.0
2025-08-31,7,147,22.7854,24.0,10.0,14.0
2025-08-31,7,148,7.9116,6.0,6.0,0.0
2025-08-31,7,149,8.5436,7.0,6.0,1.0
2025-08-31,7,150,10.6819,17.0,16.0,1.0
2025-08-31,7,151,13.7339,16.0,16.0,0.0
2025-08-31,7,152,7.6299,9.0,9.0,0.0
2025-08-31,7,153,6.1039,1.0,1.0,0.0
2025-08-31,7,154,9.1559,10.79,10.79,0.0
2025-08-31,7,155,4.578,4.76,4.76,0.0
2025-08-31,7,156,3.052,4.76,4.76,0.0
2025-08-31,7,157,6.1039,6.33,6.33,0.0
2025-08-31,7,158,13.1092,9.0,9.0,0.0
2025-08-31,7,159,6.4027,5.17,5.17,0.0
2025-08-31,7,160,9.1559,7.0,7.0,0.0
2025-09-01,7,101,25.4837,23.92,23.92,0.0
2025-09-01,7,102,67.277,36.0,36.0,0.0
2025-09-01,7,103,9.2497,9.0,9.0,0.0
2025-09-01,7,104,8.1548,7.11,7.11,0.0
2025-09-01,7,105,15.2902,13.7,13.7,0.0
2025-09-01,7,106,12.9238,14.44,14.44,0.0
2025-09-01,7,107,14.2709,16.0,16.0,0.0
2025-09-01,7,108,32.6191,35.0,35.0,0.0
2025-09-01,7,109,10.1935,10.0,10.0,0.0
2025-09-01,7,110,18.3483,12.8,12.8,0.0
2025-09-01,7,111,10.1935,8.21,8.21,0.0
2025-09-01,7,112,16.6052,13.0,13.0,0.0
2025-09-01,7,113,12.2322,11.0,11.0,0.0
2025-09-01,7,114,10.093,11.0,11.0,0.0
2025-09-01,7,115,10.1935,8.0,8.0,0.0
2025-09-01,7,116,19.006,15.0,15.0,0.0
2025-09-01,7,117,23.7575,25.0,25.0,0.0
2025-09-01,7,118,20.9066,42.0,42.0,0.0
2025-09-01,7,119,7.6024,9.0,9.0,0.0
2025-09-01,7,120,9.503,6.0,6.0,0.0
2025-09-01,7,121,7.6024,9.0,9.0,0.0
2025-09-01,7,122,10.1935,12.0,12.0,0.0
2025-09-01,7,123,16.8905,27.0,27.0,0.0
2025-09-01,7,124,11.2604,15.0,15.0,0.0
2025-09-01,7,125,7.5069,3.0,3.0,0.0
2025-09-01,7,126,14.0754,17.0,17.0,0.0
2025-09-01,7,127,11.9493,9.61,9.61,0.0
2025-09-01,7,128,9.9577,8.6,8.6,0.0
2025-09-01,7,129,4.9789,5.58,5.58,0.0
2025-09-01,7,130,3.8012,4.19,4.19,0.0
2025-09-01,7,131,4.9241,3.0,3.0,0.0
2025-09-01,7,132,13.6545,12.0,12.0,0.0
2025-09-01,7,133,15.2902,20.0,20.0,0.0
2025-09-01,7,134,10.1935,12.0,12.0,0.0
2025-09-01,7,135,16.3744,18.0,18.0,0.0
2025-09-01,7,136,6.4008,8.0,8.0,0.0
2025-09-01,7,137,7.4144,8.0,8.0,0.0
2025-09-01,7,138,10.9728,4.0,4.0,0.0
2025-09-01,7,139,7.3152,12.0,12.0,0.0
2025-09-01,7,140,6.4008,4.0,4.0,0.0
2025-09-01,7,141,3.6576,5.0,5.0,0.0
2025-09-01,7,142,6.4008,3.0,3.0,0.0
2025-09-01,7,143,6.7672,8.0,8.0,0.0
2025-09-01,7,144,6.4008,2.0,2.0,0.0
2025-09-01,7,145,3.6576,4.0,4.0,0.0
2025-09-01,7,146,17.9603,24.0,24.0,0.0
2025-09-01,7,147,8.8634,12.0,12.0,0.0
2025-09-01,7,148,4.9241,8.0,8.0,0.0
2025-09-01,7,149,5.4794,1.0,0.0,1.0
2025-09-01,7,150,6.6521,3.0,3.0,0.0
2025-09-01,7,151,8.5527,10.0,10.0,0.0
2025-09-01,7,152,4.7515,8.0,8.0,0.0
2025-09-01,7,153,3.8012,2.0,2.0,0.0
2025-09-01,7,154,5.7018,4.92,4.92,0.0
2025-09-01,7,155,2.8509,1.83,1.83,0.0
2025-09-01,7,156,1.9006,1.85,1.85,0.0
2025-09-01,7,157,3.8012,3.58,3.58,0.0
2025-09-01,7,158,5.0967,2.0,2.0,0.0
2025-09-01,7,159,3.9831,5.21,5.21,0.0
2025-09-01,7,160,5.7018,8.0,8.0,0.0
2025-09-02,7,101,25.4567,24.67,24.67,0.0
2025-09-02,7,102,67.2057,63.0,63.0,0.0
2025-09-02,7,103,9.2827,15.0,15.0,0.0
2025-09-02,7,104,8.1461,9.17,9.17,0.0
2025-09-02,7,105,15.274,20.85,20.85,0.0
2025-09-02,7,106,12.7179,12.97,12.97,0.0
2025-09-02,7,107,14.2557,20.0,20.0,0.0
2025-09-02,7,108,32.5846,33.0,33.0,0.0
2025-09-02,7,109,10.1827,11.0,11.0,0.0
2025-09-02,7,110,18.3288,13.85,13.85,0.0
2025-09-02,7,111,10.1827,8.97,8.97,0.0
2025-09-02,7,112,16.2185,7.0,7.0,0.0
2025-09-02,7,113,12.2192,15.0,15.0,0.0
2025-09-02,7,114,9.4514,9.0,9.0,0.0
2025-09-02,7,115,10.1827,3.0,3.0,0.0
2025-09-02,7,116,19.007,25.0,25.0,0.0
2025-09-02,7,117,23.7587,19.0,19.0,0.0
2025-09-02,7,118,20.9077,21.0,21.0,0.0
2025-09-02,7,119,7.6028,4.0,4.0,0.0
2025-09-02,7,120,9.5035,5.0,5.0,0.0
2025-09-02,7,121,7.6028,9.0,9.0,0.0
2025-09-02,7,122,10.1827,9.0,9.0,0.0
2025-09-02,7,123,16.9057,22.0,22.0,0.0
2025-09-02,7,124,11.2705,3.0,3.0,0.0
2025-09-02,7,125,7.5137,6.0,6.0,0.0
2025-09-02,7,126,14.0881,14.0,14.0,0.0
2025-09-02,7,127,11.9373,9.23,9.23,0.0
2025-09-02,7,128,9.9477,6.36,6.36,0.0
2025-09-02,7,129,4.9739,6.5,6.5,0.0
2025-09-02,7,130,3.8014,3.81,3.81,0.0
2025-09-02,7,131,4.9215,3.0,3.0,0.0
2025-09-02,7,132,13.2369,14.0,14.0,0.0
2025-09-02,7,133,15.274,13.0,13.0,0.0
2025-09-02,7,134,10.1827,9.0,9.0,0.0
2025-09-02,7,135,15.755,18.0,18.0,0.0
2025-09-02,7,136,6.4049,7.0,7.0,0.0
2025-09-02,7,137,7.0277,7.0,7.0,0.0
2025-09-02,7,138,10.9799,10.0,10.0,0.0
2025-09-02,7,139,7.3199,11.0,11.0,0.0
2025-09-02,7,140,6.4049,4.0,4.0,0.0
2025-09-02,7,141,3.66,3.0,3.0,0.0
2025-09-02,7,142,6.4049,4.0,4.0,0.0
2025-09-02,7,143,6.9521,6.0,6.0,0.0
2025-09-02,7,144,6.4049,8.0,8.0,0.0
2025-09-02,7,145,3.66,3.0,3.0,0.0
2025-09-02,7,146,16.9925,15.0,15.0,0.0
2025-09-02,7,147,8.8588,11.0,11.0,0.0
2025-09-02,7,148,4.9215,5.0,5.0,0.0
2025-09-02,7,149,5.0052,4.0,4.0,0.0
2025-09-02,7,150,6.6524,1.0,1.0,0.0
2025-09-02,7,151,8.5531,7.0,7.0,0.0
2025-09-02,7,152,4.7517,4.0,4.0,0.0
2025-09-02,7,153,3.8014,3.0,3.0,0.0
2025-09-02,7,154,5.7021,5.86,5.86,0.0
2025-09-02,7,155,2.851,3.42,3.42,0.0
2025-09-02,7,156,1.9007,2.45,2.45,0.0
2025-09-02,7,157,3.8014,4.01,4.01,0.0
2025-09-02,7,158,5.0913,4.0,4.0,0.0
2025-09-02,7,159,3.9791,2.64,2.64,0.0
2025-09-02,7,160,5.7021,6.0,6.0,0.0
2025-09-03,7,101,26.925,25.5,25.5,0.0
2025-09-03,7,102,71.082,104.0,104.0,0.0
2025-09-03,7,103,9.8643,10.0,10.0,0.0
2025-09-03,7,104,8.616,10.01,10.01,0.0
2025-09-03,7,105,16.155,19.22,19.22,0.0
2025-09-03,7,106,13.438,15.95,15.95,0.0
2025-09-03,7,107,15.078,8.0,8.0,0.0
2025-09-03,7,108,34.464,29.0,29.0,0.0
2025-09-03,7,109,10.77,9.0,9.0,0.0
2025-09-03,7,110,19.386,31.55,31.55,0.0
2025-09-03,7,111,10.77,12.25,12.25,0.0
2025-09-03,7,112,17.1283,21.0,21.0,0.0
2025-09-03,7,113,12.924,17.0,17.0,0.0
2025-09-03,7,114,9.9094,5.0,5.0,0.0
2025-09-03,7,115,10.77,4.0,4.0,0.0
2025-09-03,7,116,20.1261,13.0,13.0,0.0
2025-09-03,7,117,25.1576,14.0,14.0,0.0
2025-09-03,7,118,22.1387,18.0,18.0,0.0
2025-09-03,7,119,8.0504,3.0,3.0,0.0
2025-09-03,7,120,10.063,7.0,7.0,0.0
2025-09-03,7,121,8.0504,12.0,12.0,0.0
2025-09-03,7,122,10.77,9.0,9.0,0.0
2025-09-03,7,123,17.9163,33.0,33.0,0.0
2025-09-03,7,124,11.9442,17.0,17.0,0.0
2025-09-03,7,125,7.9628,4.0,4.0,0.0
2025-09-03,7,126,14.9303,7.0,7.0,0.0
2025-09-03,7,127,12.6265,5.92,5.92,0.0
2025-09-03,7,128,10.5221,9.31,9.31,0.0
2025-09-03,7,129,5.2611,5.91,5.91,0.0
2025-09-03,7,130,4.0252,4.9,4.9,0.0
2025-09-03,7,131,5.2083,5.0,5.0,0.0
2025-09-03,7,132,13.9724,11.0,11.0,0.0
2025-09-03,7,133,16.155,14.0,14.0,0.0
2025-09-03,7,134,10.77,17.0,17.0,0.0
2025-09-03,7,135,16.6222,20.0,20.0,0.0
2025-09-03,7,136,6.7861,11.0,11.0,0.0
2025-09-03,7,137,7.4071,3.0,3.0,0.0
2025-09-03,7,138,11.6334,9.0,9.0,0.0
2025-09-03,7,139,7.7556,1.0,1.0,0.0
2025-09-03,7,140,6.7861,10.0,10.0,0.0
2025-09-03,7,141,3.8778,5.0,5.0,0.0
2025-09-03,7,142,6.7861,5.0,5.0,0.0
2025-09-03,7,143,7.4056,5.0,5.0,0.0
2025-09-03,7,144,6.7861,7.0,7.0,0.0
2025-09-03,7,145,3.8778,7.0,7.0,0.0
2025-09-03,7,146,17.8763,17.0,15.0,2.0
2025-09-03,7,147,9.3749,6.0,6.0,0.0
2025-09-03,7,148,5.2083,1.0,1.0,0.0
2025-09-03,7,149,5.2651,2.0,2.0,0.0
2025-09-03,7,150,7.0441,15.0,15.0,0.0
2025-09-03,7,151,9.0567,8.0,8.0,0.0
2025-09-03,7,152,5.0315,5.0,5.0,0.0
2025-09-03,7,153,4.0252,9.0,9.0,0.0
2025-09-03,7,154,6.0378,5.78,5.78,0.0
2025-09-03,7,155,3.0189,3.2,3.2,0.0
2025-09-03,7,156,2.0126,1.48,1.48,0.0
2025-09-03,7,157,4.0252,5.46,5.46,0.0
2025-09-03,7,158,5.385,5.0,5.0,0.0
2025-09-03,7,159,4.2088,4.52,4.52,0.0
2025-09-03,7,160,6.0378,6.0,6.0,0.0
2025-09-04,7,101,28.3895,20.82,20.82,0.0
2025-09-04,7,102,74.9484,77.0,77.0,0.0
2025-09-04,7,103,10.4506,11.0,11.0,0.0
2025-09-04,7,104,9.0847,4.19,4.19,0.0
2025-09-04,7,105,17.0337,23.07,23.07,0.0
2025-09-04,7,106,13.9859,15.18,15.18,0.0
2025-09-04,7,107,15.8981,22.0,22.0,0.0
2025-09-04,7,108,36.3386,59.0,59.0,0.0
2025-09-04,7,109,11.3558,7.0,7.0,0.0
2025-09-04,7,110,20.4405,27.59,27.59,0.0
2025-09-04,7,111,11.3558,10.39,10.39,0.0
2025-09-04,7,112,17.7112,10.0,10.0,0.0
2025-09-04,7,113,13.627,10.0,10.0,0.0
2025-09-04,7,114,9.8706,6.0,6.0,0.0
2025-09-04,7,115,11.3558,18.0,18.0,0.0
2025-09-04,7,116,21.2453,21.0,21.0,0.0
2025-09-04,7,117,26.5567,18.0,18.0,0.0
2025-09-04,7,118,23.3699,18.0,18.0,0.0
2025-09-04,7,119,8.4981,7.0,7.0,0.0
2025-09-04,7,120,10.6227,13.0,13.0,0.0
2025-09-04,7,121,8.4981,5.0,5.0,0.0
2025-09-04,7,122,11.3558,16.0,16.0,0.0
2025-09-04,7,123,18.9287,16.0,16.0,0.0
2025-09-04,7,124,12.6192,17.0,17.0,0.0
2025-09-04,7,125,8.4128,8.0,8.0,0.0
2025-09-04,7,126,15.774,12.0,12.0,0.0
2025-09-04,7,127,13.3142,12.73,12.73,0.0
2025-09-04,7,128,11.0952,9.34,9.34,0.0
2025-09-04,7,129,5.5476,7.19,7.19,0.0
2025-09-04,7,130,4.2491,4.71,4.71,0.0
2025-09-04,7,131,5.4946,6.0,6.0,0.0
2025-09-04,7,132,14.3543,14.0,14.0,0.0
2025-09-04,7,133,17.0337,7.0,7.0,0.0
2025-09-04,7,134,11.3558,15.0,15.0,0.0
2025-09-04,7,135,16.9659,13.0,13.0,0.0
2025-09-04,7,136,7.1679,9.0,9.0,0.0
2025-09-04,7,137,7.4626,7.0,7.0,0.0
2025-09-04,7,138,12.2879,14.0,14.0,0.0
2025-09-04,7,139,8.1919,8.0,8.0,0.0
2025-09-04,7,140,7.1679,15.0,15.0,0.0
2025-09-04,7,141,4.096,3.0,3.0,0.0
2025-09-04,7,142,7.1679,8.0,8.0,0.0
2025-09-04,7,143,8.0076,6.0,6.0,0.0
2025-09-04,7,144,7.1679,9.0,9.0,0.0
2025-09-04,7,145,4.096,10.0,10.0,0.0
2025-09-04,7,146,17.9759,18.0,18.0,0.0
2025-09-04,7,147,9.8903,10.0,10.0,0.0
2025-09-04,7,148,5.4946,4.0,4.0,0.0
2025-09-04,7,149,5.1378,2.0,2.0,0.0
2025-09-04,7,150,7.4359,2.0,2.0,0.0
2025-09-04,7,151,9.5604,11.0,11.0,0.0
2025-09-04,7,152,5.3113,4.0,4.0,0.0
2025-09-04,7,153,4.2491,2.0,2.0,0.0
2025-09-04,7,154,6.3736,6.74,6.74,0.0
2025-09-04,7,155,3.1868,2.66,2.66,0.0
2025-09-04,7,156,2.1245,1.33,1.33,0.0
2025-09-04,7,157,4.2491,1.98,1.98,0.0
2025-09-04,7,158,5.6779,6.0,6.0,0.0
2025-09-04,7,159,4.4381,4.02,4.02,0.0
2025-09-04,7,160,6.3736,8.0,8.0,0.0
2025-09-05,7,101,32.8352,26.87,26.87,0.0
2025-09-05,7,102,86.685,79.0,79.0,0.0
2025-09-05,7,103,12.1457,3.0,3.0,0.0
2025-09-05,7,104,10.5073,12.67,12.67,0.0
2025-09-05,7,105,19.7011,29.55,29.55,0.0
2025-09-05,7,106,16.306,22.69,22.69,0.0
2025-09-05,7,107,18.3877,19.0,19.0,0.0
2025-09-05,7,108,42.0291,74.0,74.0,0.0
2025-09-05,7,109,13.1341,15.0,15.0,0.0
2025-09-05,7,110,23.6414,19.72,19.72,0.0
2025-09-05,7,111,13.1341,13.32,13.32,0.0
2025-09-05,7,112,20.732,21.0,21.0,0.0
2025-09-05,7,113,15.7609,16.0,16.0,0.0
2025-09-05,7,114,11.7285,7.0,7.0,0.0
2025-09-05,7,115,13.1341,4.0,4.0,0.0
2025-09-05,7,116,24.6012,24.0,24.0,0.0
2025-09-05,7,117,30.7515,37.0,37.0,0.0
2025-09-05,7,118,27.0613,40.0,40.0,0.0
2025-09-05,7,119,9.8405,3.0,3.0,0.0
2025-09-05,7,120,12.3006,5.0,5.0,0.0
2025-09-05,7,121,9.8405,11.0,11.0,0.0
2025-09-05,7,122,13.1341,15.0,15.0,0.0
2025-09-05,7,123,21.9374,23.0,23.0,0.0
2025-09-05,7,124,14.6249,11.0,11.0,0.0
2025-09-05,7,125,9.7499,10.0,10.0,0.0
2025-09-05,7,126,18.2811,19.0,19.0,0.0
2025-09-05,7,127,15.4003,14.46,14.46,0.0
2025-09-05,7,128,12.8336,14.15,14.15,0.0
2025-09-05,7,129,6.4168,8.19,8.19,0.0
2025-09-05,7,130,4.9202,4.89,4.89,0.0
2025-09-05,7,131,6.3587,8.0,8.0,0.0
2025-09-05,7,132,16.8699,23.0,23.0,0.0
2025-09-05,7,133,19.7011,10.0,10.0,0.0
2025-09-05,7,134,13.1341,6.0,6.0,0.0
2025-09-05,7,135,20.019,17.0,17.0,0.0
2025-09-05,7,136,8.3053,17.0,17.0,0.0
2025-09-05,7,137,8.8763,8.0,8.0,0.0
2025-09-05,7,138,14.2377,28.0,28.0,0.0
2025-09-05,7,139,9.4918,18.0,18.0,0.0
2025-09-05,7,140,8.3053,6.0,6.0,0.0
2025-09-05,7,141,4.7459,4.0,4.0,0.0
2025-09-05,7,142,8.3053,12.0,12.0,0.0
2025-09-05,7,143,9.204,8.0,8.0,0.0
2025-09-05,7,144,8.3053,13.0,13.0,0.0
2025-09-05,7,145,4.7459,3.0,3.0,0.0
2025-09-05,7,146,21.3395,30.0,23.0,7.0
2025-09-05,7,147,11.4456,9.0,9.0,0.0
2025-09-05,7,148,6.3587,11.0,11.0,0.0
2025-09-05,7,149,6.2381,6.0,6.0,0.0
2025-09-05,7,150,8.6104,12.0,12.0,0.0
2025-09-05,7,151,11.0705,9.0,9.0,0.0
2025-09-05,7,152,6.1503,9.0,9.0,0.0
2025-09-05,7,153,4.9202,6.0,6.0,0.0
2025-09-05,7,154,7.3804,5.31,5.31,0.0
2025-09-05,7,155,3.6902,4.28,4.28,0.0
2025-09-05,7,156,2.4601,3.54,3.54,0.0
2025-09-05,7,157,4.9202,3.56,3.56,0.0
2025-09-05,7,158,6.567,6.0,6.0,0.0
2025-09-05,7,159,5.1334,8.37,8.37,0.0
2025-09-05,7,160,7.3804,7.0,7.0,0.0
2025-09-06,7,101,38.761,32.28,32.28,0.0
2025-09-06,7,102,102.3289,121.0,121.0,0.0
2025-09-06,7,103,14.4083,16.0,16.0,0.0
2025-09-06,7,104,12.4035,13.27,13.27,0.0
2025-09-06,7,105,23.2566,12.95,12.95,0.0
2025-09-06,7,106,19.2873,17.15,17.15,0.0
2025-09-06,7,107,21.7061,29.0,29.0,0.0
2025-09-06,7,108,49.614,56.0,56.0,0.0
2025-09-06,7,109,15.5044,13.0,13.0,0.0
2025-09-06,7,110,27.9079,29.98,29.98,0.0
2025-09-06,7,111,15.5044,12.04,12.04,0.0
2025-09-06,7,112,24.547,24.0,24.0,0.0
2025-09-06,7,113,18.6053,7.0,7.0,0.0
2025-09-06,7,114,13.8845,13.0,13.0,0.0
2025-09-06,7,115,15.5044,11.0,11.0,0.0
2025-09-06,7,116,29.0757,32.0,32.0,0.0
2025-09-06,7,117,36.3446,40.0,40.0,0.0
2025-09-06,7,118,31.9832,29.0,29.0,0.0
2025-09-06,7,119,11.6303,10.0,10.0,0.0
2025-09-06,7,120,14.5378,22.0,22.0,0.0
2025-09-06,7,121,11.6303,13.0,13.0,0.0
2025-09-06,7,122,15.5044,18.0,18.0,0.0
2025-09-06,7,123,25.9495,22.0,22.0,0.0
2025-09-06,7,124,17.2997,14.0,14.0,0.0
2025-09-06,7,125,11.5331,9.0,9.0,0.0
2025-09-06,7,126,21.6246,23.0,23.0,0.0
2025-09-06,7,127,18.181,26.08,26.08,0.0
2025-09-06,7,128,15.1508,5.28,5.28,0.0
2025-09-06,7,129,7.5754,6.77,6.77,0.0
2025-09-06,7,130,5.8151,7.53,7.53,0.0
2025-09-06,7,131,7.5106,9.0,9.0,0.0
2025-09-06,7,132,19.9942,23.0,23.0,0.0
2025-09-06,7,133,23.2566,14.0,14.0,0.0
2025-09-06,7,134,15.5044,16.0,16.0,0.0
2025-09-06,7,135,23.7503,32.0,32.0,0.0
2025-09-06,7,136,9.8221,15.0,13.0,2.0
2025-09-06,7,137,10.5518,20.0,20.0,0.0
2025-09-06,7,138,16.838,33.0,33.0,0.0
2025-09-06,7,139,11.2253,12.0,9.0,3.0
2025-09-06,7,140,9.8221,22.0,22.0,0.0
2025-09-06,7,141,5.6127,6.0,6.0,0.0
2025-09-06,7,142,9.8221,12.0,12.0,0.0
2025-09-06,7,143,10.8961,4.0,4.0,0.0
2025-09-06,7,144,9.8221,7.0,7.0,0.0
2025-09-06,7,145,5.6127,5.0,5.0,0.0
2025-09-06,7,146,25.3172,17.0,12.0,5.0
2025-09-06,7,147,13.519,5.0,5.0,0.0
2025-09-06,7,148,7.5106,7.0,7.0,0.0
2025-09-06,7,149,7.4571,11.0,10.0,1.0
2025-09-06,7,150,10.1765,8.0,8.0,0.0
2025-09-06,7,151,13.084,6.0,6.0,0.0
2025-09-06,7,152,7.2689,6.0,6.0,0.0
2025-09-06,7,153,5.8151,4.0,4.0,0.0
2025-09-06,7,154,8.7227,8.47,8.47,0.0
2025-09-06,7,155,4.3613,3.16,3.16,0.0
2025-09-06,7,156,2.9076,2.91,2.91,0.0
2025-09-06,7,157,5.8151,5.97,5.97,0.0
2025-09-06,7,158,7.7522,1.0,1.0,0.0
2025-09-06,7,159,6.0603,10.48,10.48,0.0
2025-09-06,7,160,8.7227,11.0,11.0,0.0
2025-09-07,7,101,31.2706,23.93,23.93,0.0
2025-09-07,7,102,82.5543,66.0,66.0,0.0
2025-09-07,7,103,11.6819,10.0,10.0,0.0
2025-09-07,7,104,10.0066,6.79,6.79,0.0
2025-09-07,7,105,18.7623,17.92,17.92,0.0
2025-09-07,7,106,15.2367,15.97,15.97,0.0
2025-09-07,7,107,17.5115,12.0,12.0,0.0
2025-09-07,7,108,40.0263,34.0,34.0,0.0
2025-09-07,7,109,12.5082,6.0,6.0,0.0
2025-09-07,7,110,22.5148,33.15,33.15,0.0
2025-09-07,7,111,12.5082,9.46,9.46,0.0
2025-09-07,7,112,19.1893,12.0,12.0,0.0
2025-09-07,7,113,15.0099,14.0,14.0,0.0
2025-09-07,7,114,10.2444,11.0,11.0,0.0
2025-09-07,7,115,12.5082,10.0,10.0,0.0
2025-09-07,7,116,23.4854,22.0,22.0,0.0
2025-09-07,7,117,29.3568,27.0,27.0,0.0
2025-09-07,7,118,25.834,20.0,20.0,0.0
2025-09-07,7,119,9.3942,9.0,9.0,0.0
2025-09-07,7,120,11.7427,21.0,21.0,0.0
2025-09-07,7,121,9.3942,12.0,12.0,0.0
2025-09-07,7,122,12.5082,7.0,7.0,0.0
2025-09-07,7,123,20.9783,11.0,11.0,0.0
2025-09-07,7,124,13.9855,15.0,15.0,0.0
2025-09-07,7,125,9.3237,7.0,7.0,0.0
2025-09-07,7,126,17.4819,16.0,16.0,0.0
2025-09-07,7,127,14.6689,13.73,13.73,0.0
2025-09-07,7,128,12.224,12.14,12.14,0.0
2025-09-07,7,129,6.112,5.8,5.8,0.0
2025-09-07,7,130,4.6971,2.99,2.99,0.0
2025-09-07,7,131,6.0627,1.0,1.0,0.0
2025-09-07,7,132,15.467,7.0,7.0,0.0
2025-09-07,7,133,18.7623,21.0,21.0,0.0
2025-09-07,7,134,12.5082,10.0,10.0,0.0
2025-09-07,7,135,18.1807,25.0,25.0,0.0
2025-09-07,7,136,7.9388,11.0,11.0,0.0
2025-09-07,7,137,7.9095,10.0,10.0,0.0
2025-09-07,7,138,13.6094,19.0,2.0,17.0
2025-09-07,7,139,9.0729,5.0,5.0,0.0
2025-09-07,7,140,7.9388,5.0,5.0,0.0
2025-09-07,7,141,4.5365,3.0,3.0,0.0
2025-09-07,7,142,7.9388,2.0,2.0,0.0
2025-09-07,7,143,9.1257,13.0,13.0,0.0
2025-09-07,7,144,7.9388,8.0,8.0,0.0
2025-09-07,7,145,4.5365,5.0,5.0,0.0
2025-09-07,7,146,18.9389,18.0,18.0,0.0
2025-09-07,7,147,10.9129,12.0,12.0,0.0
2025-09-07,7,148,6.0627,7.0,7.0,0.0
2025-09-07,7,149,5.3069,3.0,3.0,0.0
2025-09-07,7,150,8.2199,7.0,7.0,0.0
2025-09-07,7,151,10.5684,12.0,12.0,0.0
2025-09-07,7,152,5.8714,4.0,4.0,0.0
2025-09-07,7,153,4.6971,5.0,5.0,0.0
2025-09-07,7,154,7.0456,8.6,8.6,0.0
2025-09-07,7,155,3.5228,2.87,2.87,0.0
2025-09-07,7,156,2.3485,3.29,3.29,0.0
2025-09-07,7,157,4.6971,4.94,4.94,0.0
2025-09-07,7,158,6.2541,7.0,7.0,0.0
2025-09-07,7,159,4.8896,4.99,4.99,0.0
2025-09-07,7,160,7.0456,7.0,7.0,0.0
2025-09-08,7,101,25.2843,16.99,16.99,0.0
2025-09-08,7,102,66.7507,71.0,71.0,0.0
2025-09-08,7,103,9.4934,4.0,4.0,0.0
2025-09-08,7,104,8.091,8.21,8.21,0.0
2025-09-08,7,105,15.1706,21.13,21.13,0.0
2025-09-08,7,106,12.746,13.27,13.27,0.0
2025-09-08,7,107,14.1592,9.0,9.0,0.0
2025-09-08,7,108,20.2275,24.0,24.0,0.0
2025-09-08,7,109,10.1137,20.0,20.0,0.0
2025-09-08,7,110,18.2047,19.92,19.92,0.0
2025-09-08,7,111,10.1137,10.29,10.29,0.0
2025-09-08,7,112,16.3276,12.0,12.0,0.0
2025-09-08,7,113,12.1365,11.0,11.0,0.0
2025-09-08,7,114,9.4386,13.0,13.0,0.0
2025-09-08,7,115,10.1137,13.0,13.0,0.0
2025-09-08,7,116,19.013,21.0,21.0,0.0
2025-09-08,7,117,23.7663,14.0,14.0,0.0
2025-09-08,7,118,20.9143,25.0,25.0,0.0
2025-09-08,7,119,7.6052,6.0,6.0,0.0
2025-09-08,7,120,9.5065,6.0,6.0,0.0
2025-09-08,7,121,7.6052,11.0,11.0,0.0
2025-09-08,7,122,10.1137,14.0,14.0,0.0
2025-09-08,7,123,16.9979,14.0,14.0,0.0
2025-09-08,7,124,11.3319,11.0,11.0,0.0
2025-09-08,7,125,12.0874,9.0,9.0,0.0
2025-09-08,7,126,14.1649,9.0,9.0,0.0
2025-09-08,7,127,11.8619,11.69,11.69,0.0
2025-09-08,7,128,9.8849,4.43,4.43,0.0
2025-09-08,7,129,4.9424,6.03,6.03,0.0
2025-09-08,7,130,3.8026,2.95,2.95,0.0
2025-09-08,7,131,4.9051,4.0,4.0,0.0
2025-09-08,7,132,13.3861,9.0,9.0,0.0
2025-09-08,7,133,15.1706,12.0,12.0,0.0
2025-09-08,7,134,10.1137,6.0,6.0,0.0
2025-09-08,7,135,16.0045,11.0,11.0,0.0
2025-09-08,7,136,6.4312,8.0,8.0,0.0
2025-09-08,7,137,11.5256,29.0,12.0,17.0
2025-09-08,7,138,11.0249,9.0,9.0,0.0
2025-09-08,7,139,7.35,8.0,8.0,0.0
2025-09-08,7,140,6.4312,12.0,12.0,0.0
2025-09-08,7,141,3.675,8.0,8.0,0.0
2025-09-08,7,142,6.4312,12.0,12.0,0.0
2025-09-08,7,143,7.0541,10.0,10.0,0.0
2025-09-08,7,144,10.2899,12.0,12.0,0.0
2025-09-08,7,145,3.675,4.0,4.0,0.0
2025-09-08,7,146,10.758,8.0,8.0,0.0
2025-09-08,7,147,8.8291,9.0,9.0,0.0
2025-09-08,7,148,4.9051,8.0,8.0,0.0
2025-09-08,7,149,5.2652,2.0,2.0,0.0
2025-09-08,7,150,6.6546,6.0,6.0,0.0
2025-09-08,7,151,8.5559,9.0,9.0,0.0
2025-09-08,7,152,4.7533,2.0,2.0,0.0
2025-09-08,7,153,3.8026,6.0,6.0,0.0
2025-09-08,7,154,5.7039,4.25,4.25,0.0
2025-09-08,7,155,2.852,3.0,3.0,0.0
2025-09-08,7,156,1.9013,2.11,2.11,0.0
2025-09-08,7,157,3.8026,1.76,1.76,0.0
2025-09-08,7,158,5.0569,4.0,4.0,0.0
2025-09-08,7,159,3.954,2.56,2.56,0.0
2025-09-08,7,160,5.7039,9.0,9.0,0.0
2025-09-09,7,101,25.254,16.85,16.85,0.0
2025-09-09,7,102,66.6705,120.0,120.0,0.0
2025-09-09,7,103,9.5306,12.0,12.0,0.0
2025-09-09,7,104,8.0813,11.53,11.53,0.0
2025-09-09,7,105,15.1524,11.03,11.03,0.0
2025-09-09,7,106,12.6419,10.86,10.86,0.0
2025-09-09,7,107,14.1422,13.0,13.0,0.0
2025-09-09,7,108,20.2032,22.0,22.0,0.0
2025-09-09,7,109,10.1016,13.0,13.0,0.0
2025-09-09,7,110,18.1829,23.73,23.73,0.0
2025-09-09,7,111,10.1016,10.72,10.72,0.0
2025-09-09,7,112,16.1377,13.0,13.0,0.0
2025-09-09,7,113,12.1219,8.0,8.0,0.0
2025-09-09,7,114,9.1159,11.0,11.0,0.0
2025-09-09,7,115,10.1016,7.0,7.0,0.0
2025-09-09,7,116,19.014,10.0,10.0,0.0
2025-09-09,7,117,23.7675,13.0,13.0,0.0
2025-09-09,7,118,20.9154,24.0,24.0,0.0
2025-09-09,7,119,7.6056,8.0,8.0,0.0
2025-09-09,7,120,9.507,8.0,8.0,0.0
2025-09-09,7,121,7.6056,12.0,12.0,0.0
2025-09-09,7,122,10.1016,14.0,14.0,0.0
2025-09-09,7,123,17.0134,7.0,7.0,0.0
2025-09-09,7,124,11.3423,16.0,16.0,0.0
2025-09-09,7,125,12.0984,16.0,16.0,0.0
2025-09-09,7,126,14.1779,19.0,19.0,0.0
2025-09-09,7,127,11.8488,10.61,10.61,0.0
2025-09-09,7,128,9.874,12.4,12.4,0.0
2025-09-09,7,129,4.937,3.03,3.03,0.0
2025-09-09,7,130,3.8028,6.48,6.48,0.0
2025-09-09,7,131,4.9022,5.0,5.0,0.0
2025-09-09,7,132,13.1841,12.0,12.0,0.0
2025-09-09,7,133,15.1524,8.0,8.0,0.0
2025-09-09,7,134,10.1016,4.0,4.0,0.0
2025-09-09,7,135,15.7079,15.0,15.0,0.0
2025-09-09,7,136,6.4358,5.0,5.0,0.0
2025-09-09,7,137,11.2332,11.0,11.0,0.0
2025-09-09,7,138,11.0329,12.0,12.0,0.0
2025-09-09,7,139,7.3552,8.0,8.0,0.0
2025-09-09,7,140,6.4358,5.0,5.0,0.0
2025-09-09,7,141,3.6776,4.0,4.0,0.0
2025-09-09,7,142,6.4358,11.0,11.0,0.0
2025-09-09,7,143,7.1634,3.0,3.0,0.0
2025-09-09,7,144,10.2973,17.0,17.0,0.0
2025-09-09,7,145,3.6776,5.0,5.0,0.0
2025-09-09,7,146,10.4629,17.0,17.0,0.0
2025-09-09,7,147,8.8239,21.0,21.0,0.0
2025-09-09,7,148,4.9022,5.0,5.0,0.0
2025-09-09,7,149,5.0457,3.0,3.0,0.0
2025-09-09,7,150,6.6549,6.0,6.0,0.0
2025-09-09,7,151,8.5563,3.0,3.0,0.0
2025-09-09,7,152,4.7535,1.0,1.0,0.0
2025-09-09,7,153,3.8028,4.0,4.0,0.0
2025-09-09,7,154,5.7042,6.82,6.82,0.0
2025-09-09,7,155,2.8521,3.13,3.13,0.0
2025-09-09,7,156,1.9014,1.37,1.37,0.0
2025-09-09,7,157,3.8028,2.88,2.88,0.0
2025-09-09,7,158,5.0508,6.0,6.0,0.0
2025-09-09,7,159,3.9496,5.53,5.53,0.0
2025-09-09,7,160,5.7042,10.0,10.0,0.0
2025-09-10,7,101,26.7069,22.71,22.71,0.0
2025-09-10,7,102,70.5062,84.0,84.0,0.0
2025-09-10,7,103,10.1312,14.0,14.0,0.0
2025-09-10,7,104,8.5462,6.32,6.32,0.0
2025-09-10,7,105,16.0241,11.91,11.91,0.0
2025-09-10,7,106,13.1701,16.84,16.84,0.0
2025-09-10,7,107,14.9559,26.0,26.0,0.0
2025-09-10,7,108,21.3655,19.0,19.0,0.0
2025-09-10,7,109,10.6828,10.0,10.0,0.0
2025-09-10,7,110,19.229,20.25,20.25,0.0
2025-09-10,7,111,10.6828,14.23,14.23,0.0
2025-09-10,7,112,16.6864,17.0,17.0,0.0
2025-09-10,7,113,12.8193,12.0,12.0,0.0
2025-09-10,7,114,9.0272,4.0,4.0,0.0
2025-09-10,7,115,10.6828,13.0,13.0,0.0
2025-09-10,7,116,20.1336,13.0,13.0,0.0
2025-09-10,7,117,25.167,30.0,30.0,0.0
2025-09-10,7,118,22.1469,15.0,15.0,0.0
2025-09-10,7,119,8.0534,10.0,10.0,0.0
2025-09-10,7,120,10.0668,11.0,11.0,0.0
2025-09-10,7,121,8.0534,9.0,9.0,0.0
2025-09-10,7,122,10.6828,6.0,6.0,0.0
2025-09-10,7,123,18.0307,19.0,19.0,0.0
2025-09-10,7,124,12.0205,10.0,10.0,0.0
2025-09-10,7,125,12.8218,15.0,15.0,0.0
2025-09-10,7,126,15.0256,18.0,18.0,0.0
2025-09-10,7,127,12.5318,18.07,18.07,0.0
2025-09-10,7,128,10.4432,12.64,12.64,0.0
2025-09-10,7,129,5.2216,4.71,4.71,0.0
2025-09-10,7,130,4.0267,2.76,2.76,0.0
2025-09-10,7,131,5.1874,2.0,2.0,0.0
2025-09-10,7,132,13.5306,9.0,9.0,0.0
2025-09-10,7,133,16.0241,13.0,13.0,0.0
2025-09-10,7,134,10.6828,10.0,10.0,0.0
2025-09-10,7,135,16.0002,11.0,11.0,0.0
2025-09-10,7,136,6.8194,5.0,5.0,0.0
2025-09-10,7,137,11.2719,12.0,12.0,0.0
2025-09-10,7,138,11.6903,23.0,23.0,0.0
2025-09-10,7,139,7.7936,7.0,7.0,0.0
2025-09-10,7,140,6.8194,7.0,7.0,0.0
2025-09-10,7,141,3.8968,2.0,2.0,0.0
2025-09-10,7,142,6.8194,7.0,7.0,0.0
2025-09-10,7,143,7.7956,6.0,6.0,0.0
2025-09-10,7,144,10.911,26.0,26.0,0.0
2025-09-10,7,145,3.8968,3.0,3.0,0.0
2025-09-10,7,146,10.4764,16.0,16.0,0.0
2025-09-10,7,147,9.3373,6.0,6.0,0.0
2025-09-10,7,148,5.1874,10.0,10.0,0.0
2025-09-10,7,149,4.8797,7.0,7.0,0.0
2025-09-10,7,150,7.0467,6.0,6.0,0.0
2025-09-10,7,151,9.0601,7.0,7.0,0.0
2025-09-10,7,152,5.0334,7.0,7.0,0.0
2025-09-10,7,153,4.0267,4.0,4.0,0.0
2025-09-10,7,154,6.0401,4.86,4.86,0.0
2025-09-10,7,155,3.02,2.22,2.22,0.0
2025-09-10,7,156,2.0134,1.4,1.4,0.0
2025-09-10,7,157,4.0267,3.02,3.02,0.0
2025-09-10,7,158,5.3414,4.0,4.0,0.0
2025-09-10,7,159,4.1773,4.6,4.6,0.0
2025-09-10,7,160,6.0401,5.0,5.0,0.0
2025-09-11,7,101,28.1557,21.92,21.92,0.0
2025-09-11,7,102,74.331,70.0,70.0,0.0
2025-09-11,7,103,10.7368,9.0,9.0,0.0
2025-09-11,7,104,9.0098,8.78,8.78,0.0
2025-09-11,7,105,16.8934,13.94,13.94,0.0
2025-09-11,7,106,14.408,18.06,18.06,0.0
2025-09-11,7,107,15.7672,17.0,17.0,0.0
2025-09-11,7,108,22.5246,30.0,30.0,0.0
2025-09-11,7,109,11.2623,7.0,7.0,0.0
2025-09-11,7,110,20.2721,16.04,16.04,0.0
2025-09-11,7,111,11.2623,18.27,18.27,0.0
2025-09-11,7,112,18.5956,29.0,29.0,0.0
2025-09-11,7,113,13.5147,16.0,16.0,0.0
2025-09-11,7,114,10.9704,13.0,13.0,0.0
2025-09-11,7,115,11.2623,6.0,6.0,0.0
2025-09-11,7,116,21.2532,18.0,18.0,0.0
2025-09-11,7,117,26.5665,19.0,19.0,0.0
2025-09-11,7,118,23.3785,34.0,34.0,0.0
2025-09-11,7,119,8.5013,6.0,6.0,0.0
2025-09-11,7,120,10.6266,8.0,8.0,0.0
2025-09-11,7,121,8.5013,4.0,4.0,0.0
2025-09-11,7,122,11.2623,8.0,8.0,0.0
2025-09-11,7,123,19.0498,24.0,24.0,0.0
2025-09-11,7,124,12.6999,12.0,12.0,0.0
2025-09-11,7,125,13.5465,8.0,8.0,0.0
2025-09-11,7,126,15.8748,17.0,17.0,0.0
2025-09-11,7,127,13.2131,8.63,8.63,0.0
2025-09-11,7,128,11.0109,12.78,12.78,0.0
2025-09-11,7,129,5.5055,3.84,3.84,0.0
2025-09-11,7,130,4.2506,3.57,3.57,0.0
2025-09-11,7,131,5.4722,13.0,13.0,0.0
2025-09-11,7,132,15.3602,26.0,26.0,0.0
2025-09-11,7,133,16.8934,21.0,21.0,0.0
2025-09-11,7,134,11.2623,16.0,16.0,0.0
2025-09-11,7,135,18.503,19.0,19.0,0.0
2025-09-11,7,136,7.2035,9.0,9.0,0.0
2025-09-11,7,137,13.5263,13.0,13.0,0.0
2025-09-11,7,138,12.3489,12.0,12.0,0.0
2025-09-11,7,139,8.2326,10.0,10.0,0.0
2025-09-11,7,140,7.2035,6.0,6.0,0.0
2025-09-11,7,141,4.1163,5.0,5.0,0.0
2025-09-11,7,142,7.2035,6.0,6.0,0.0
2025-09-11,7,143,7.8232,8.0,8.0,0.0
2025-09-11,7,144,11.5256,23.0,14.0,9.0
2025-09-11,7,145,4.1163,0.0,0.0,0.0
2025-09-11,7,146,12.5443,9.0,9.0,0.0
2025-09-11,7,147,9.85,17.0,17.0,0.0
2025-09-11,7,148,5.4722,8.0,8.0,0.0
2025-09-11,7,149,6.4272,8.0,8.0,0.0
2025-09-11,7,150,7.4386,8.0,8.0,0.0
2025-09-11,7,151,9.564,7.0,7.0,0.0
2025-09-11,7,152,5.3133,3.0,3.0,0.0
2025-09-11,7,153,4.2506,5.0,5.0,0.0
2025-09-11,7,154,6.376,6.39,6.39,0.0
2025-09-11,7,155,3.188,2.54,2.54,0.0
2025-09-11,7,156,2.1253,3.81,3.81,0.0
2025-09-11,7,157,4.2506,4.3,4.3,0.0
2025-09-11,7,158,5.6311,2.0,2.0,0.0
2025-09-11,7,159,4.4044,3.51,3.51,0.0
2025-09-11,7,160,6.376,7.0,7.0,0.0
2025-09-12,7,101,32.5603,26.25,26.25,0.0
2025-09-12,7,102,85.9593,81.0,81.0,0.0
2025-09-12,7,103,12.4823,9.0,9.0,0.0
2025-09-12,7,104,10.4193,15.66,15.66,0.0
2025-09-12,7,105,19.5362,17.1,17.1,0.0
2025-09-12,7,106,16.6286,21.3,21.3,0.0
2025-09-12,7,107,18.2338,12.0,12.0,0.0
2025-09-12,7,108,26.0483,25.0,25.0,0.0
2025-09-12,7,109,13.0241,13.0,13.0,0.0
2025-09-12,7,110,23.4435,20.93,20.93,0.0
2025-09-12,7,111,13.0241,10.55,10.55,0.0
2025-09-12,7,112,21.4402,32.0,32.0,0.0
2025-09-12,7,113,15.629,8.0,8.0,0.0
2025-09-12,7,114,12.5101,13.0,13.0,0.0
2025-09-12,7,115,13.0241,12.0,12.0,0.0
2025-09-12,7,116,24.6103,20.0,20.0,0.0
2025-09-12,7,117,30.7629,23.0,23.0,0.0
2025-09-12,7,118,27.0713,21.0,21.0,0.0
2025-09-12,7,119,9.8441,8.0,8.0,0.0
2025-09-12,7,120,12.3052,15.0,15.0,0.0
2025-09-12,7,121,9.8441,6.0,6.0,0.0
2025-09-12,7,122,13.0241,13.0,13.0,0.0
2025-09-12,7,123,22.0778,37.0,37.0,0.0
2025-09-12,7,124,14.7186,14.0,14.0,0.0
2025-09-12,7,125,15.6998,14.0,14.0,0.0
2025-09-12,7,126,18.3982,24.0,24.0,0.0
2025-09-12,7,127,15.282,9.86,9.86,0.0
2025-09-12,7,128,12.735,8.94,8.94,0.0
2025-09-12,7,129,6.3675,6.0,6.0,0.0
2025-09-12,7,130,4.9221,3.6,3.6,0.0
2025-09-12,7,131,6.3323,15.0,13.0,2.0
2025-09-12,7,132,17.6922,26.0,26.0,0.0
2025-09-12,7,133,19.5362,16.0,16.0,0.0
2025-09-12,7,134,13.0241,16.0,16.0,0.0
2025-09-12,7,135,21.2908,25.0,25.0,0.0
2025-09-12,7,136,8.3472,5.0,5.0,0.0
2025-09-12,7,137,15.5332,14.0,14.0,0.0
2025-09-12,7,138,14.3094,11.0,11.0,0.0
2025-09-12,7,139,9.5396,17.0,17.0,0.0
2025-09-12,7,140,8.3472,11.0,11.0,0.0
2025-09-12,7,141,4.7698,3.0,3.0,0.0
2025-09-12,7,142,8.3472,17.0,17.0,0.0
2025-09-12,7,143,9.1313,10.0,10.0,0.0
2025-09-12,7,144,13.3555,14.0,14.0,0.0
2025-09-12,7,145,4.7698,7.0,7.0,0.0
2025-09-12,7,146,14.3735,17.0,17.0,0.0
2025-09-12,7,147,11.3982,8.0,8.0,0.0
2025-09-12,7,148,6.3323,1.0,1.0,0.0
2025-09-12,7,149,7.3487,7.0,7.0,0.0
2025-09-12,7,150,8.6136,11.0,11.0,0.0
2025-09-12,7,151,11.0746,12.0,12.0,0.0
2025-09-12,7,152,6.1526,6.0,6.0,0.0
2025-09-12,7,153,4.9221,7.0,7.0,0.0
2025-09-12,7,154,7.3831,6.64,6.64,0.0
2025-09-12,7,155,3.6915,2.65,2.65,0.0
2025-09-12,7,156,2.461,1.61,1.61,0.0
2025-09-12,7,157,4.9221,4.98,4.98,0.0
2025-09-12,7,158,6.5121,7.0,7.0,0.0
2025-09-12,7,159,5.094,6.68,6.68,0.0
2025-09-12,7,160,7.3831,7.0,7.0,0.0
2025-09-13,7,101,38.4313,25.31,25.31,0.0
2025-09-13,7,102,101.4588,89.0,89.0,0.0
2025-09-13,7,103,14.812,16.0,16.0,0.0
2025-09-13,7,104,12.298,5.6,5.6,0.0
2025-09-13,7,105,23.0588,27.02,27.02,0.0
2025-09-13,7,106,19.8242,23.41,23.41,0.0
2025-09-13,7,107,21.5216,32.0,32.0,0.0
2025-09-13,7,108,30.7451,17.0,17.0,0.0
2025-09-13,7,109,15.3725,12.0,12.0,0.0
2025-09-13,7,110,27.6706,32.33,32.33,0.0
2025-09-13,7,111,15.3725,17.74,17.74,0.0
2025-09-13,7,112,25.6886,21.0,21.0,0.0
2025-09-13,7,113,18.447,23.0,23.0,0.0
2025-09-13,7,114,15.274,28.0,28.0,0.0
2025-09-13,7,115,15.3725,23.0,23.0,0.0
2025-09-13,7,116,29.0864,15.0,15.0,0.0
2025-09-13,7,117,36.3581,38.0,38.0,0.0
2025-09-13,7,118,31.9951,36.0,36.0,0.0
2025-09-13,7,119,11.6346,9.0,9.0,0.0
2025-09-13,7,120,14.5432,29.0,29.0,0.0
2025-09-13,7,121,11.6346,5.0,5.0,0.0
2025-09-13,7,122,15.3725,14.0,14.0,0.0
2025-09-13,7,123,26.1159,35.0,35.0,0.0
2025-09-13,7,124,17.4106,21.0,21.0,0.0
2025-09-13,7,125,18.5713,13.0,13.0,0.0
2025-09-13,7,126,21.7632,33.0,33.0,0.0
2025-09-13,7,127,18.0398,11.08,11.08,0.0
2025-09-13,7,128,15.0332,13.53,13.53,0.0
2025-09-13,7,129,7.5166,9.56,9.56,0.0
2025-09-13,7,130,5.8173,7.49,7.49,0.0
2025-09-13,7,131,7.4789,15.0,12.0,3.0
2025-09-13,7,132,21.3042,23.0,23.0,0.0
2025-09-13,7,133,23.0588,32.0,32.0,0.0
2025-09-13,7,134,15.3725,16.0,16.0,0.0
2025-09-13,7,135,25.766,38.0,38.0,0.0
2025-09-13,7,136,9.8723,6.0,6.0,0.0
2025-09-13,7,137,18.9871,22.0,18.0,4.0
2025-09-13,7,138,16.9239,21.0,21.0,0.0
2025-09-13,7,139,11.2826,8.0,8.0,0.0
2025-09-13,7,140,9.8723,11.0,11.0,0.0
2025-09-13,7,141,5.6413,7.0,7.0,0.0
2025-09-13,7,142,9.8723,13.0,13.0,0.0
2025-09-13,7,143,10.6848,9.0,9.0,0.0
2025-09-13,7,144,15.7956,19.0,19.0,0.0
2025-09-13,7,145,5.6413,8.0,8.0,0.0
2025-09-13,7,146,17.5298,14.0,14.0,0.0
2025-09-13,7,147,13.4621,15.0,15.0,0.0
2025-09-13,7,148,7.4789,5.0,5.0,0.0
2025-09-13,7,149,9.2161,8.0,6.0,2.0
2025-09-13,7,150,10.1803,10.0,10.0,0.0
2025-09-13,7,151,13.0889,14.0,14.0,0.0
2025-09-13,7,152,7.2716,5.0,5.0,0.0
2025-09-13,7,153,5.8173,6.0,6.0,0.0
2025-09-13,7,154,8.7259,4.66,4.66,0.0
2025-09-13,7,155,4.363,3.97,3.97,0.0
2025-09-13,7,156,2.9086,2.76,2.76,0.0
2025-09-13,7,157,5.8173,4.05,4.05,0.0
2025-09-13,7,158,7.6863,9.0,9.0,0.0
2025-09-13,7,159,6.0133,8.54,8.54,0.0
2025-09-13,7,160,8.7259,10.0,10.0,0.0
2025-09-14,7,101,31.0006,23.18,23.18,0.0
2025-09-14,7,102,81.8415,51.0,51.0,0.0
2025-09-14,7,103,12.0128,11.0,11.0,0.0
2025-09-14,7,104,9.9202,12.13,12.13,0.0
2025-09-14,7,105,18.6003,30.8,30.8,0.0
2025-09-14,7,106,15.8955,12.39,12.39,0.0
2025-09-14,7,107,17.3603,20.0,20.0,0.0
2025-09-14,7,108,24.8005,22.0,22.0,0.0
2025-09-14,7,109,12.4002,8.0,8.0,0.0
2025-09-14,7,110,22.3204,18.49,18.49,0.0
2025-09-14,7,111,12.4002,10.87,10.87,0.0
2025-09-14,7,112,20.536,40.0,40.0,0.0
2025-09-14,7,113,14.8803,14.0,14.0,0.0
2025-09-14,7,114,11.953,14.0,14.0,0.0
2025-09-14,7,115,12.4002,9.0,9.0,0.0
2025-09-14,7,116,23.4941,29.0,29.0,0.0
2025-09-14,7,117,29.3677,20.0,20.0,0.0
2025-09-14,7,118,25.8436,19.0,19.0,0.0
2025-09-14,7,119,9.3977,7.0,7.0,0.0
2025-09-14,7,120,11.7471,9.0,9.0,0.0
2025-09-14,7,121,9.3977,9.0,9.0,0.0
2025-09-14,7,122,12.4002,12.0,12.0,0.0
2025-09-14,7,123,21.1129,21.0,21.0,0.0
2025-09-14,7,124,14.0753,12.0,12.0,0.0
2025-09-14,7,125,15.0136,12.0,12.0,0.0
2025-09-14,7,126,17.5941,26.0,26.0,0.0
2025-09-14,7,127,14.5537,16.95,16.95,0.0
2025-09-14,7,128,12.1281,14.89,14.89,0.0
2025-09-14,7,129,6.064,4.35,4.35,0.0
2025-09-14,7,130,4.6988,5.02,5.02,0.0
2025-09-14,7,131,6.0368,4.0,4.0,0.0
2025-09-14,7,132,16.98,19.0,19.0,0.0
2025-09-14,7,133,18.6003,18.0,18.0,0.0
2025-09-14,7,134,12.4002,10.0,10.0,0.0
2025-09-14,7,135,20.4746,18.0,18.0,0.0
2025-09-14,7,136,7.9799,13.0,13.0,0.0
2025-09-14,7,137,14.9976,22.0,12.0,10.0
2025-09-14,7,138,13.6798,14.0,14.0,0.0
2025-09-14,7,139,9.1198,12.0,12.0,0.0
2025-09-14,7,140,7.9799,7.0,7.0,0.0
2025-09-14,7,141,4.5599,6.0,6.0,0.0
2025-09-14,7,142,7.9799,9.0,9.0,0.0
2025-09-14,7,143,8.7525,7.0,7.0,0.0
2025-09-14,7,144,12.7678,21.0,21.0,0.0
2025-09-14,7,145,4.5599,9.0,9.0,0.0
2025-09-14,7,146,13.8147,10.0,10.0,0.0
2025-09-14,7,147,10.8663,12.0,12.0,0.0
2025-09-14,7,148,6.0368,2.0,2.0,0.0
2025-09-14,7,149,7.1759,8.0,6.0,2.0
2025-09-14,7,150,8.223,7.0,7.0,0.0
2025-09-14,7,151,10.5724,14.0,14.0,0.0
2025-09-14,7,152,5.8735,10.0,10.0,0.0
2025-09-14,7,153,4.6988,5.0,5.0,0.0
2025-09-14,7,154,7.0482,6.98,6.98,0.0
2025-09-14,7,155,3.5241,5.19,5.19,0.0
2025-09-14,7,156,2.3494,2.78,2.78,0.0
2025-09-14,7,157,4.6988,3.73,3.73,0.0
2025-09-14,7,158,6.2001,13.0,13.0,0.0
2025-09-14,7,159,4.8512,5.89,5.89,0.0
2025-09-14,7,160,7.0482,4.0,4.0,0.0
2025-09-15,7,101,25.0628,28.97,28.97,0.0
2025-09-15,7,102,105.8654,137.0,137.0,0.0
2025-09-15,7,103,9.765,15.0,15.0,0.0
2025-09-15,7,104,8.0201,7.51,7.51,0.0
2025-09-15,7,105,15.0377,16.36,16.36,0.0
2025-09-15,7,106,12.8253,20.99,20.99,0.0
2025-09-15,7,107,14.0352,14.0,14.0,0.0
2025-09-15,7,108,20.0503,15.0,15.0,0.0
2025-09-15,7,109,10.0251,5.0,5.0,0.0
2025-09-15,7,110,18.0452,13.33,13.33,0.0
2025-09-15,7,111,10.0251,8.03,8.03,0.0
2025-09-15,7,112,16.5529,10.0,10.0,0.0
2025-09-15,7,113,12.0302,13.0,13.0,0.0
2025-09-15,7,114,9.5249,8.0,8.0,0.0
2025-09-15,7,115,10.0251,7.0,7.0,0.0
2025-09-15,7,116,19.0201,20.0,20.0,0.0
2025-09-15,7,117,23.7751,18.0,18.0,0.0
2025-09-15,7,118,20.9221,24.0,24.0,0.0
2025-09-15,7,119,7.608,10.0,10.0,0.0
2025-09-15,7,120,9.51,4.0,4.0,0.0
2025-09-15,7,121,7.608,7.0,7.0,0.0
2025-09-15,7,122,10.0251,16.0,16.0,0.0
2025-09-15,7,123,17.107,13.0,13.0,0.0
2025-09-15,7,124,11.4047,12.0,12.0,0.0
2025-09-15,7,125,7.6031,11.0,11.0,0.0
2025-09-15,7,126,14.2558,7.0,7.0,0.0
2025-09-15,7,127,11.7678,9.32,9.32,0.0
2025-09-15,7,128,9.8065,7.08,7.08,0.0
2025-09-15,7,129,4.9032,2.15,2.15,0.0
2025-09-15,7,130,3.804,3.83,3.83,0.0
2025-09-15,7,131,4.8838,2.0,2.0,0.0
2025-09-15,7,132,13.6729,9.0,9.0,0.0
2025-09-15,7,133,24.0603,24.0,24.0,0.0
2025-09-15,7,134,10.0251,10.0,10.0,0.0
2025-09-15,7,135,16.4704,19.0,19.0,0.0
2025-09-15,7,136,6.4649,6.0,6.0,0.0
2025-09-15,7,137,7.5253,4.0,4.0,0.0
2025-09-15,7,138,11.0826,16.0,16.0,0.0
2025-09-15,7,139,7.3884,3.0,3.0,0.0
2025-09-15,7,140,6.4649,7.0,7.0,0.0
2025-09-15,7,141,3.6942,0.0,0.0,0.0
2025-09-15,7,142,6.4649,7.0,7.0,0.0
2025-09-15,7,143,7.1433,3.0,3.0,0.0
2025-09-15,7,144,6.4649,12.0,12.0,0.0
2025-09-15,7,145,3.6942,6.0,6.0,0.0
2025-09-15,7,146,11.0648,13.0,13.0,0.0
2025-09-15,7,147,8.7908,11.0,11.0,0.0
2025-09-15,7,148,4.8838,11.0,11.0,0.0
2025-09-15,7,149,5.7361,9.0,6.0,3.0
2025-09-15,7,150,6.657,10.0,10.0,0.0
2025-09-15,7,151,8.559,14.0,14.0,0.0
2025-09-15,7,152,4.755,2.0,2.0,0.0
2025-09-15,7,153,3.804,4.0,4.0,0.0
2025-09-15,7,154,5.706,7.97,7.97,0.0
2025-09-15,7,155,2.853,2.18,2.18,0.0
2025-09-15,7,156,1.902,1.44,1.44,0.0
2025-09-15,7,157,3.804,5.56,5.56,0.0
2025-09-15,7,158,5.0126,3.0,3.0,0.0
2025-09-15,7,159,3.9226,7.46,7.46,0.0
2025-09-15,7,160,9.1296,9.0,9.0,0.0
