id,name,contact_name,contact_phone
201,Fresh Fields Produce,Maria Lopez,412-555-0101
202,Keystone Dairy,Tom Becker,717-555-0102
203,Allegheny Bakery,Ann Novak,412-555-0103
204,Laurel Highlands Meats,Raj Patel,724-555-0104
205,Great Lakes Seafood,Lena Fischer,216-555-0105
206,Three Rivers Beverages,Sam Carter,412-555-0106
207,Heartland Pantry,Joy Kim,614-555-0107
208,Sunrise Frozen Foods,Omar Haddad,330-555-0108
209,CleanHome Supplies,Eve Walsh,814-555-0109
210,EcoRefill Co.,Noah Green,412-555-0110
211,Ohio Valley Farms,Ruth Miller,740-555-0111
212,Blue Ridge Grocery Supply,Ken Ito,540-555-0112
